//_____________________________________________________________________________
//
// Copyright (C) 2018                   Mobsya                   CH-1020 Renens
//_____________________________________________________________________________
//
// PROJECT   Thymio-III
//_____________________________________________________________________________
//
//! \file    audio_file.h
//! \brief   This module provides the audio file
//!
//! \author  Vincent Gonet
//!
//! \version $Id: audio_file.h 18076 2017-04-20 12:28:12Z v.gonet $
//_____________________________________________________________________________

#ifndef AUDIO_FILE_H_
#define AUDIO_FILE_H_

//-----------------------------------------------------------------------------
// Include Section
//-----------------------------------------------------------------------------

#include <stdio.h>

//-----------------------------------------------------------------------------
// Constants/Macros Definitions
//-----------------------------------------------------------------------------

#include <stdio.h>
const unsigned char audio_table[] = {
0x80, 0x87, 0x8f, 0x97, 0x9f, 0xa7, 0xae, 0xb6, 0xbd, 0xc4, 0xca, 0xd1, 0xd7, 0xdc, 0xe2, 0xe7,
0xeb, 0xef, 0xf3, 0xf6, 0xf9, 0xfb, 0xfd, 0xfe, 0xff, 0xff, 0xff, 0xfe, 0xfd, 0xfb, 0xf9, 0xf6,
0xf3, 0xf0, 0xeb, 0xe7, 0xe2, 0xdd, 0xd7, 0xd1, 0xcb, 0xc4, 0xbe, 0xb6, 0xaf, 0xa8, 0xa0, 0x98,
0x90, 0x88, 0x80, 0x77, 0x6f, 0x68, 0x60, 0x58, 0x51, 0x49, 0x42, 0x3b, 0x34, 0x2e, 0x28, 0x22,
0x1d, 0x18, 0x13, 0xf, 0xc, 0x8, 0x6, 0x3, 0x2, 0x0, 0xff, 0xff, 0xff, 0x0, 0x1, 0x3,
0x5, 0x7, 0xb, 0xe, 0x12, 0x16, 0x1b, 0x20, 0x26, 0x2c, 0x32, 0x39, 0x40, 0x47, 0x4e, 0x55,
0x5d, 0x65, 0x6d, 0x75, 0x7d, 0x86, 0x8e, 0x96, 0x9d, 0xa5, 0xad, 0xb4, 0xbb, 0xc2, 0xc9, 0xcf,
0xd5, 0xdb, 0xe0, 0xe5, 0xea, 0xee, 0xf2, 0xf5, 0xf8, 0xfa, 0xfc, 0xfe, 0xff, 0xff, 0xff, 0xfe,
0xfd, 0xfc, 0xf9, 0xf7, 0xf4, 0xf0, 0xec, 0xe8, 0xe3, 0xde, 0xd9, 0xd3, 0xcc, 0xc6, 0xbf, 0xb8,
0xb1, 0xa9, 0xa2, 0x9a, 0x92, 0x8a, 0x82, 0x79, 0x71, 0x69, 0x62, 0x5a, 0x52, 0x4b, 0x44, 0x3d,
0x36, 0x30, 0x29, 0x24, 0x1e, 0x19, 0x15, 0x10, 0xc, 0x9, 0x6, 0x4, 0x2, 0x0, 0xff, 0xff,
0xff, 0x0, 0x1, 0x2, 0x4, 0x7, 0xa, 0xd, 0x11, 0x15, 0x1a, 0x1f, 0x25, 0x2b, 0x31, 0x37,
0x3e, 0x45, 0x4c, 0x54, 0x5b, 0x63, 0x6b, 0x73, 0x7b, 0x84, 0x8c, 0x94, 0x9c, 0xa3, 0xab, 0xb2,
0xba, 0xc1, 0xc7, 0xce, 0xd4, 0xda, 0xdf, 0xe4, 0xe9, 0xed, 0xf1, 0xf5, 0xf7, 0xfa, 0xfc, 0xfd,
0xfe, 0xff, 0xff, 0xfe, 0xfd, 0xfc, 0xfa, 0xf8, 0xf5, 0xf1, 0xed, 0xe9, 0xe4, 0xdf, 0xda, 0xd4,
0xce, 0xc7, 0xc1, 0xba, 0xb3, 0xab, 0xa4, 0x9c, 0x94, 0x8c, 0x84, 0x7b, 0x73, 0x6b, 0x63, 0x5c,
0x54, 0x4c, 0x45, 0x3e, 0x37, 0x31, 0x2b, 0x25, 0x1f, 0x1a, 0x16, 0x11, 0xd, 0xa, 0x7, 0x4,
0x2, 0x1, 0x0, 0xff, 0xff, 0xff, 0x0, 0x2, 0x4, 0x6, 0x9, 0xc, 0x10, 0x14, 0x19, 0x1e,
0x23, 0x29, 0x2f, 0x36, 0x3c, 0x43, 0x4b, 0x52, 0x5a, 0x61, 0x69, 0x71, 0x79, 0x82, 0x8a, 0x92,
0x9a, 0xa2, 0xa9, 0xb1, 0xb8, 0xbf, 0xc6, 0xcc, 0xd3, 0xd8, 0xde, 0xe3, 0xe8, 0xec, 0xf0, 0xf4,
0xf7, 0xf9, 0xfc, 0xfd, 0xfe, 0xff, 0xff, 0xff, 0xfe, 0xfc, 0xfa, 0xf8, 0xf5, 0xf2, 0xee, 0xea,
0xe6, 0xe1, 0xdb, 0xd5, 0xcf, 0xc9, 0xc2, 0xbb, 0xb4, 0xad, 0xa5, 0x9e, 0x96, 0x8e, 0x86, 0x7d,
0x75, 0x6d, 0x65, 0x5d, 0x56, 0x4e, 0x47, 0x40, 0x39, 0x32, 0x2c, 0x26, 0x21, 0x1b, 0x17, 0x12,
0xe, 0xb, 0x7, 0x5, 0x3, 0x1, 0x0, 0xff, 0xff, 0xff, 0x0, 0x1, 0x3, 0x6, 0x8, 0xc,
0xf, 0x13, 0x18, 0x1d, 0x22, 0x28, 0x2e, 0x34, 0x3b, 0x42, 0x49, 0x50, 0x58, 0x60, 0x67, 0x6f,
0x77, 0x80, 0x88, 0x90, 0x98, 0xa0, 0xa7, 0xaf, 0xb6, 0xbd, 0xc4, 0xcb, 0xd1, 0xd7, 0xdd, 0xe2,
0xe7, 0xeb, 0xef, 0xf3, 0xf6, 0xf9, 0xfb, 0xfd, 0xfe, 0xff, 0xff, 0xff, 0xfe, 0xfd, 0xfb, 0xf9,
0xf6, 0xf3, 0xef, 0xeb, 0xe7, 0xe2, 0xdc, 0xd7, 0xd1, 0xca, 0xc4, 0xbd, 0xb6, 0xaf, 0xa7, 0x9f,
0x98, 0x90, 0x88, 0x80, 0x77, 0x6f, 0x67, 0x5f, 0x57, 0x50, 0x48, 0x41, 0x3a, 0x34, 0x2e, 0x28,
0x22, 0x1d, 0x18, 0x13, 0xf, 0xb, 0x8, 0x5, 0x3, 0x1, 0x0, 0xff, 0xff, 0xff, 0x0, 0x1,
0x3, 0x5, 0x8, 0xb, 0xe, 0x12, 0x17, 0x1c, 0x21, 0x27, 0x2d, 0x33, 0x39, 0x40, 0x47, 0x4f,
0x56, 0x5e, 0x66, 0x6d, 0x75, 0x7d, 0x86, 0x8e, 0x96, 0x9e, 0xa6, 0xad, 0xb5, 0xbc, 0xc3, 0xc9,
0xd0, 0xd6, 0xdc, 0xe1, 0xe6, 0xea, 0xef, 0xf2, 0xf6, 0xf8, 0xfb, 0xfc, 0xfe, 0xff, 0xff, 0xff,
0xfe, 0xfd, 0xfb, 0xf9, 0xf7, 0xf4, 0xf0, 0xec, 0xe8, 0xe3, 0xde, 0xd8, 0xd2, 0xcc, 0xc5, 0xbf,
0xb7, 0xb0, 0xa9, 0xa1, 0x99, 0x91, 0x89, 0x81, 0x79, 0x71, 0x69, 0x61, 0x59, 0x52, 0x4a, 0x43,
0x3c, 0x35, 0x2f, 0x29, 0x23, 0x1e, 0x19, 0x14, 0x10, 0xc, 0x9, 0x6, 0x4, 0x2, 0x0, 0xff,
0xff, 0xff, 0x0, 0x1, 0x2, 0x4, 0x7, 0xa, 0xe, 0x11, 0x16, 0x1b, 0x20, 0x25, 0x2b, 0x31,
0x38, 0x3f, 0x46, 0x4d, 0x54, 0x5c, 0x64, 0x6c, 0x74, 0x7c, 0x85, 0x8d, 0x94, 0x9c, 0xa4, 0xac,
0xb3, 0xba, 0xc1, 0xc8, 0xce, 0xd4, 0xda, 0xe0, 0xe5, 0xe9, 0xee, 0xf1, 0xf5, 0xf8, 0xfa, 0xfc,
0xfe, 0xfe, 0xff, 0xff, 0xfe, 0xfd, 0xfc, 0xfa, 0xf7, 0xf4, 0xf1, 0xed, 0xe9, 0xe4, 0xdf, 0xd9,
0xd4, 0xcd, 0xc7, 0xc0, 0xb9, 0xb2, 0xaa, 0xa3, 0x9b, 0x93, 0x8b, 0x83, 0x7a, 0x72, 0x6a, 0x63,
0x5b, 0x53, 0x4c, 0x45, 0x3e, 0x37, 0x30, 0x2a, 0x24, 0x1f, 0x1a, 0x15, 0x11, 0xd, 0xa, 0x7,
0x4, 0x2, 0x1, 0x0, 0xff, 0xff, 0x0, 0x1, 0x2, 0x4, 0x6, 0x9, 0xd, 0x11, 0x15, 0x19,
0x1f, 0x24, 0x2a, 0x30, 0x36, 0x3d, 0x44, 0x4b, 0x53, 0x5a, 0x62, 0x6a, 0x72, 0x7a, 0x83, 0x8b,
0x93, 0x9b, 0xa2, 0xaa, 0xb1, 0xb9, 0xc0, 0xc6, 0xcd, 0xd3, 0xd9, 0xdf, 0xe4, 0xe8, 0xed, 0xf1,
0xf4, 0xf7, 0xfa, 0xfc, 0xfd, 0xfe, 0xff, 0xff, 0xff, 0xfe, 0xfc, 0xfa, 0xf8, 0xf5, 0xf2, 0xee,
0xea, 0xe5, 0xe0, 0xdb, 0xd5, 0xcf, 0xc8, 0xc2, 0xbb, 0xb4, 0xac, 0xa5, 0x9d, 0x95, 0x8d, 0x85,
0x7c, 0x74, 0x6c, 0x64, 0x5d, 0x55, 0x4d, 0x46, 0x3f, 0x38, 0x32, 0x2c, 0x26, 0x20, 0x1b, 0x16,
0x12, 0xe, 0xa, 0x7, 0x5, 0x3, 0x1, 0x0, 0xff, 0xff, 0xff, 0x0, 0x2, 0x3, 0x6, 0x9,
0xc, 0x10, 0x14, 0x18, 0x1d, 0x23, 0x28, 0x2f, 0x35, 0x3c, 0x43, 0x4a, 0x51, 0x59, 0x60, 0x68,
0x70, 0x78, 0x81, 0x89, 0x91, 0x99, 0xa1, 0xa8, 0xb0, 0xb7, 0xbe, 0xc5, 0xcb, 0xd2, 0xd8, 0xdd,
0xe3, 0xe7, 0xec, 0xf0, 0xf3, 0xf6, 0xf9, 0xfb, 0xfd, 0xfe, 0xff, 0xff, 0xff, 0xfe, 0xfd, 0xfb,
0xf8, 0xf6, 0xf3, 0xef, 0xeb, 0xe6, 0xe1, 0xdc, 0xd6, 0xd0, 0xca, 0xc3, 0xbc, 0xb5, 0xae, 0xa6,
0x9f, 0x97, 0x8f, 0x87, 0x7e, 0x76, 0x6e, 0x66, 0x5e, 0x57, 0x4f, 0x48, 0x41, 0x3a, 0x33, 0x2d,
0x27, 0x21, 0x1c, 0x17, 0x13, 0xf, 0xb, 0x8, 0x5, 0x3, 0x1, 0x0, 0xff, 0xff, 0xff, 0x0,
0x1, 0x3, 0x5, 0x8, 0xb, 0xf, 0x13, 0x17, 0x1c, 0x21, 0x27, 0x2d, 0x33, 0x3a, 0x41, 0x48,
0x4f, 0x57, 0x5f, 0x66, 0x6e, 0x76, 0x7e, 0x87, 0x8f, 0x97, 0x9f, 0xa6, 0xae, 0xb5, 0xbc, 0xc3,
0xca, 0xd0, 0xd6, 0xdc, 0xe1, 0xe6, 0xeb, 0xef, 0xf3, 0xf6, 0xf9, 0xfb, 0xfd, 0xfe, 0xff, 0xff,
0xff, 0xfe, 0xfd, 0xfb, 0xf9, 0xf6, 0xf3, 0xf0, 0xec, 0xe7, 0xe2, 0xdd, 0xd8, 0xd2, 0xcb, 0xc5,
0xbe, 0xb7, 0xb0, 0xa8, 0xa0, 0x99, 0x91, 0x89, 0x81, 0x78, 0x70, 0x68, 0x60, 0x58, 0x51, 0x4a,
0x42, 0x3b, 0x35, 0x2e, 0x28, 0x23, 0x1d, 0x18, 0x14, 0x10, 0xc, 0x9, 0x6, 0x3, 0x2, 0x0,
0xff, 0xff, 0xff, 0x0, 0x1, 0x3, 0x5, 0x7, 0xa, 0xe, 0x12, 0x16, 0x1b, 0x20, 0x26, 0x2c,
0x32, 0x39, 0x3f, 0x46, 0x4e, 0x55, 0x5d, 0x65, 0x6c, 0x74, 0x7c, 0x85, 0x8d, 0x95, 0x9d, 0xa5,
0xac, 0xb4, 0xbb, 0xc2, 0xc9, 0xcf, 0xd5, 0xdb, 0xe0, 0xe5, 0xea, 0xee, 0xf2, 0xf5, 0xf8, 0xfa,
0xfc, 0xfe, 0xff, 0xff, 0xff, 0xfe, 0xfd, 0xfc, 0xfa, 0xf7, 0xf4, 0xf1, 0xed, 0xe8, 0xe4, 0xde,
0xd9, 0xd3, 0xcd, 0xc6, 0xbf, 0xb8, 0xb1, 0xaa, 0xa2, 0x9a, 0x93, 0x8b, 0x83, 0x7a, 0x72, 0x6a,
0x62, 0x5a, 0x53, 0x4b, 0x44, 0x3d, 0x36, 0x30, 0x2a, 0x24, 0x1e, 0x19, 0x15, 0x10, 0xd, 0x9,
0x6, 0x4, 0x2, 0x0, 0x0, 0xff, 0xff, 0x0, 0x1, 0x2, 0x4, 0x7, 0xa, 0xd, 0x11, 0x15,
0x1a, 0x1f, 0x25, 0x2a, 0x31, 0x37, 0x3e, 0x45, 0x4c, 0x53, 0x5b, 0x63, 0x6b, 0x73, 0x7b, 0x83,
0x8b, 0x93, 0x9b, 0xa3, 0xab, 0xb2, 0xb9, 0xc0, 0xc7, 0xce, 0xd4, 0xd9, 0xdf, 0xe4, 0xe9, 0xed,
0xf1, 0xf4, 0xf7, 0xfa, 0xfc, 0xfd, 0xfe, 0xff, 0xff, 0xfe, 0xfe, 0xfc, 0xfa, 0xf8, 0xf5, 0xf1,
0xee, 0xe9, 0xe5, 0xe0, 0xda, 0xd4, 0xce, 0xc8, 0xc1, 0xba, 0xb3, 0xab, 0xa4, 0x9c, 0x94, 0x8c,
0x84, 0x7b, 0x73, 0x6b, 0x64, 0x5c, 0x54, 0x4d, 0x46, 0x3f, 0x38, 0x31, 0x2b, 0x25, 0x20, 0x1a,
0x16, 0x11, 0xd, 0xa, 0x7, 0x4, 0x2, 0x1, 0x0, 0xff, 0xff, 0xff, 0x0, 0x2, 0x4, 0x6,
0x9, 0xc, 0x10, 0x14, 0x19, 0x1e, 0x23, 0x29, 0x2f, 0x35, 0x3c, 0x43, 0x4a, 0x52, 0x59, 0x61,
0x69, 0x71, 0x79, 0x82, 0x8a, 0x92, 0x99, 0xa1, 0xa9, 0xb0, 0xb8, 0xbf, 0xc6, 0xcc, 0xd2, 0xd8,
0xde, 0xe3, 0xe8, 0xec, 0xf0, 0xf4, 0xf7, 0xf9, 0xfb, 0xfd, 0xfe, 0xff, 0xff, 0xff, 0xfe, 0xfc,
0xfb, 0xf8, 0xf5, 0xf2, 0xee, 0xea, 0xe6, 0xe1, 0xdb, 0xd6, 0xd0, 0xc9, 0xc3, 0xbc, 0xb5, 0xad,
0xa6, 0x9e, 0x96, 0x8e, 0x86, 0x7d, 0x75, 0x6d, 0x65, 0x5e, 0x56, 0x4e, 0x47, 0x40, 0x39, 0x33,
0x2c, 0x26, 0x21, 0x1c, 0x17, 0x12, 0xe, 0xb, 0x8, 0x5, 0x3, 0x1, 0x0, 0xff, 0xff, 0xff,
0x0, 0x1, 0x3, 0x5, 0x8, 0xb, 0xf, 0x13, 0x18, 0x1d, 0x22, 0x28, 0x2e, 0x34, 0x3b, 0x42,
0x49, 0x50, 0x58, 0x5f, 0x67, 0x6f, 0x77, 0x80, 0x88, 0x90, 0x98, 0x9f, 0xa7, 0xaf, 0xb6, 0xbd,
0xc4, 0xcb, 0xd1, 0xd7, 0xdd, 0xe2, 0xe7, 0xeb, 0xef, 0xf3, 0xf6, 0xf9, 0xfb, 0xfd, 0xfe, 0xff,
0xff, 0xff, 0xfe, 0xfd, 0xfb, 0xf9, 0xf6, 0xf3, 0xef, 0xeb, 0xe7, 0xe2, 0xdd, 0xd7, 0xd1, 0xcb,
0xc4, 0xbd, 0xb6, 0xaf, 0xa7, 0xa0, 0x98, 0x90, 0x88, 0x80, 0x77, 0x6f, 0x67, 0x5f, 0x58, 0x50,
0x49, 0x42, 0x3b, 0x34, 0x2e, 0x28, 0x22, 0x1d, 0x18, 0x13, 0xf, 0xc, 0x8, 0x6, 0x3, 0x1,
0x0, 0xff, 0xff, 0xff, 0x0, 0x1, 0x3, 0x5, 0x8, 0xb, 0xe, 0x12, 0x17, 0x1b, 0x21, 0x26,
0x2c, 0x33, 0x39, 0x40, 0x47, 0x4e, 0x56, 0x5d, 0x65, 0x6d, 0x75, 0x7d, 0x86, 0x8e, 0x96, 0x9e,
0xa5, 0xad, 0xb4, 0xbc, 0xc2, 0xc9, 0xcf, 0xd6, 0xdb, 0xe1, 0xe6, 0xea, 0xee, 0xf2, 0xf5, 0xf8,
0xfb, 0xfc, 0xfe, 0xff, 0xff, 0xff, 0xfe, 0xfd, 0xfb, 0xf9, 0xf7, 0xf4, 0xf0, 0xec, 0xe8, 0xe3,
0xde, 0xd8, 0xd2, 0xcc, 0xc6, 0xbf, 0xb8, 0xb1, 0xa9, 0xa1, 0x9a, 0x92, 0x8a, 0x82, 0x79, 0x71,
0x69, 0x61, 0x59, 0x52, 0x4a, 0x43, 0x3c, 0x36, 0x2f, 0x29, 0x23, 0x1e, 0x19, 0x14, 0x10, 0xc,
0x9, 0x6, 0x4, 0x2, 0x0, 0xff, 0xff, 0xff, 0x0, 0x1, 0x2, 0x4, 0x7, 0xa, 0xd, 0x11,
0x16, 0x1a, 0x20, 0x25, 0x2b, 0x31, 0x38, 0x3e, 0x45, 0x4d, 0x54, 0x5c, 0x63, 0x6b, 0x73, 0x7b,
0x84, 0x8c, 0x94, 0x9c, 0xa4, 0xab, 0xb3, 0xba, 0xc1, 0xc8, 0xce, 0xd4, 0xda, 0xdf, 0xe5, 0xe9,
0xed, 0xf1, 0xf5, 0xf8, 0xfa, 0xfc, 0xfd, 0xfe, 0xff, 0xff, 0xfe, 0xfd, 0xfc, 0xfa, 0xf7, 0xf4,
0xf1, 0xed, 0xe9, 0xe4, 0xdf, 0xda, 0xd4, 0xce, 0xc7, 0xc0, 0xb9, 0xb2, 0xab, 0xa3, 0x9b, 0x94,
0x8c, 0x84, 0x7b, 0x73, 0x6b, 0x63, 0x5b, 0x54, 0x4c, 0x45, 0x3e, 0x37, 0x31, 0x2a, 0x25, 0x1f,
0x1a, 0x15, 0x11, 0xd, 0xa, 0x7, 0x4, 0x2, 0x1, 0x0, 0xff, 0xff, 0x0, 0x0, 0x2, 0x4,
0x6, 0x9, 0xd, 0x10, 0x15, 0x19, 0x1e, 0x24, 0x2a, 0x30, 0x36, 0x3d, 0x44, 0x4b, 0x52, 0x5a,
0x62, 0x6a, 0x71, 0x79, 0x82, 0x8a, 0x92, 0x9a, 0xa2, 0xaa, 0xb1, 0xb8, 0xbf, 0xc6, 0xcd, 0xd3,
0xd9, 0xde, 0xe3, 0xe8, 0xed, 0xf0, 0xf4, 0xf7, 0xfa, 0xfc, 0xfd, 0xfe, 0xff, 0xff, 0xff, 0xfe,
0xfc, 0xfa, 0xf8, 0xf5, 0xf2, 0xee, 0xea, 0xe5, 0xe0, 0xdb, 0xd5, 0xcf, 0xc9, 0xc2, 0xbb, 0xb4,
0xac, 0xa5, 0x9d, 0x95, 0x8d, 0x85, 0x7d, 0x75, 0x6d, 0x65, 0x5d, 0x55, 0x4e, 0x47, 0x3f, 0x39,
0x32, 0x2c, 0x26, 0x20, 0x1b, 0x16, 0x12, 0xe, 0xa, 0x7, 0x5, 0x3, 0x1, 0x0, 0xff, 0xff,
0xff, 0x0, 0x2, 0x3, 0x6, 0x8, 0xc, 0xf, 0x14, 0x18, 0x1d, 0x22, 0x28, 0x2e, 0x35, 0x3b,
0x42, 0x49, 0x51, 0x58, 0x60, 0x68, 0x70, 0x78, 0x81, 0x89, 0x91, 0x98, 0xa0, 0xa8, 0xaf, 0xb7,
0xbe, 0xc5, 0xcb, 0xd1, 0xd7, 0xdd, 0xe2, 0xe7, 0xec, 0xf0, 0xf3, 0xf6, 0xf9, 0xfb, 0xfd, 0xfe,
0xff, 0xff, 0xff, 0xfe, 0xfd, 0xfb, 0xf9, 0xf6, 0xf3, 0xef, 0xeb, 0xe6, 0xe1, 0xdc, 0xd6, 0xd0,
0xca, 0xc4, 0xbd, 0xb6, 0xae, 0xa7, 0x9f, 0x97, 0x8f, 0x87, 0x7e, 0x76, 0x6e, 0x66, 0x5f, 0x57,
0x50, 0x48, 0x41, 0x3a, 0x34, 0x2d, 0x27, 0x22, 0x1c, 0x17, 0x13, 0xf, 0xb, 0x8, 0x5, 0x3,
0x1, 0x0, 0xff, 0xff, 0xff, 0x0, 0x1, 0x3, 0x5, 0x8, 0xb, 0xf, 0x13, 0x17, 0x1c, 0x21,
0x27, 0x2d, 0x33, 0x3a, 0x41, 0x48, 0x4f, 0x57, 0x5e, 0x66, 0x6e, 0x76, 0x7e, 0x87, 0x8f, 0x97,
0x9e, 0xa6, 0xae, 0xb5, 0xbc, 0xc3, 0xca, 0xd0, 0xd6, 0xdc, 0xe1, 0xe6, 0xeb, 0xef, 0xf2, 0xf6,
0xf8, 0xfb, 0xfd, 0xfe, 0xff, 0xff, 0xff, 0xfe, 0xfd, 0xfb, 0xf9, 0xf7, 0xf3, 0xf0, 0xec, 0xe7,
0xe3, 0xdd, 0xd8, 0xd2, 0xcc, 0xc5, 0xbe, 0xb7, 0xb0, 0xa8, 0xa1, 0x99, 0x91, 0x89, 0x81, 0x78,
0x70, 0x68, 0x60, 0x59, 0x51, 0x4a, 0x43, 0x3c, 0x35, 0x2f, 0x29, 0x23, 0x1d, 0x18, 0x14, 0x10,
0xc, 0x9, 0x6, 0x4, 0x2, 0x0, 0xff, 0xff, 0xff, 0x0, 0x1, 0x2, 0x5, 0x7, 0xa, 0xe,
0x12, 0x16, 0x1b, 0x20, 0x26, 0x2b, 0x32, 0x38, 0x3f, 0x46, 0x4d, 0x55, 0x5c, 0x64, 0x6c, 0x74,
0x7c, 0x85, 0x8d, 0x95, 0x9d, 0xa4, 0xac, 0xb3, 0xbb, 0xc2, 0xc8, 0xcf, 0xd5, 0xdb, 0xe0, 0xe5,
0xea, 0xee, 0xf2, 0xf5, 0xf8, 0xfa, 0xfc, 0xfe, 0xff, 0xff, 0xff, 0xfe, 0xfd, 0xfc, 0xfa, 0xf7,
0xf4, 0xf1, 0xed, 0xe8, 0xe4, 0xdf, 0xd9, 0xd3, 0xcd, 0xc7, 0xc0, 0xb9, 0xb2, 0xaa, 0xa2, 0x9b,
0x93, 0x8b, 0x83, 0x7a, 0x72, 0x6a, 0x62, 0x5a, 0x53, 0x4b, 0x44, 0x3d, 0x37, 0x30, 0x2a, 0x24,
0x1f, 0x1a, 0x15, 0x11, 0xd, 0x9, 0x6, 0x4, 0x2, 0x1, 0x0, 0xff, 0xff, 0x0, 0x1, 0x2,
0x4, 0x7, 0x9, 0xd, 0x11, 0x15, 0x1a, 0x1f, 0x24, 0x2a, 0x30, 0x37, 0x3d, 0x44, 0x4c, 0x53,
0x5b, 0x62, 0x6a, 0x72, 0x7a, 0x83, 0x8b, 0x93, 0x9b, 0xa3, 0xaa, 0xb2, 0xb9, 0xc0, 0xc7, 0xcd,
0xd3, 0xd9, 0xdf, 0xe4, 0xe9, 0xed, 0xf1, 0xf4, 0xf7, 0xfa, 0xfc, 0xfd, 0xfe, 0xff, 0xff, 0xff,
0xfe, 0xfc, 0xfa, 0xf8, 0xf5, 0xf2, 0xee, 0xea, 0xe5, 0xe0, 0xda, 0xd5, 0xcf, 0xc8, 0xc1, 0xba,
0xb3, 0xac, 0xa4, 0x9d, 0x95, 0x8d, 0x85, 0x7c, 0x74, 0x6c, 0x64, 0x5c, 0x55, 0x4d, 0x46, 0x3f,
0x38, 0x32, 0x2b, 0x25, 0x20, 0x1b, 0x16, 0x12, 0xe, 0xa, 0x7, 0x5, 0x2, 0x1, 0x0, 0xff,
0xff, 0xff, 0x0, 0x2, 0x4, 0x6, 0x9, 0xc, 0x10, 0x14, 0x19, 0x1e, 0x23, 0x29, 0x2f, 0x35,
0x3c, 0x43, 0x4a, 0x51, 0x59, 0x61, 0x68, 0x70, 0x78, 0x81, 0x89, 0x91, 0x99, 0xa1, 0xa9, 0xb0,
0xb7, 0xbe, 0xc5, 0xcc, 0xd2, 0xd8, 0xde, 0xe3, 0xe8, 0xec, 0xf0, 0xf4, 0xf7, 0xf9, 0xfb, 0xfd,
0xfe, 0xff, 0xff, 0xff, 0xfe, 0xfc, 0xfb, 0xf8, 0xf6, 0xf2, 0xef, 0xeb, 0xe6, 0xe1, 0xdc, 0xd6,
0xd0, 0xca, 0xc3, 0xbc, 0xb5, 0xad, 0xa6, 0x9e, 0x96, 0x8f, 0x87, 0x7e, 0x76, 0x6e, 0x66, 0x5e,
0x56, 0x4f, 0x48, 0x40, 0x3a, 0x33, 0x2d, 0x27, 0x21, 0x1c, 0x17, 0x13, 0xe, 0xb, 0x8, 0x5,
0x3, 0x1, 0x0, 0xff, 0xff, 0xff, 0x0, 0x1, 0x3, 0x5, 0x8, 0xb, 0xf, 0x13, 0x18, 0x1c,
0x22, 0x27, 0x2d, 0x34, 0x3a, 0x41, 0x48, 0x50, 0x57, 0x5f, 0x67, 0x6f, 0x77, 0x80, 0x87, 0x8f,
0x97, 0x9f, 0xa7, 0xae, 0xb6, 0xbd, 0xc4, 0xca, 0xd1, 0xd7, 0xdc, 0xe2, 0xe6, 0xeb, 0xef, 0xf3,
0xf6, 0xf9, 0xfb, 0xfd, 0xfe, 0xff, 0xff, 0xff, 0xfe, 0xfd, 0xfb, 0xf9, 0xf6, 0xf3, 0xf0, 0xeb,
0xe7, 0xe2, 0xdd, 0xd7, 0xd1, 0xcb, 0xc4, 0xbe, 0xb7, 0xaf, 0xa8, 0xa0, 0x98, 0x90, 0x88, 0x80,
0x77, 0x6f, 0x68, 0x60, 0x58, 0x51, 0x49, 0x42, 0x3b, 0x34, 0x2e, 0x28, 0x22, 0x1d, 0x18, 0x13,
0xf, 0xc, 0x8, 0x6, 0x3, 0x1, 0x0, 0xff, 0xff, 0xff, 0x0, 0x1, 0x3, 0x5, 0x7, 0xb,
0xe, 0x12, 0x16, 0x1b, 0x20, 0x26, 0x2c, 0x32, 0x39, 0x40, 0x47, 0x4e, 0x55, 0x5d, 0x65, 0x6d,
0x75, 0x7d, 0x86, 0x8e, 0x96, 0x9d, 0xa5, 0xad, 0xb4, 0xbb, 0xc2, 0xc9, 0xcf, 0xd5, 0xdb, 0xe0,
0xe5, 0xea, 0xee, 0xf2, 0xf5, 0xf8, 0xfa, 0xfc, 0xfe, 0xff, 0xff, 0xff, 0xfe, 0xfd, 0xfc, 0xf9,
0xf7, 0xf4, 0xf0, 0xec, 0xe8, 0xe3, 0xde, 0xd9, 0xd3, 0xcc, 0xc6, 0xbf, 0xb8, 0xb1, 0xa9, 0xa2,
0x9a, 0x92, 0x8a, 0x82, 0x79, 0x71, 0x69, 0x62, 0x5a, 0x52, 0x4b, 0x44, 0x3d, 0x36, 0x2f, 0x29,
0x24, 0x1e, 0x19, 0x15, 0x10, 0xc, 0x9, 0x6, 0x4, 0x2, 0x0, 0xff, 0xff, 0xff, 0x0, 0x1,
0x2, 0x4, 0x7, 0xa, 0xd, 0x11, 0x15, 0x1a, 0x1f, 0x25, 0x2b, 0x31, 0x37, 0x3e, 0x45, 0x4c,
0x54, 0x5b, 0x63, 0x6b, 0x73, 0x7b, 0x84, 0x8c, 0x94, 0x9c, 0xa3, 0xab, 0xb2, 0xba, 0xc1, 0xc7,
0xce, 0xd4, 0xda, 0xdf, 0xe4, 0xe9, 0xed, 0xf1, 0xf5, 0xf7, 0xfa, 0xfc, 0xfd, 0xfe, 0xff, 0xff,
0xfe, 0xfd, 0xfc, 0xfa, 0xf8, 0xf5, 0xf1, 0xed, 0xe9, 0xe4, 0xdf, 0xda, 0xd4, 0xce, 0xc7, 0xc1,
0xba, 0xb3, 0xab, 0xa4, 0x9c, 0x94, 0x8c, 0x84, 0x7b, 0x73, 0x6b, 0x63, 0x5c, 0x54, 0x4c, 0x45,
0x3e, 0x37, 0x31, 0x2b, 0x25, 0x1f, 0x1a, 0x16, 0x11, 0xd, 0xa, 0x7, 0x4, 0x2, 0x1, 0x0,
0xff, 0xff, 0xff, 0x0, 0x2, 0x4, 0x6, 0x9, 0xc, 0x10, 0x14, 0x19, 0x1e, 0x23, 0x29, 0x2f,
0x36, 0x3c, 0x43, 0x4b, 0x52, 0x5a, 0x61, 0x69, 0x71, 0x79, 0x82, 0x8a, 0x92, 0x9a, 0xa2, 0xa9,
0xb1, 0xb8, 0xbf, 0xc6, 0xcc, 0xd3, 0xd8, 0xde, 0xe3, 0xe8, 0xec, 0xf0, 0xf4, 0xf7, 0xf9, 0xfc,
0xfd, 0xfe, 0xff, 0xff, 0xff, 0xfe, 0xfc, 0xfa, 0xf8, 0xf5, 0xf2, 0xee, 0xea, 0xe6, 0xe1, 0xdb,
0xd5, 0xcf, 0xc9, 0xc2, 0xbb, 0xb4, 0xad, 0xa5, 0x9e, 0x96, 0x8e, 0x86, 0x7d, 0x75, 0x6d, 0x65,
0x5d, 0x56, 0x4e, 0x47, 0x40, 0x39, 0x32, 0x2c, 0x26, 0x21, 0x1b, 0x17, 0x12, 0xe, 0xb, 0x7,
0x5, 0x3, 0x1, 0x0, 0xff, 0xff, 0xff, 0x0, 0x1, 0x3, 0x6, 0x8, 0xc, 0xf, 0x13, 0x18,
0x1d, 0x22, 0x28, 0x2e, 0x34, 0x3b, 0x42, 0x49, 0x50, 0x58, 0x60, 0x67, 0x6f, 0x77, 0x80, 0x88,
0x90, 0x98, 0xa0, 0xa8, 0xaf, 0xb6, 0xbd, 0xc4, 0xcb, 0xd1, 0xd7, 0xdd, 0xe2, 0xe7, 0xeb, 0xef,
0xf3, 0xf6, 0xf9, 0xfb, 0xfd, 0xfe, 0xff, 0xff, 0xff, 0xfe, 0xfd, 0xfb, 0xf9, 0xf6, 0xf3, 0xef,
0xeb, 0xe7, 0xe2, 0xdc, 0xd7, 0xd1, 0xca, 0xc4, 0xbd, 0xb6, 0xae, 0xa7, 0x9f, 0x98, 0x90, 0x88,
0x80, 0x77, 0x6f, 0x67, 0x5f, 0x57, 0x50, 0x49, 0x41, 0x3a, 0x34, 0x2e, 0x28, 0x22, 0x1d, 0x18,
0x13, 0xf, 0xb, 0x8, 0x5, 0x3, 0x1, 0x0, 0xff, 0xff, 0xff, 0x0, 0x1, 0x3, 0x5, 0x8,
0xb, 0xe, 0x12, 0x17, 0x1c, 0x21, 0x27, 0x2d, 0x33, 0x39, 0x40, 0x47, 0x4f, 0x56, 0x5e, 0x66,
0x6d, 0x75, 0x7d, 0x86, 0x8e, 0x96, 0x9e, 0xa6, 0xad, 0xb5, 0xbc, 0xc3, 0xc9, 0xd0, 0xd6, 0xdc,
0xe1, 0xe6, 0xea, 0xef, 0xf2, 0xf6, 0xf8, 0xfb, 0xfc, 0xfe, 0xff, 0xff, 0xff, 0xfe, 0xfd, 0xfb,
0xf9, 0xf7, 0xf4, 0xf0, 0xec, 0xe8, 0xe3, 0xde, 0xd8, 0xd2, 0xcc, 0xc5, 0xbf, 0xb7, 0xb0, 0xa9,
0xa1, 0x99, 0x91, 0x89, 0x82, 0x79, 0x71, 0x69, 0x61, 0x59, 0x52, 0x4a, 0x43, 0x3c, 0x35, 0x2f,
0x29, 0x23, 0x1e, 0x19, 0x14, 0x10, 0xc, 0x9, 0x6, 0x4, 0x2, 0x0, 0xff, 0xff, 0xff, 0x0,
0x1, 0x2, 0x4, 0x7, 0xa, 0xe, 0x11, 0x16, 0x1b, 0x20, 0x25, 0x2b, 0x31, 0x38, 0x3f, 0x46,
0x4d, 0x54, 0x5c, 0x64, 0x6c, 0x74, 0x7c, 0x85, 0x8d, 0x94, 0x9c, 0xa4, 0xac, 0xb3, 0xba, 0xc1,
0xc8, 0xce, 0xd4, 0xda, 0xe0, 0xe5, 0xe9, 0xee, 0xf1, 0xf5, 0xf8, 0xfa, 0xfc, 0xfe, 0xff, 0xff,
0xff, 0xfe, 0xfd, 0xfc, 0xfa, 0xf7, 0xf4, 0xf1, 0xed, 0xe9, 0xe4, 0xdf, 0xd9, 0xd4, 0xcd, 0xc7,
0xc0, 0xb9, 0xb2, 0xaa, 0xa3, 0x9b, 0x93, 0x8b, 0x83, 0x7a, 0x72, 0x6a, 0x63, 0x5b, 0x53, 0x4c,
0x45, 0x3e, 0x37, 0x30, 0x2a, 0x24, 0x1f, 0x1a, 0x15, 0x11, 0xd, 0xa, 0x7, 0x4, 0x2, 0x1,
0x0, 0xff, 0xff, 0x0, 0x1, 0x2, 0x4, 0x6, 0x9, 0xd, 0x11, 0x15, 0x19, 0x1f, 0x24, 0x2a,
0x30, 0x36, 0x3d, 0x44, 0x4b, 0x53, 0x5a, 0x62, 0x6a, 0x72, 0x7a, 0x83, 0x8b, 0x93, 0x9b, 0xa2,
0xaa, 0xb1, 0xb9, 0xc0, 0xc6, 0xcd, 0xd3, 0xd9, 0xde, 0xe4, 0xe8, 0xed, 0xf1, 0xf4, 0xf7, 0xfa,
0xfc, 0xfd, 0xfe, 0xff, 0xff, 0xff, 0xfe, 0xfc, 0xfa, 0xf8, 0xf5, 0xf2, 0xee, 0xea, 0xe5, 0xe0,
0xdb, 0xd5, 0xcf, 0xc8, 0xc2, 0xbb, 0xb4, 0xac, 0xa5, 0x9d, 0x95, 0x8d, 0x85, 0x7c, 0x74, 0x6c,
0x64, 0x5d, 0x55, 0x4d, 0x46, 0x3f, 0x38, 0x32, 0x2c, 0x26, 0x20, 0x1b, 0x16, 0x12, 0xe, 0xa,
0x7, 0x5, 0x3, 0x1, 0x0, 0xff, 0xff, 0xff, 0x0, 0x2, 0x3, 0x6, 0x9, 0xc, 0x10, 0x14,
0x18, 0x1d, 0x23, 0x28, 0x2f, 0x35, 0x3c, 0x42, 0x4a, 0x51, 0x59, 0x60, 0x68, 0x70, 0x78, 0x81,
0x89, 0x91, 0x99, 0xa1, 0xa8, 0xb0, 0xb7, 0xbe, 0xc5, 0xcb, 0xd2, 0xd8, 0xdd, 0xe2, 0xe7, 0xec,
0xf0, 0xf3, 0xf6, 0xf9, 0xfb, 0xfd, 0xfe, 0xff, 0xff, 0xff, 0xfe, 0xfd, 0xfb, 0xf8, 0xf6, 0xf2,
0xef, 0xeb, 0xe6, 0xe1, 0xdc, 0xd6, 0xd0, 0xca, 0xc3, 0xbc, 0xb5, 0xae, 0xa6, 0x9f, 0x97, 0x8f,
0x87, 0x7e, 0x76, 0x6e, 0x66, 0x5e, 0x57, 0x4f, 0x48, 0x41, 0x3a, 0x33, 0x2d, 0x27, 0x21, 0x1c,
0x17, 0x13, 0xf, 0xb, 0x8, 0x5, 0x3, 0x1, 0x0, 0xff, 0xff, 0xff, 0x0, 0x1, 0x3, 0x5,
0x8, 0xb, 0xf, 0x13, 0x17, 0x1c, 0x21, 0x27, 0x2d, 0x33, 0x3a, 0x41, 0x48, 0x4f, 0x57, 0x5f,
0x66, 0x6e, 0x76, 0x7e, 0x87, 0x8f, 0x97, 0x9f, 0xa6, 0xae, 0xb5, 0xbc, 0xc3, 0xca, 0xd0, 0xd6,
0xdc, 0xe1, 0xe6, 0xeb, 0xef, 0xf3, 0xf6, 0xf9, 0xfb, 0xfd, 0xfe, 0xff, 0xff, 0xff, 0xfe, 0xfd,
0xfb, 0xf9, 0xf6, 0xf3, 0xf0, 0xec, 0xe7, 0xe2, 0xdd, 0xd8, 0xd2, 0xcb, 0xc5, 0xbe, 0xb7, 0xb0,
0xa8, 0xa0, 0x99, 0x91, 0x89, 0x81, 0x78, 0x70, 0x68, 0x60, 0x58, 0x51, 0x49, 0x42, 0x3b, 0x35,
0x2e, 0x28, 0x23, 0x1d, 0x18, 0x14, 0x10, 0xc, 0x9, 0x6, 0x3, 0x2, 0x0, 0xff, 0xff, 0xff,
0x0, 0x1, 0x3, 0x5, 0x7, 0xa, 0xe, 0x12, 0x16, 0x1b, 0x20, 0x26, 0x2c, 0x32, 0x38, 0x3f,
0x46, 0x4e, 0x55, 0x5d, 0x65, 0x6c, 0x74, 0x7c, 0x85, 0x8d, 0x95, 0x9d, 0xa5, 0xac, 0xb4, 0xbb,
0xc2, 0xc9, 0xcf, 0xd5, 0xdb, 0xe0, 0xe5, 0xea, 0xee, 0xf2, 0xf5, 0xf8, 0xfa, 0xfc, 0xfe, 0xff,
0xff, 0xff, 0xfe, 0xfd, 0xfc, 0xfa, 0xf7, 0xf4, 0xf1, 0xed, 0xe8, 0xe4, 0xde, 0xd9, 0xd3, 0xcd,
0xc6, 0xbf, 0xb8, 0xb1, 0xaa, 0xa2, 0x9a, 0x93, 0x8b, 0x83, 0x7a, 0x72, 0x6a, 0x62, 0x5a, 0x53,
0x4b, 0x44, 0x3d, 0x36, 0x30, 0x2a, 0x24, 0x1e, 0x19, 0x15, 0x10, 0xd, 0x9, 0x6, 0x4, 0x2,
0x0, 0x0, 0xff, 0xff, 0x0, 0x1, 0x2, 0x4, 0x7, 0xa, 0xd, 0x11, 0x15, 0x1a, 0x1f, 0x25,
0x2a, 0x31, 0x37, 0x3e, 0x45, 0x4c, 0x53, 0x5b, 0x63, 0x6b, 0x73, 0x7b, 0x84, 0x8b, 0x93, 0x9b,
0xa3, 0xab, 0xb2, 0xb9, 0xc0, 0xc7, 0xcd, 0xd4, 0xd9, 0xdf, 0xe4, 0xe9, 0xed, 0xf1, 0xf4, 0xf7,
0xfa, 0xfc, 0xfd, 0xfe, 0xff, 0xff, 0xfe, 0xfe, 0xfc, 0xfa, 0xf8, 0xf5, 0xf1, 0xee, 0xe9, 0xe5,
0xe0, 0xda, 0xd4, 0xce, 0xc8, 0xc1, 0xba, 0xb3, 0xab, 0xa4, 0x9c, 0x94, 0x8c, 0x84, 0x7b, 0x73,
0x6c, 0x64, 0x5c, 0x54, 0x4d, 0x46, 0x3f, 0x38, 0x31, 0x2b, 0x25, 0x20, 0x1a, 0x16, 0x11, 0xd,
0xa, 0x7, 0x4, 0x2, 0x1, 0x0, 0xff, 0xff, 0xff, 0x0, 0x2, 0x4, 0x6, 0x9, 0xc, 0x10,
0x14, 0x19, 0x1e, 0x23, 0x29, 0x2f, 0x35, 0x3c, 0x43, 0x4a, 0x52, 0x59, 0x61, 0x69, 0x71, 0x79,
0x82, 0x8a, 0x92, 0x99, 0xa1, 0xa9, 0xb0, 0xb8, 0xbf, 0xc6, 0xcc, 0xd2, 0xd8, 0xde, 0xe3, 0xe8,
0xec, 0xf0, 0xf4, 0xf7, 0xf9, 0xfb, 0xfd, 0xfe, 0xff, 0xff, 0xff, 0xfe, 0xfc, 0xfb, 0xf8, 0xf5,
0xf2, 0xee, 0xea, 0xe6, 0xe1, 0xdb, 0xd6, 0xd0, 0xc9, 0xc3, 0xbc, 0xb5, 0xad, 0xa6, 0x9e, 0x96,
0x8e, 0x86, 0x7d, 0x75, 0x6d, 0x65, 0x5e, 0x56, 0x4e, 0x47, 0x40, 0x39, 0x33, 0x2c, 0x26, 0x21,
0x1c, 0x17, 0x12, 0xe, 0xb, 0x8, 0x5, 0x3, 0x1, 0x0, 0xff, 0xff, 0xff, 0x0, 0x1, 0x3,
0x5, 0x8, 0xb, 0xf, 0x13, 0x18, 0x1d, 0x22, 0x28, 0x2e, 0x34, 0x3b, 0x42, 0x49, 0x50, 0x58,
0x5f, 0x67, 0x6f, 0x77, 0x80, 0x88, 0x90, 0x98, 0x9f, 0xa7, 0xaf, 0xb6, 0xbd, 0xc4, 0xcb, 0xd1,
0xd7, 0xdd, 0xe2, 0xe7, 0xeb, 0xef, 0xf3, 0xf6, 0xf9, 0xfb, 0xfd, 0xfe, 0xff, 0xff, 0xff, 0xfe,
0xfd, 0xfb, 0xf9, 0xf6, 0xf3, 0xef, 0xeb, 0xe7, 0xe2, 0xdd, 0xd7, 0xd1, 0xcb, 0xc4, 0xbd, 0xb6,
0xaf, 0xa7, 0xa0, 0x98, 0x90, 0x88, 0x80, 0x77, 0x6f, 0x67, 0x5f, 0x58, 0x50, 0x49, 0x42, 0x3b,
0x34, 0x2e, 0x28, 0x22, 0x1d, 0x18, 0x13, 0xf, 0xc, 0x8, 0x6, 0x3, 0x1, 0x0, 0xff, 0xff,
0xff, 0x0, 0x1, 0x3, 0x5, 0x8, 0xb, 0xe, 0x12, 0x17, 0x1c, 0x21, 0x26, 0x2c, 0x33, 0x39,
0x40, 0x47, 0x4e, 0x56, 0x5d, 0x65, 0x6d, 0x75, 0x7d, 0x86, 0x8e, 0x96, 0x9e, 0xa5, 0xad, 0xb4,
0xbc, 0xc2, 0xc9, 0xcf, 0xd6, 0xdb, 0xe1, 0xe6, 0xea, 0xee, 0xf2, 0xf5, 0xf8, 0xfb, 0xfc, 0xfe,
0xff, 0xff, 0xff, 0xfe, 0xfd, 0xfb, 0xf9, 0xf7, 0xf4, 0xf0, 0xec, 0xe8, 0xe3, 0xde, 0xd8, 0xd2,
0xcc, 0xc6, 0xbf, 0xb8, 0xb1, 0xa9, 0xa1, 0x9a, 0x92, 0x8a, 0x82, 0x79, 0x71, 0x69, 0x61, 0x59,
0x52, 0x4a, 0x43, 0x3c, 0x36, 0x2f, 0x29, 0x23, 0x1e, 0x19, 0x14, 0x10, 0xc, 0x9, 0x6, 0x4,
0x2, 0x0, 0xff, 0xff, 0xff, 0x0, 0x1, 0x2, 0x4, 0x7, 0xa, 0xd, 0x11, 0x16, 0x1a, 0x20,
0x25, 0x2b, 0x31, 0x38, 0x3e, 0x45, 0x4d, 0x54, 0x5c, 0x63, 0x6b, 0x73, 0x7b, 0x84, 0x8c, 0x94,
0x9c, 0xa4, 0xab, 0xb3, 0xba, 0xc1, 0xc8, 0xce, 0xd4, 0xda, 0xdf, 0xe5, 0xe9, 0xed, 0xf1, 0xf5,
0xf8, 0xfa, 0xfc, 0xfd, 0xfe, 0xff, 0xff, 0xfe, 0xfd, 0xfc, 0xfa, 0xf7, 0xf4, 0xf1, 0xed, 0xe9,
0xe4, 0xdf, 0xda, 0xd4, 0xce, 0xc7, 0xc0, 0xb9, 0xb2, 0xab, 0xa3, 0x9b, 0x94, 0x8c, 0x84, 0x7b,
0x73, 0x6b, 0x63, 0x5b, 0x54, 0x4c, 0x45, 0x3e, 0x37, 0x31, 0x2a, 0x25, 0x1f, 0x1a, 0x15, 0x11,
0xd, 0xa, 0x7, 0x4, 0x2, 0x1, 0x0, 0xff, 0xff, 0x0, 0x0, 0x2, 0x4, 0x6, 0x9, 0xd,
0x10, 0x15, 0x19, 0x1e, 0x24, 0x2a, 0x30, 0x36, 0x3d, 0x44, 0x4b, 0x52, 0x5a, 0x62, 0x6a, 0x71,
0x79, 0x82, 0x8a, 0x92, 0x9a, 0xa2, 0xaa, 0xb1, 0xb8, 0xbf, 0xc6, 0xcd, 0xd3, 0xd9, 0xde, 0xe3,
0xe8, 0xed, 0xf0, 0xf4, 0xf7, 0xfa, 0xfc, 0xfd, 0xfe, 0xff, 0xff, 0xff, 0xfe, 0xfc, 0xfa, 0xf8,
0xf5, 0xf2, 0xee, 0xea, 0xe5, 0xe0, 0xdb, 0xd5, 0xcf, 0xc9, 0xc2, 0xbb, 0xb4, 0xac, 0xa5, 0x9d,
0x95, 0x8d, 0x85, 0x7d, 0x75, 0x6d, 0x65, 0x5d, 0x55, 0x4e, 0x47, 0x3f, 0x39, 0x32, 0x2c, 0x26,
0x20, 0x1b, 0x16, 0x12, 0xe, 0xa, 0x7, 0x5, 0x3, 0x1, 0x0, 0xff, 0xff, 0xff, 0x0, 0x2,
0x3, 0x6, 0x8, 0xc, 0xf, 0x14, 0x18, 0x1d, 0x22, 0x28, 0x2e, 0x35, 0x3b, 0x42, 0x49, 0x51,
0x58, 0x60, 0x68, 0x70, 0x78, 0x81, 0x89, 0x91, 0x98, 0xa0, 0xa8, 0xaf, 0xb7, 0xbe, 0xc5, 0xcb,
0xd1, 0xd7, 0xdd, 0xe2, 0xe7, 0xec, 0xf0, 0xf3, 0xf6, 0xf9, 0xfb, 0xfd, 0xfe, 0xff, 0xff, 0xff,
0xfe, 0xfd, 0xfb, 0xf9, 0xf6, 0xf3, 0xef, 0xeb, 0xe6, 0xe1, 0xdc, 0xd6, 0xd0, 0xca, 0xc4, 0xbd,
0xb6, 0xae, 0xa7, 0x9f, 0x97, 0x8f, 0x87, 0x7e, 0x76, 0x6e, 0x66, 0x5f, 0x57, 0x50, 0x48, 0x41,
0x3a, 0x34, 0x2d, 0x27, 0x22, 0x1c, 0x17, 0x13, 0xf, 0xb, 0x8, 0x5, 0x3, 0x1, 0x0, 0xff,
0xff, 0xff, 0x0, 0x1, 0x3, 0x5, 0x8, 0xb, 0xf, 0x13, 0x17, 0x1c, 0x21, 0x27, 0x2d, 0x33,
0x3a, 0x41, 0x48, 0x4f, 0x56, 0x5e, 0x66, 0x6e, 0x76, 0x7e, 0x87, 0x8f, 0x97, 0x9e, 0xa6, 0xae,
0xb5, 0xbc, 0xc3, 0xca, 0xd0, 0xd6, 0xdc, 0xe1, 0xe6, 0xeb, 0xef, 0xf2, 0xf6, 0xf8, 0xfb, 0xfd,
0xfe, 0xff, 0xff, 0xff, 0xfe, 0xfd, 0xfb, 0xf9, 0xf7, 0xf3, 0xf0, 0xec, 0xe7, 0xe3, 0xdd, 0xd8,
0xd2, 0xcc, 0xc5, 0xbe, 0xb7, 0xb0, 0xa8, 0xa1, 0x99, 0x91, 0x89, 0x81, 0x78, 0x70, 0x68, 0x60,
0x59, 0x51, 0x4a, 0x43, 0x3c, 0x35, 0x2f, 0x29, 0x23, 0x1d, 0x18, 0x14, 0x10, 0xc, 0x9, 0x6,
0x4, 0x2, 0x0, 0xff, 0xff, 0xff, 0x0, 0x1, 0x2, 0x5, 0x7, 0xa, 0xe, 0x12, 0x16, 0x1b,
0x20, 0x26, 0x2b, 0x32, 0x38, 0x3f, 0x46, 0x4d, 0x55, 0x5c, 0x64, 0x6c, 0x74, 0x7c, 0x85, 0x8d,
0x95, 0x9d, 0xa4, 0xac, 0xb3, 0xbb, 0xc2, 0xc8, 0xcf, 0xd5, 0xdb, 0xe0, 0xe5, 0xea, 0xee, 0xf2,
0xf5, 0xf8, 0xfa, 0xfc, 0xfe, 0xff, 0xff, 0xff, 0xfe, 0xfd, 0xfc, 0xfa, 0xf7, 0xf4, 0xf1, 0xed,
0xe8, 0xe4, 0xdf, 0xd9, 0xd3, 0xcd, 0xc7, 0xc0, 0xb9, 0xb2, 0xaa, 0xa2, 0x9b, 0x93, 0x8b, 0x83,
0x7a, 0x72, 0x6a, 0x62, 0x5a, 0x53, 0x4b, 0x44, 0x3d, 0x37, 0x30, 0x2a, 0x24, 0x1f, 0x1a, 0x15,
0x11, 0xd, 0x9, 0x6, 0x4, 0x2, 0x1, 0x0, 0xff, 0xff, 0x0, 0x1, 0x2, 0x4, 0x7, 0x9,
0xd, 0x11, 0x15, 0x1a, 0x1f, 0x24, 0x2a, 0x30, 0x37, 0x3d, 0x44, 0x4c, 0x53, 0x5b, 0x62, 0x6a,
0x72, 0x7a, 0x83, 0x8b, 0x93, 0x9b, 0xa3, 0xaa, 0xb2, 0xb9, 0xc0, 0xc7, 0xcd, 0xd3, 0xd9, 0xdf,
0xe4, 0xe9, 0xed, 0xf1, 0xf4, 0xf7, 0xfa, 0xfc, 0xfd, 0xfe, 0xff, 0xff, 0xff, 0xfe, 0xfc, 0xfa,
0xf8, 0xf5, 0xf2, 0xee, 0xea, 0xe5, 0xe0, 0xda, 0xd5, 0xcf, 0xc8, 0xc1, 0xba, 0xb3, 0xac, 0xa4,
0x9c, 0x95, 0x8d, 0x85, 0x7c, 0x74, 0x6c, 0x64, 0x5c, 0x55, 0x4d, 0x46, 0x3f, 0x38, 0x32, 0x2b,
0x25, 0x20, 0x1b, 0x16, 0x12, 0xe, 0xa, 0x7, 0x5, 0x2, 0x1, 0x0, 0xff, 0xff, 0xff, 0x0,
0x2, 0x4, 0x6, 0x9, 0xc, 0x10, 0x14, 0x19, 0x1e, 0x23, 0x29, 0x2f, 0x35, 0x3c, 0x43, 0x4a,
0x51, 0x59, 0x61, 0x68, 0x70, 0x78, 0x81, 0x89, 0x91, 0x99, 0xa1, 0xa9, 0xb0, 0xb7, 0xbe, 0xc5,
0xcc, 0xd2, 0xd8, 0xde, 0xe3, 0xe8, 0xec, 0xf0, 0xf3, 0xf7, 0xf9, 0xfb, 0xfd, 0xfe, 0xff, 0xff,
0xff, 0xfe, 0xfc, 0xfb, 0xf8, 0xf6, 0xf2, 0xef, 0xeb, 0xe6, 0xe1, 0xdc, 0xd6, 0xd0, 0xca, 0xc3,
0xbc, 0xb5, 0xae, 0xa6, 0x9e, 0x96, 0x8f, 0x87, 0x7e, 0x76, 0x6e, 0x66, 0x5e, 0x56, 0x4f, 0x48,
0x40, 0x3a, 0x33, 0x2d, 0x27, 0x21, 0x1c, 0x17, 0x13, 0xe, 0xb, 0x8, 0x5, 0x3, 0x1, 0x0,
0xff, 0xff, 0xff, 0x0, 0x1, 0x3, 0x5, 0x8, 0xb, 0xf, 0x13, 0x18, 0x1c, 0x22, 0x27, 0x2d,
0x34, 0x3a, 0x41, 0x48, 0x50, 0x57, 0x5f, 0x67, 0x6f, 0x77, 0x80, 0x87, 0x8f, 0x97, 0x9f, 0xa7,
0xae, 0xb6, 0xbd, 0xc4, 0xca, 0xd1, 0xd7, 0xdc, 0xe2, 0xe6, 0xeb, 0xef, 0xf3, 0xf6, 0xf9, 0xfb,
0xfd, 0xfe, 0xff, 0xff, 0xff, 0xfe, 0xfd, 0xfb, 0xf9, 0xf6, 0xf3, 0xf0, 0xeb, 0xe7, 0xe2, 0xdd,
0xd7, 0xd1, 0xcb, 0xc4, 0xbe, 0xb6, 0xaf, 0xa8, 0xa0, 0x98, 0x90, 0x88, 0x80, 0x77, 0x6f, 0x68,
0x60, 0x58, 0x51, 0x49, 0x42, 0x3b, 0x34, 0x2e, 0x28, 0x22, 0x1d, 0x18, 0x13, 0xf, 0xc, 0x8,
0x6, 0x3, 0x2, 0x0, 0xff, 0xff, 0xff, 0x0, 0x1, 0x3, 0x5, 0x7, 0xb, 0xe, 0x12, 0x16,
0x1b, 0x20, 0x26, 0x2c, 0x32, 0x39, 0x40, 0x47, 0x4e, 0x55, 0x5d, 0x65, 0x6d, 0x75, 0x7d, 0x86,
0x8e, 0x96, 0x9d, 0xa5, 0xad, 0xb4, 0xbb, 0xc2, 0xc9, 0xcf, 0xd5, 0xdb, 0xe0, 0xe5, 0xea, 0xee,
0xf2, 0xf5, 0xf8, 0xfa, 0xfc, 0xfe, 0xff, 0xff, 0xff, 0xfe, 0xfd, 0xfc, 0xf9, 0xf7, 0xf4, 0xf0,
0xec, 0xe8, 0xe3, 0xde, 0xd9, 0xd3, 0xcc, 0xc6, 0xbf, 0xb8, 0xb1, 0xa9, 0xa2, 0x9a, 0x92, 0x8a,
0x82, 0x79, 0x71, 0x69, 0x62, 0x5a, 0x52, 0x4b, 0x44, 0x3d, 0x36, 0x30, 0x29, 0x24, 0x1e, 0x19,
0x14, 0x10, 0xc, 0x9, 0x6, 0x4, 0x2, 0x0, 0xff, 0xff, 0xff, 0x0, 0x1, 0x2, 0x4, 0x7,
0xa, 0xd, 0x11, 0x15, 0x1a, 0x1f, 0x25, 0x2b, 0x31, 0x37, 0x3e, 0x45, 0x4c, 0x54, 0x5b, 0x63,
0x6b, 0x73, 0x7b, 0x84, 0x8c, 0x94, 0x9c, 0xa3, 0xab, 0xb2, 0xba, 0xc1, 0xc7, 0xce, 0xd4, 0xda,
0xdf, 0xe4, 0xe9, 0xed, 0xf1, 0xf5, 0xf7, 0xfa, 0xfc, 0xfd, 0xfe, 0xff, 0xff, 0xfe, 0xfd, 0xfc,
0xfa, 0xf8, 0xf5, 0xf1, 0xed, 0xe9, 0xe4, 0xdf, 0xda, 0xd4, 0xce, 0xc7, 0xc1, 0xba, 0xb3, 0xab,
0xa4, 0x9c, 0x94, 0x8c, 0x84, 0x7b, 0x73, 0x6b, 0x63, 0x5c, 0x54, 0x4c, 0x45, 0x3e, 0x37, 0x31,
0x2b, 0x25, 0x1f, 0x1a, 0x16, 0x11, 0xd, 0xa, 0x7, 0x4, 0x2, 0x1, 0x0, 0xff, 0xff, 0xff,
0x0, 0x2, 0x4, 0x6, 0x9, 0xc, 0x10, 0x14, 0x19, 0x1e, 0x23, 0x29, 0x2f, 0x36, 0x3c, 0x43,
0x4b, 0x52, 0x5a, 0x61, 0x69, 0x71, 0x79, 0x82, 0x8a, 0x92, 0x9a, 0xa2, 0xa9, 0xb1, 0xb8, 0xbf,
0xc6, 0xcc, 0xd3, 0xd8, 0xde, 0xe3, 0xe8, 0xec, 0xf0, 0xf4, 0xf7, 0xf9, 0xfc, 0xfd, 0xfe, 0xff,
0xff, 0xff, 0xfe, 0xfc, 0xfa, 0xf8, 0xf5, 0xf2, 0xee, 0xea, 0xe6, 0xe1, 0xdb, 0xd5, 0xcf, 0xc9,
0xc2, 0xbb, 0xb4, 0xad, 0xa5, 0x9e, 0x96, 0x8e, 0x86, 0x7d, 0x75, 0x6d, 0x65, 0x5d, 0x56, 0x4e,
0x47, 0x40, 0x39, 0x32, 0x2c, 0x26, 0x21, 0x1b, 0x17, 0x12, 0xe, 0xb, 0x7, 0x5, 0x3, 0x1,
0x0, 0xff, 0xff, 0xff, 0x0, 0x1, 0x3, 0x6, 0x8, 0xc, 0xf, 0x13, 0x18, 0x1d, 0x22, 0x28,
0x2e, 0x34, 0x3b, 0x42, 0x49, 0x50, 0x58, 0x60, 0x67, 0x6f, 0x77, 0x80, 0x88, 0x90, 0x98, 0xa0,
0xa8, 0xaf, 0xb6, 0xbd, 0xc4, 0xcb, 0xd1, 0xd7, 0xdd, 0xe2, 0xe7, 0xeb, 0xef, 0xf3, 0xf6, 0xf9,
0xfb, 0xfd, 0xfe, 0xff, 0xff, 0xff, 0xfe, 0xfd, 0xfb, 0xf9, 0xf6, 0xf3, 0xef, 0xeb, 0xe7, 0xe2,
0xdc, 0xd7, 0xd1, 0xca, 0xc4, 0xbd, 0xb6, 0xaf, 0xa7, 0x9f, 0x98, 0x90, 0x88, 0x80, 0x77, 0x6f,
0x67, 0x5f, 0x57, 0x50, 0x49, 0x41, 0x3a, 0x34, 0x2e, 0x28, 0x22, 0x1d, 0x18, 0x13, 0xf, 0xb,
0x8, 0x5, 0x3, 0x1, 0x0, 0xff, 0xff, 0xff, 0x0, 0x1, 0x3, 0x5, 0x8, 0xb, 0xe, 0x12,
0x17, 0x1c, 0x21, 0x27, 0x2d, 0x33, 0x39, 0x40, 0x47, 0x4f, 0x56, 0x5e, 0x66, 0x6d, 0x75, 0x7d,
0x86, 0x8e, 0x96, 0x9e, 0xa6, 0xad, 0xb5, 0xbc, 0xc3, 0xc9, 0xd0, 0xd6, 0xdc, 0xe1, 0xe6, 0xea,
0xef, 0xf2, 0xf6, 0xf8, 0xfb, 0xfc, 0xfe, 0xff, 0xff, 0xff, 0xfe, 0xfd, 0xfb, 0xf9, 0xf7, 0xf4,
0xf0, 0xec, 0xe8, 0xe3, 0xde, 0xd8, 0xd2, 0xcc, 0xc5, 0xbf, 0xb7, 0xb0, 0xa9, 0xa1, 0x99, 0x91,
0x89, 0x82, 0x79, 0x71, 0x69, 0x61, 0x59, 0x52, 0x4a, 0x43, 0x3c, 0x35, 0x2f, 0x29, 0x23, 0x1e,
0x19, 0x14, 0x10, 0xc, 0x9, 0x6, 0x4, 0x2, 0x0, 0xff, 0xff, 0xff, 0x0, 0x1, 0x2, 0x4,
0x7, 0xa, 0xe, 0x11, 0x16, 0x1b, 0x20, 0x25, 0x2b, 0x31, 0x38, 0x3f, 0x46, 0x4d, 0x54, 0x5c,
0x64, 0x6c, 0x74, 0x7c, 0x85, 0x8d, 0x94, 0x9c, 0xa4, 0xac, 0xb3, 0xba, 0xc1, 0xc8, 0xce, 0xd4,
0xda, 0xe0, 0xe5, 0xe9, 0xee, 0xf1, 0xf5, 0xf8, 0xfa, 0xfc, 0xfe, 0xfe, 0xff, 0xff, 0xfe, 0xfd,
0xfc, 0xfa, 0xf7, 0xf4, 0xf1, 0xed, 0xe9, 0xe4, 0xdf, 0xd9, 0xd4, 0xcd, 0xc7, 0xc0, 0xb9, 0xb2,
0xaa, 0xa3, 0x9b, 0x93, 0x8b, 0x83, 0x7a, 0x72, 0x6a, 0x63, 0x5b, 0x53, 0x4c, 0x45, 0x3e, 0x37,
0x30, 0x2a, 0x24, 0x1f, 0x1a, 0x15, 0x11, 0xd, 0xa, 0x7, 0x4, 0x2, 0x1, 0x0, 0xff, 0xff,
0x0, 0x1, 0x2, 0x4, 0x6, 0x9, 0xd, 0x11, 0x15, 0x19, 0x1f, 0x24, 0x2a, 0x30, 0x36, 0x3d,
0x44, 0x4b, 0x53, 0x5a, 0x62, 0x6a, 0x72, 0x7a, 0x83, 0x8b, 0x93, 0x9b, 0xa2, 0xaa, 0xb1, 0xb9,
0xc0, 0xc6, 0xcd, 0xd3, 0xd9, 0xdf, 0xe4, 0xe8, 0xed, 0xf1, 0xf4, 0xf7, 0xfa, 0xfc, 0xfd, 0xfe,
0xff, 0xff, 0xff, 0xfe, 0xfc, 0xfa, 0xf8, 0xf5, 0xf2, 0xee, 0xea, 0xe5, 0xe0, 0xdb, 0xd5, 0xcf,
0xc8, 0xc2, 0xbb, 0xb4, 0xac, 0xa5, 0x9d, 0x95, 0x8d, 0x85, 0x7c, 0x74, 0x6c, 0x64, 0x5d, 0x55,
0x4d, 0x46, 0x3f, 0x38, 0x32, 0x2c, 0x26, 0x20, 0x1b, 0x16, 0x12, 0xe, 0xa, 0x7, 0x5, 0x3,
0x1, 0x0, 0xff, 0xff, 0xff, 0x0, 0x2, 0x3, 0x6, 0x9, 0xc, 0x10, 0x14, 0x18, 0x1d, 0x23,
0x28, 0x2f, 0x35, 0x3c, 0x42, 0x4a, 0x51, 0x59, 0x60, 0x68, 0x70, 0x78, 0x81, 0x89, 0x91, 0x99,
0xa1, 0xa8, 0xb0, 0xb7, 0xbe, 0xc5, 0xcb, 0xd2, 0xd8, 0xdd, 0xe3, 0xe7, 0xec, 0xf0, 0xf3, 0xf6,
0xf9, 0xfb, 0xfd, 0xfe, 0xff, 0xff, 0xff, 0xfe, 0xfd, 0xfb, 0xf8, 0xf6, 0xf2, 0xef, 0xeb, 0xe6,
0xe1, 0xdc, 0xd6, 0xd0, 0xca, 0xc3, 0xbc, 0xb5, 0xae, 0xa6, 0x9f, 0x97, 0x8f, 0x87, 0x7e, 0x76,
0x6e, 0x66, 0x5e, 0x57, 0x4f, 0x48, 0x41, 0x3a, 0x33, 0x2d, 0x27, 0x21, 0x1c, 0x17, 0x13, 0xf,
0xb, 0x8, 0x5, 0x3, 0x1, 0x0, 0xff, 0xff, 0xff, 0x0, 0x1, 0x3, 0x5, 0x8, 0xb, 0xf,
0x13, 0x17, 0x1c, 0x21, 0x27, 0x2d, 0x33, 0x3a, 0x41, 0x48, 0x4f, 0x57, 0x5f, 0x66, 0x6e, 0x76,
0x7e, 0x87, 0x8f, 0x97, 0x9f, 0xa6, 0xae, 0xb5, 0xbc, 0xc3, 0xca, 0xd0, 0xd6, 0xdc, 0xe1, 0xe6,
0xeb, 0xef, 0xf3, 0xf6, 0xf9, 0xfb, 0xfd, 0xfe, 0xff, 0xff, 0xff, 0xfe, 0xfd, 0xfb, 0xf9, 0xf6,
0xf3, 0xf0, 0xec, 0xe7, 0xe2, 0xdd, 0xd8, 0xd2, 0xcb, 0xc5, 0xbe, 0xb7, 0xb0, 0xa8, 0xa0, 0x99,
0x91, 0x89, 0x81, 0x78, 0x70, 0x68, 0x60, 0x58, 0x51, 0x49, 0x42, 0x3b, 0x35, 0x2e, 0x28, 0x23,
0x1d, 0x18, 0x14, 0x10, 0xc, 0x9, 0x6, 0x3, 0x2, 0x0, 0xff, 0xff, 0xff, 0x0, 0x1, 0x3,
0x5, 0x7, 0xa, 0xe, 0x12, 0x16, 0x1b, 0x20, 0x26, 0x2c, 0x32, 0x38, 0x3f, 0x46, 0x4e, 0x55,
0x5d, 0x65, 0x6c, 0x74, 0x7c, 0x85, 0x8d, 0x95, 0x9d, 0xa5, 0xac, 0xb4, 0xbb, 0xc2, 0xc9, 0xcf,
0xd5, 0xdb, 0xe0, 0xe5, 0xea, 0xee, 0xf2, 0xf5, 0xf8, 0xfa, 0xfc, 0xfe, 0xff, 0xff, 0xff, 0xfe,
0xfd, 0xfc, 0xfa, 0xf7, 0xf4, 0xf1, 0xed, 0xe8, 0xe4, 0xde, 0xd9, 0xd3, 0xcd, 0xc6, 0xbf, 0xb8,
0xb1, 0xaa, 0xa2, 0x9a, 0x93, 0x8b, 0x83, 0x7a, 0x72, 0x6a, 0x62, 0x5a, 0x53, 0x4b, 0x44, 0x3d,
0x36, 0x30, 0x2a, 0x24, 0x1e, 0x19, 0x15, 0x10, 0xd, 0x9, 0x6, 0x4, 0x2, 0x0, 0x0, 0xff,
0xff, 0x0, 0x1, 0x2, 0x4, 0x7, 0xa, 0xd, 0x11, 0x15, 0x1a, 0x1f, 0x25, 0x2a, 0x31, 0x37,
0x3e, 0x45, 0x4c, 0x53, 0x5b, 0x63, 0x6b, 0x73, 0x7b, 0x83, 0x8b, 0x93, 0x9b, 0xa3, 0xab, 0xb2,
0xb9, 0xc0, 0xc7, 0xcd, 0xd4, 0xda, 0xdf, 0xe4, 0xe9, 0xed, 0xf1, 0xf4, 0xf7, 0xfa, 0xfc, 0xfd,
0xfe, 0xff, 0xff, 0xfe, 0xfe, 0xfc, 0xfa, 0xf8, 0xf5, 0xf1, 0xee, 0xe9, 0xe5, 0xe0, 0xda, 0xd4,
0xce, 0xc8, 0xc1, 0xba, 0xb3, 0xab, 0xa4, 0x9c, 0x94, 0x8c, 0x84, 0x7b, 0x73, 0x6c, 0x64, 0x5c,
0x54, 0x4d, 0x46, 0x3f, 0x38, 0x31, 0x2b, 0x25, 0x20, 0x1a, 0x16, 0x11, 0xd, 0xa, 0x7, 0x4,
0x2, 0x1, 0x0, 0xff, 0xff, 0xff, 0x0, 0x2, 0x4, 0x6, 0x9, 0xc, 0x10, 0x14, 0x19, 0x1e,
0x23, 0x29, 0x2f, 0x35, 0x3c, 0x43, 0x4a, 0x52, 0x59, 0x61, 0x69, 0x71, 0x79, 0x82, 0x8a, 0x92,
0x99, 0xa1, 0xa9, 0xb0, 0xb8, 0xbf, 0xc6, 0xcc, 0xd2, 0xd8, 0xde, 0xe3, 0xe8, 0xec, 0xf0, 0xf4,
0xf7, 0xf9, 0xfb, 0xfd, 0xfe, 0xff, 0xff, 0xff, 0xfe, 0xfc, 0xfb, 0xf8, 0xf5, 0xf2, 0xee, 0xea,
0xe6, 0xe1, 0xdb, 0xd6, 0xd0, 0xc9, 0xc3, 0xbc, 0xb5, 0xad, 0xa6, 0x9e, 0x96, 0x8e, 0x86, 0x7d,
0x75, 0x6d, 0x65, 0x5e, 0x56, 0x4e, 0x47, 0x40, 0x39, 0x33, 0x2c, 0x26, 0x21, 0x1c, 0x17, 0x12,
0xe, 0xb, 0x8, 0x5, 0x3, 0x1, 0x0, 0xff, 0xff, 0xff, 0x0, 0x1, 0x3, 0x5, 0x8, 0xb,
0xf, 0x13, 0x18, 0x1d, 0x22, 0x28, 0x2e, 0x34, 0x3b, 0x42, 0x49, 0x50, 0x58, 0x5f, 0x67, 0x6f,
0x77, 0x80, 0x88, 0x90, 0x98, 0x9f, 0xa7, 0xaf, 0xb6, 0xbd, 0xc4, 0xcb, 0xd1, 0xd7, 0xdd, 0xe2,
0xe7, 0xeb, 0xef, 0xf3, 0xf6, 0xf9, 0xfb, 0xfd, 0xfe, 0xff, 0xff, 0xff, 0xfe, 0xfd, 0xfb, 0xf9,
0xf6, 0xf3, 0xef, 0xeb, 0xe7, 0xe2, 0xdd, 0xd7, 0xd1, 0xcb, 0xc4, 0xbd, 0xb6, 0xaf, 0xa7, 0xa0,
0x98, 0x90, 0x88, 0x80, 0x77, 0x6f, 0x67, 0x5f, 0x58, 0x50, 0x49, 0x42, 0x3b, 0x34, 0x2e, 0x28,
0x22, 0x1d, 0x18, 0x13, 0xf, 0xc, 0x8, 0x6, 0x3, 0x1, 0x0, 0xff, 0xff, 0xff, 0x0, 0x1,
0x3, 0x5, 0x8, 0xb, 0xe, 0x12, 0x17, 0x1c, 0x21, 0x26, 0x2c, 0x33, 0x39, 0x40, 0x47, 0x4e,
0x56, 0x5d, 0x65, 0x6d, 0x75, 0x7d, 0x86, 0x8e, 0x96, 0x9e, 0xa5, 0xad, 0xb4, 0xbc, 0xc2, 0xc9,
0xcf, 0xd6, 0xdb, 0xe1, 0xe6, 0xea, 0xee, 0xf2, 0xf5, 0xf8, 0xfb, 0xfc, 0xfe, 0xff, 0xff, 0xff,
0xfe, 0xfd, 0xfb, 0xf9, 0xf7, 0xf4, 0xf0, 0xec, 0xe8, 0xe3, 0xde, 0xd8, 0xd2, 0xcc, 0xc6, 0xbf,
0xb8, 0xb1, 0xa9, 0xa1, 0x9a, 0x92, 0x8a, 0x82, 0x79, 0x71, 0x69, 0x61, 0x59, 0x52, 0x4a, 0x43,
0x3c, 0x36, 0x2f, 0x29, 0x23, 0x1e, 0x19, 0x14, 0x10, 0xc, 0x9, 0x6, 0x4, 0x2, 0x0, 0xff,
0xff, 0xff, 0x0, 0x1, 0x2, 0x4, 0x7, 0xa, 0xd, 0x11, 0x16, 0x1a, 0x20, 0x25, 0x2b, 0x31,
0x38, 0x3e, 0x45, 0x4d, 0x54, 0x5c, 0x63, 0x6b, 0x73, 0x7b, 0x84, 0x8c, 0x94, 0x9c, 0xa4, 0xab,
0xb3, 0xba, 0xc1, 0xc8, 0xce, 0xd4, 0xda, 0xdf, 0xe5, 0xe9, 0xed, 0xf1, 0xf5, 0xf8, 0xfa, 0xfc,
0xfd, 0xfe, 0xff, 0xff, 0xfe, 0xfd, 0xfc, 0xfa, 0xf7, 0xf4, 0xf1, 0xed, 0xe9, 0xe4, 0xdf, 0xda,
0xd4, 0xce, 0xc7, 0xc0, 0xb9, 0xb2, 0xab, 0xa3, 0x9b, 0x94, 0x8c, 0x84, 0x7b, 0x73, 0x6b, 0x63,
0x5b, 0x54, 0x4c, 0x45, 0x3e, 0x37, 0x31, 0x2a, 0x25, 0x1f, 0x1a, 0x15, 0x11, 0xd, 0xa, 0x7,
0x4, 0x2, 0x1, 0x0, 0xff, 0xff, 0x0, 0x0, 0x2, 0x4, 0x6, 0x9, 0xd, 0x10, 0x15, 0x19,
0x1e, 0x24, 0x2a, 0x30, 0x36, 0x3d, 0x44, 0x4b, 0x52, 0x5a, 0x62, 0x6a, 0x71, 0x79, 0x82, 0x8a,
0x92, 0x9a, 0xa2, 0xaa, 0xb1, 0xb8, 0xbf, 0xc6, 0xcd, 0xd3, 0xd9, 0xde, 0xe3, 0xe8, 0xed, 0xf0,
0xf4, 0xf7, 0xfa, 0xfc, 0xfd, 0xfe, 0xff, 0xff, 0xff, 0xfe, 0xfc, 0xfa, 0xf8, 0xf5, 0xf2, 0xee,
0xea, 0xe5, 0xe0, 0xdb, 0xd5, 0xcf, 0xc9, 0xc2, 0xbb, 0xb4, 0xac, 0xa5, 0x9d, 0x95, 0x8d, 0x86,
0x7c, 0x75, 0x6d, 0x65, 0x5d, 0x55, 0x4e, 0x47, 0x3f, 0x39, 0x32, 0x2c, 0x26, 0x20, 0x1b, 0x16,
0x12, 0xe, 0xa, 0x7, 0x5, 0x3, 0x1, 0x0, 0xff, 0xff, 0xff, 0x0, 0x2, 0x3, 0x6, 0x8,
0xc, 0xf, 0x14, 0x18, 0x1d, 0x22, 0x28, 0x2e, 0x35, 0x3b, 0x42, 0x49, 0x51, 0x58, 0x60, 0x68,
0x70, 0x78, 0x81, 0x89, 0x91, 0x98, 0xa0, 0xa8, 0xaf, 0xb7, 0xbe, 0xc5, 0xcb, 0xd1, 0xd7, 0xdd,
0xe2, 0xe7, 0xec, 0xf0, 0xf3, 0xf6, 0xf9, 0xfb, 0xfd, 0xfe, 0xff, 0xff, 0xff, 0xfe, 0xfd, 0xfb,
0xf9, 0xf6, 0xf3, 0xef, 0xeb, 0xe6, 0xe1, 0xdc, 0xd6, 0xd0, 0xca, 0xc4, 0xbd, 0xb6, 0xae, 0xa7,
0x9f, 0x97, 0x8f, 0x87, 0x7e, 0x76, 0x6e, 0x66, 0x5f, 0x57, 0x50, 0x48, 0x41, 0x3a, 0x34, 0x2d,
0x27, 0x22, 0x1c, 0x17, 0x13, 0xf, 0xb, 0x8, 0x5, 0x3, 0x1, 0x0, 0xff, 0xff, 0xff, 0x0,
0x1, 0x3, 0x5, 0x8, 0xb, 0xf, 0x13, 0x17, 0x1c, 0x21, 0x27, 0x2d, 0x33, 0x3a, 0x41, 0x48,
0x4f, 0x57, 0x5e, 0x66, 0x6e, 0x76, 0x7e, 0x87, 0x8f, 0x97, 0x9e, 0xa6, 0xae, 0xb5, 0xbc, 0xc3,
0xca, 0xd0, 0xd6, 0xdc, 0xe1, 0xe6, 0xeb, 0xef, 0xf2, 0xf6, 0xf8, 0xfb, 0xfd, 0xfe, 0xff, 0xff,
0xff, 0xfe, 0xfd, 0xfb, 0xf9, 0xf7, 0xf3, 0xf0, 0xec, 0xe7, 0xe3, 0xdd, 0xd8, 0xd2, 0xcc, 0xc5,
0xbe, 0xb7, 0xb0, 0xa8, 0xa1, 0x99, 0x91, 0x89, 0x81, 0x78, 0x70, 0x68, 0x60, 0x59, 0x51, 0x4a,
0x43, 0x3c, 0x35, 0x2f, 0x29, 0x23, 0x1d, 0x18, 0x14, 0x10, 0xc, 0x9, 0x6, 0x4, 0x2, 0x0,
0xff, 0xff, 0xff, 0x0, 0x1, 0x2, 0x5, 0x7, 0xa, 0xe, 0x12, 0x16, 0x1b, 0x20, 0x26, 0x2b,
0x32, 0x38, 0x3f, 0x46, 0x4d, 0x55, 0x5c, 0x64, 0x6c, 0x74, 0x7c, 0x85, 0x8d, 0x95, 0x9d, 0xa4,
0xac, 0xb3, 0xbb, 0xc2, 0xc8, 0xcf, 0xd5, 0xdb, 0xe0, 0xe5, 0xea, 0xee, 0xf2, 0xf5, 0xf8, 0xfa,
0xfc, 0xfe, 0xff, 0xff, 0xff, 0xfe, 0xfd, 0xfc, 0xfa, 0xf7, 0xf4, 0xf1, 0xed, 0xe8, 0xe4, 0xdf,
0xd9, 0xd3, 0xcd, 0xc7, 0xc0, 0xb9, 0xb2, 0xaa, 0xa2, 0x9b, 0x93, 0x8b, 0x83, 0x7a, 0x72, 0x6a,
0x62, 0x5a, 0x53, 0x4b, 0x44, 0x3d, 0x37, 0x30, 0x2a, 0x24, 0x1f, 0x1a, 0x15, 0x11, 0xd, 0x9,
0x6, 0x4, 0x2, 0x1, 0x0, 0xff, 0xff, 0x0, 0x1, 0x2, 0x4, 0x7, 0x9, 0xd, 0x11, 0x15,
0x1a, 0x1f, 0x24, 0x2a, 0x30, 0x37, 0x3d, 0x44, 0x4c, 0x53, 0x5b, 0x62, 0x6a, 0x72, 0x7a, 0x83,
0x8b, 0x93, 0x9b, 0xa3, 0xaa, 0xb2, 0xb9, 0xc0, 0xc7, 0xcd, 0xd3, 0xd9, 0xdf, 0xe4, 0xe9, 0xed,
0xf1, 0xf4, 0xf7, 0xfa, 0xfc, 0xfd, 0xfe, 0xff, 0xff, 0xff, 0xfe, 0xfc, 0xfa, 0xf8, 0xf5, 0xf2,
0xee, 0xea, 0xe5, 0xe0, 0xda, 0xd5, 0xce, 0xc8, 0xc1, 0xba, 0xb3, 0xac, 0xa4, 0x9d, 0x95, 0x8d,
0x85, 0x7c, 0x74, 0x6c, 0x64, 0x5c, 0x55, 0x4d, 0x46, 0x3f, 0x38, 0x32, 0x2b, 0x25, 0x20, 0x1b,
0x16, 0x12, 0xe, 0xa, 0x7, 0x5, 0x2, 0x1, 0x0, 0xff, 0xff, 0xff, 0x0, 0x2, 0x4, 0x6,
0x9, 0xc, 0x10, 0x14, 0x19, 0x1e, 0x23, 0x29, 0x2f, 0x35, 0x3c, 0x43, 0x4a, 0x51, 0x59, 0x61,
0x68, 0x70, 0x78, 0x81, 0x89, 0x91, 0x99, 0xa1, 0xa9, 0xb0, 0xb7, 0xbe, 0xc5, 0xcc, 0xd2, 0xd8,
0xde, 0xe3, 0xe8, 0xec, 0xf0, 0xf3, 0xf7, 0xf9, 0xfb, 0xfd, 0xfe, 0xff, 0xff, 0xff, 0xfe, 0xfd,
0xfb, 0xf8, 0xf6, 0xf2, 0xef, 0xea, 0xe6, 0xe1, 0xdc, 0xd6, 0xd0, 0xca, 0xc3, 0xbc, 0xb5, 0xad,
0xa6, 0x9e, 0x96, 0x8f, 0x87, 0x7e, 0x76, 0x6e, 0x66, 0x5e, 0x56, 0x4f, 0x48, 0x40, 0x3a, 0x33,
0x2d, 0x27, 0x21, 0x1c, 0x17, 0x13, 0xe, 0xb, 0x8, 0x5, 0x3, 0x1, 0x0, 0xff, 0xff, 0xff,
0x0, 0x1, 0x3, 0x5, 0x8, 0xb, 0xf, 0x13, 0x18, 0x1c, 0x22, 0x27, 0x2d, 0x34, 0x3a, 0x41,
0x48, 0x50, 0x57, 0x5f, 0x67, 0x6f, 0x77, 0x7e, 0x88, 0x8f, 0x97, 0x9f, 0xa7, 0xae, 0xb6, 0xbd,
0xc4, 0xca, 0xd1, 0xd7, 0xdc, 0xe2, 0xe6, 0xeb, 0xef, 0xf3, 0xf6, 0xf9, 0xfb, 0xfd, 0xfe, 0xff,
0xff, 0xff, 0xfe, 0xfd, 0xfb, 0xf9, 0xf6, 0xf3, 0xf0, 0xeb, 0xe7, 0xe2, 0xdd, 0xd7, 0xd1, 0xcb,
0xc4, 0xbe, 0xb6, 0xaf, 0xa8, 0xa0, 0x98, 0x90, 0x88, 0x80, 0x77, 0x6f, 0x68, 0x60, 0x58, 0x51,
0x49, 0x42, 0x3b, 0x34, 0x2e, 0x28, 0x22, 0x1d, 0x18, 0x14, 0xf, 0xc, 0x8, 0x6, 0x3, 0x2,
0x0, 0xff, 0xff, 0xff, 0x0, 0x1, 0x3, 0x5, 0x7, 0xb, 0xe, 0x12, 0x16, 0x1b, 0x20, 0x26,
0x2c, 0x32, 0x39, 0x40, 0x47, 0x4e, 0x55, 0x5d, 0x65, 0x6d, 0x75, 0x7d, 0x86, 0x8e, 0x96, 0x9d,
0xa5, 0xad, 0xb4, 0xbb, 0xc2, 0xc9, 0xcf, 0xd5, 0xdb, 0xe0, 0xe5, 0xea, 0xee, 0xf2, 0xf5, 0xf8,
0xfa, 0xfc, 0xfe, 0xff, 0xff, 0xff, 0xfe, 0xfd, 0xfc, 0xf9, 0xf7, 0xf4, 0xf0, 0xec, 0xe8, 0xe3,
0xde, 0xd9, 0xd3, 0xcc, 0xc6, 0xbf, 0xb8, 0xb1, 0xa9, 0xa2, 0x9a, 0x92, 0x8a, 0x82, 0x79, 0x71,
0x69, 0x62, 0x5a, 0x52, 0x4b, 0x44, 0x3d, 0x36, 0x30, 0x29, 0x24, 0x1e, 0x19, 0x15, 0x10, 0xc,
0x9, 0x6, 0x4, 0x2, 0x0, 0x0, 0xff, 0xff, 0x0, 0x1, 0x2, 0x4, 0x7, 0xa, 0xd, 0x11,
0x15, 0x1a, 0x1f, 0x25, 0x2b, 0x31, 0x37, 0x3e, 0x45, 0x4c, 0x54, 0x5b, 0x63, 0x6b, 0x73, 0x7b,
0x84, 0x8c, 0x94, 0x9c, 0xa3, 0xab, 0xb2, 0xba, 0xc1, 0xc7, 0xce, 0xd4, 0xda, 0xdf, 0xe4, 0xe9,
0xed, 0xf1, 0xf5, 0xf7, 0xfa, 0xfc, 0xfd, 0xfe, 0xff, 0xff, 0xfe, 0xfd, 0xfc, 0xfa, 0xf8, 0xf5,
0xf1, 0xed, 0xe9, 0xe4, 0xdf, 0xda, 0xd4, 0xce, 0xc7, 0xc1, 0xba, 0xb3, 0xab, 0xa4, 0x9c, 0x94,
0x8c, 0x84, 0x7b, 0x73, 0x6b, 0x63, 0x5c, 0x54, 0x4c, 0x45, 0x3e, 0x37, 0x31, 0x2b, 0x25, 0x1f,
0x1a, 0x16, 0x11, 0xd, 0xa, 0x7, 0x4, 0x2, 0x1, 0x0, 0xff, 0xff, 0xff, 0x0, 0x2, 0x4,
0x6, 0x9, 0xc, 0x10, 0x14, 0x19, 0x1e, 0x23, 0x29, 0x2f, 0x36, 0x3c, 0x43, 0x4b, 0x52, 0x5a,
0x61, 0x69, 0x71, 0x79, 0x82, 0x8a, 0x92, 0x9a, 0xa2, 0xa9, 0xb1, 0xb8, 0xbf, 0xc6, 0xcc, 0xd3,
0xd8, 0xde, 0xe3, 0xe8, 0xec, 0xf0, 0xf4, 0xf7, 0xf9, 0xfc, 0xfd, 0xfe, 0xff, 0xff, 0xff, 0xfe,
0xfc, 0xfa, 0xf8, 0xf5, 0xf2, 0xee, 0xea, 0xe6, 0xe1, 0xdb, 0xd5, 0xcf, 0xc9, 0xc2, 0xbb, 0xb4,
0xad, 0xa5, 0x9e, 0x96, 0x8e, 0x86, 0x7d, 0x75, 0x6d, 0x65, 0x5d, 0x56, 0x4e, 0x47, 0x40, 0x39,
0x32, 0x2c, 0x26, 0x21, 0x1b, 0x17, 0x12, 0xe, 0xb, 0x8, 0x5, 0x3, 0x1, 0x0, 0xff, 0xff,
0xff, 0x0, 0x1, 0x3, 0x6, 0x8, 0xc, 0xf, 0x13, 0x18, 0x1d, 0x22, 0x28, 0x2e, 0x34, 0x3b,
0x42, 0x49, 0x50, 0x58, 0x60, 0x67, 0x6f, 0x77, 0x80, 0x88, 0x90, 0x98, 0xa0, 0xa8, 0xaf, 0xb6,
0xbd, 0xc4, 0xcb, 0xd1, 0xd7, 0xdd, 0xe2, 0xe7, 0xeb, 0xef, 0xf3, 0xf6, 0xf9, 0xfb, 0xfd, 0xfe,
0xff, 0xff, 0xff, 0xfe, 0xfd, 0xfb, 0xf9, 0xf6, 0xf3, 0xef, 0xeb, 0xe7, 0xe2, 0xdc, 0xd7, 0xd1,
0xca, 0xc4, 0xbd, 0xb6, 0xaf, 0xa7, 0x9f, 0x98, 0x90, 0x88, 0x80, 0x77, 0x6f, 0x67, 0x5f, 0x57,
0x50, 0x49, 0x41, 0x3a, 0x34, 0x2e, 0x28, 0x22, 0x1d, 0x18, 0x13, 0xf, 0xb, 0x8, 0x5, 0x3,
0x1, 0x0, 0xff, 0xff, 0xff, 0x0, 0x1, 0x3, 0x5, 0x8, 0xb, 0xe, 0x12, 0x17, 0x1c, 0x21,
0x27, 0x2d, 0x33, 0x39, 0x40, 0x47, 0x4f, 0x56, 0x5e, 0x66, 0x6d, 0x75, 0x7d, 0x86, 0x8e, 0x96,
0x9e, 0xa6, 0xad, 0xb5, 0xbc, 0xc3, 0xc9, 0xd0, 0xd6, 0xdc, 0xe1, 0xe6, 0xea, 0xef, 0xf2, 0xf6,
0xf8, 0xfb, 0xfc, 0xfe, 0xff, 0xff, 0xff, 0xfe, 0xfd, 0xfb, 0xf9, 0xf7, 0xf4, 0xf0, 0xec, 0xe8,
0xe3, 0xde, 0xd8, 0xd2, 0xcc, 0xc5, 0xbf, 0xb7, 0xb0, 0xa9, 0xa1, 0x99, 0x91, 0x89, 0x81, 0x79,
0x71, 0x69, 0x61, 0x59, 0x52, 0x4a, 0x43, 0x3c, 0x35, 0x2f, 0x29, 0x23, 0x1e, 0x19, 0x14, 0x10,
0xc, 0x9, 0x6, 0x4, 0x2, 0x0, 0xff, 0xff, 0xff, 0x0, 0x1, 0x2, 0x4, 0x7, 0xa, 0xe,
0x11, 0x16, 0x1b, 0x20, 0x25, 0x2b, 0x31, 0x38, 0x3f, 0x46, 0x4d, 0x54, 0x5c, 0x64, 0x6c, 0x74,
0x7c, 0x85, 0x8d, 0x94, 0x9c, 0xa4, 0xac, 0xb3, 0xba, 0xc1, 0xc8, 0xce, 0xd4, 0xda, 0xe0, 0xe5,
0xe9, 0xee, 0xf1, 0xf5, 0xf8, 0xfa, 0xfc, 0xfe, 0xff, 0xff, 0xff, 0xfe, 0xfd, 0xfc, 0xfa, 0xf7,
0xf4, 0xf1, 0xed, 0xe9, 0xe4, 0xdf, 0xd9, 0xd4, 0xcd, 0xc7, 0xc0, 0xb9, 0xb2, 0xaa, 0xa3, 0x9b,
0x93, 0x8b, 0x83, 0x7a, 0x72, 0x6a, 0x63, 0x5b, 0x53, 0x4c, 0x45, 0x3e, 0x37, 0x30, 0x2a, 0x24,
0x1f, 0x1a, 0x15, 0x11, 0xd, 0xa, 0x7, 0x4, 0x2, 0x1, 0x0, 0xff, 0xff, 0x0, 0x1, 0x2,
0x4, 0x6, 0x9, 0xd, 0x11, 0x15, 0x19, 0x1f, 0x24, 0x2a, 0x30, 0x36, 0x3d, 0x44, 0x4b, 0x53,
0x5a, 0x62, 0x6a, 0x72, 0x7a, 0x83, 0x8b, 0x93, 0x9b, 0xa2, 0xaa, 0xb1, 0xb9, 0xc0, 0xc6, 0xcd,
0xd3, 0xd9, 0xdf, 0xe4, 0xe8, 0xed, 0xf1, 0xf4, 0xf7, 0xfa, 0xfc, 0xfd, 0xfe, 0xff, 0xff, 0xff,
0xfe, 0xfc, 0xfa, 0xf8, 0xf5, 0xf2, 0xee, 0xea, 0xe5, 0xe0, 0xdb, 0xd5, 0xcf, 0xc8, 0xc2, 0xbb,
0xb4, 0xac, 0xa5, 0x9d, 0x95, 0x8d, 0x85, 0x7c, 0x74, 0x6c, 0x64, 0x5d, 0x55, 0x4d, 0x46, 0x3f,
0x38, 0x32, 0x2c, 0x26, 0x20, 0x1b, 0x16, 0x12, 0xe, 0xa, 0x7, 0x5, 0x3, 0x1, 0x0, 0xff,
0xff, 0xff, 0x0, 0x2, 0x3, 0x6, 0x9, 0xc, 0x10, 0x14, 0x18, 0x1d, 0x23, 0x28, 0x2f, 0x35,
0x3c, 0x42, 0x4a, 0x51, 0x59, 0x60, 0x68, 0x70, 0x78, 0x81, 0x89, 0x91, 0x99, 0xa1, 0xa8, 0xb0,
0xb7, 0xbe, 0xc5, 0xcb, 0xd2, 0xd8, 0xdd, 0xe3, 0xe7, 0xec, 0xf0, 0xf3, 0xf6, 0xf9, 0xfb, 0xfd,
0xfe, 0xff, 0xff, 0xff, 0xfe, 0xfd, 0xfb, 0xf8, 0xf6, 0xf2, 0xef, 0xeb, 0xe6, 0xe1, 0xdc, 0xd6,
0xd0, 0xca, 0xc3, 0xbc, 0xb5, 0xae, 0xa6, 0x9f, 0x97, 0x8f, 0x87, 0x7e, 0x76, 0x6e, 0x66, 0x5e,
0x57, 0x4f, 0x48, 0x41, 0x3a, 0x33, 0x2d, 0x27, 0x21, 0x1c, 0x17, 0x13, 0xf, 0xb, 0x8, 0x5,
0x3, 0x1, 0x0, 0xff, 0xff, 0xff, 0x0, 0x1, 0x3, 0x5, 0x8, 0xb, 0xf, 0x13, 0x17, 0x1c,
0x21, 0x27, 0x2d, 0x33, 0x3a, 0x41, 0x48, 0x4f, 0x57, 0x5f, 0x66, 0x6e, 0x76, 0x7e, 0x87, 0x8f,
0x97, 0x9f, 0xa6, 0xae, 0xb5, 0xbc, 0xc3, 0xca, 0xd0, 0xd6, 0xdc, 0xe1, 0xe6, 0xeb, 0xef, 0xf3,
0xf6, 0xf9, 0xfb, 0xfd, 0xfe, 0xff, 0xff, 0xff, 0xfe, 0xfd, 0xfb, 0xf9, 0xf6, 0xf3, 0xf0, 0xec,
0xe7, 0xe2, 0xdd, 0xd8, 0xd2, 0xcb, 0xc5, 0xbe, 0xb7, 0xb0, 0xa8, 0xa0, 0x99, 0x91, 0x89, 0x81,
0x78, 0x70, 0x68, 0x60, 0x58, 0x51, 0x49, 0x42, 0x3b, 0x35, 0x2e, 0x28, 0x23, 0x1d, 0x18, 0x14,
0x10, 0xc, 0x9, 0x6, 0x3, 0x2, 0x0, 0xff, 0xff, 0xff, 0x0, 0x1, 0x3, 0x5, 0x7, 0xa,
0xe, 0x12, 0x16, 0x1b, 0x20, 0x26, 0x2c, 0x32, 0x38, 0x3f, 0x46, 0x4e, 0x55, 0x5d, 0x65, 0x6c,
0x74, 0x7c, 0x85, 0x8d, 0x95, 0x9d, 0xa5, 0xac, 0xb4, 0xbb, 0xc2, 0xc9, 0xcf, 0xd5, 0xdb, 0xe0,
0xe5, 0xea, 0xee, 0xf2, 0xf5, 0xf8, 0xfa, 0xfc, 0xfe, 0xff, 0xff, 0xff, 0xfe, 0xfd, 0xfc, 0xfa,
0xf7, 0xf4, 0xf1, 0xed, 0xe8, 0xe4, 0xde, 0xd9, 0xd3, 0xcd, 0xc6, 0xbf, 0xb8, 0xb1, 0xaa, 0xa2,
0x9a, 0x93, 0x8b, 0x83, 0x7a, 0x72, 0x6a, 0x62, 0x5a, 0x53, 0x4b, 0x44, 0x3d, 0x36, 0x30, 0x2a,
0x24, 0x1e, 0x19, 0x15, 0x10, 0xd, 0x9, 0x6, 0x4, 0x2, 0x0, 0x0, 0xff, 0xff, 0x0, 0x1,
0x2, 0x4, 0x7, 0xa, 0xd, 0x11, 0x15, 0x1a, 0x1f, 0x25, 0x2a, 0x31, 0x37, 0x3e, 0x45, 0x4c,
0x53, 0x5b, 0x63, 0x6b, 0x73, 0x7b, 0x83, 0x8b, 0x93, 0x9b, 0xa3, 0xab, 0xb2, 0xb9, 0xc0, 0xc7,
0xce, 0xd4, 0xd9, 0xdf, 0xe4, 0xe9, 0xed, 0xf1, 0xf4, 0xf7, 0xfa, 0xfc, 0xfd, 0xfe, 0xff, 0xff,
0xfe, 0xfe, 0xfc, 0xfa, 0xf8, 0xf5, 0xf1, 0xee, 0xe9, 0xe5, 0xe0, 0xda, 0xd4, 0xce, 0xc8, 0xc1,
0xba, 0xb3, 0xab, 0xa4, 0x9c, 0x94, 0x8c, 0x84, 0x7b, 0x73, 0x6b, 0x64, 0x5c, 0x54, 0x4d, 0x46,
0x3f, 0x38, 0x31, 0x2b, 0x25, 0x20, 0x1a, 0x16, 0x11, 0xd, 0xa, 0x7, 0x4, 0x2, 0x1, 0x0,
0xff, 0xff, 0xff, 0x0, 0x2, 0x4, 0x6, 0x9, 0xc, 0x10, 0x14, 0x19, 0x1e, 0x23, 0x29, 0x2f,
0x35, 0x3c, 0x43, 0x4a, 0x52, 0x59, 0x61, 0x69, 0x71, 0x79, 0x82, 0x8a, 0x92, 0x99, 0xa1, 0xa9,
0xb0, 0xb8, 0xbf, 0xc6, 0xcc, 0xd2, 0xd8, 0xde, 0xe3, 0xe8, 0xec, 0xf0, 0xf4, 0xf7, 0xf9, 0xfb,
0xfd, 0xfe, 0xff, 0xff, 0xff, 0xfe, 0xfc, 0xfb, 0xf8, 0xf5, 0xf2, 0xee, 0xea, 0xe6, 0xe1, 0xdb,
0xd6, 0xd0, 0xc9, 0xc3, 0xbc, 0xb5, 0xad, 0xa6, 0x9e, 0x96, 0x8e, 0x86, 0x7d, 0x75, 0x6d, 0x65,
0x5e, 0x56, 0x4e, 0x47, 0x40, 0x39, 0x33, 0x2c, 0x26, 0x21, 0x1c, 0x17, 0x12, 0xe, 0xb, 0x8,
0x5, 0x3, 0x1, 0x0, 0xff, 0xff, 0xff, 0x0, 0x1, 0x3, 0x5, 0x8, 0xb, 0xf, 0x13, 0x18,
0x1d, 0x22, 0x28, 0x2e, 0x34, 0x3b, 0x42, 0x49, 0x50, 0x58, 0x5f, 0x67, 0x6f, 0x77, 0x80, 0x88,
0x90, 0x98, 0x9f, 0xa7, 0xaf, 0xb6, 0xbd, 0xc4, 0xcb, 0xd1, 0xd7, 0xdd, 0xe2, 0xe7, 0xeb, 0xef,
0xf3, 0xf6, 0xf9, 0xfb, 0xfd, 0xfe, 0xff, 0xff, 0xff, 0xfe, 0xfd, 0xfb, 0xf9, 0xf6, 0xf3, 0xef,
0xeb, 0xe7, 0xe2, 0xdd, 0xd7, 0xd1, 0xcb, 0xc4, 0xbd, 0xb6, 0xaf, 0xa7, 0xa0, 0x98, 0x90, 0x88,
0x80, 0x77, 0x6f, 0x67, 0x5f, 0x58, 0x50, 0x49, 0x42, 0x3b, 0x34, 0x2e, 0x28, 0x22, 0x1d, 0x18,
0x13, 0xf, 0xc, 0x8, 0x6, 0x3, 0x1, 0x0, 0xff, 0xff, 0xff, 0x0, 0x1, 0x3, 0x5, 0x8,
0xb, 0xe, 0x12, 0x17, 0x1c, 0x21, 0x26, 0x2c, 0x33, 0x39, 0x40, 0x47, 0x4e, 0x56, 0x5d, 0x65,
0x6d, 0x75, 0x7d, 0x86, 0x8e, 0x96, 0x9e, 0xa5, 0xad, 0xb4, 0xbc, 0xc2, 0xc9, 0xcf, 0xd6, 0xdb,
0xe1, 0xe6, 0xea, 0xee, 0xf2, 0xf5, 0xf8, 0xfb, 0xfc, 0xfe, 0xff, 0xff, 0xff, 0xfe, 0xfd, 0xfb,
0xf9, 0xf7, 0xf4, 0xf0, 0xec, 0xe8, 0xe3, 0xde, 0xd8, 0xd2, 0xcc, 0xc6, 0xbf, 0xb8, 0xb1, 0xa9,
0xa1, 0x9a, 0x92, 0x8a, 0x82, 0x79, 0x71, 0x69, 0x61, 0x59, 0x52, 0x4a, 0x43, 0x3c, 0x36, 0x2f,
0x29, 0x23, 0x1e, 0x19, 0x14, 0x10, 0xc, 0x9, 0x6, 0x4, 0x2, 0x0, 0xff, 0xff, 0xff, 0x0,
0x1, 0x2, 0x4, 0x7, 0xa, 0xd, 0x11, 0x16, 0x1a, 0x20, 0x25, 0x2b, 0x31, 0x38, 0x3e, 0x45,
0x4d, 0x54, 0x5c, 0x63, 0x6b, 0x73, 0x7b, 0x84, 0x8c, 0x94, 0x9c, 0xa4, 0xab, 0xb3, 0xba, 0xc1,
0xc8, 0xce, 0xd4, 0xda, 0xdf, 0xe5, 0xe9, 0xed, 0xf1, 0xf5, 0xf8, 0xfa, 0xfc, 0xfd, 0xfe, 0xff,
0xff, 0xfe, 0xfd, 0xfc, 0xfa, 0xf7, 0xf4, 0xf1, 0xed, 0xe9, 0xe4, 0xdf, 0xda, 0xd4, 0xce, 0xc7,
0xc0, 0xb9, 0xb2, 0xab, 0xa3, 0x9b, 0x94, 0x8c, 0x84, 0x7b, 0x73, 0x6b, 0x63, 0x5b, 0x54, 0x4c,
0x45, 0x3e, 0x37, 0x31, 0x2a, 0x25, 0x1f, 0x1a, 0x15, 0x11, 0xd, 0xa, 0x7, 0x4, 0x2, 0x1,
0x0, 0xff, 0xff, 0x0, 0x0, 0x2, 0x4, 0x6, 0x9, 0xd, 0x10, 0x15, 0x19, 0x1e, 0x24, 0x2a,
0x30, 0x36, 0x3d, 0x44, 0x4b, 0x52, 0x5a, 0x62, 0x6a, 0x71, 0x79, 0x82, 0x8a, 0x92, 0x9a, 0xa2,
0xaa, 0xb1, 0xb8, 0xbf, 0xc6, 0xcd, 0xd3, 0xd9, 0xde, 0xe3, 0xe8, 0xed, 0xf0, 0xf4, 0xf7, 0xfa,
0xfc, 0xfd, 0xfe, 0xff, 0xff, 0xff, 0xfe, 0xfc, 0xfa, 0xf8, 0xf5, 0xf2, 0xee, 0xea, 0xe5, 0xe0,
0xdb, 0xd5, 0xcf, 0xc9, 0xc2, 0xbb, 0xb4, 0xac, 0xa5, 0x9d, 0x95, 0x8d, 0x86, 0x7d, 0x75, 0x6d,
0x65, 0x5d, 0x55, 0x4e, 0x47, 0x3f, 0x39, 0x32, 0x2c, 0x26, 0x20, 0x1b, 0x16, 0x12, 0xe, 0xa,
0x7, 0x5, 0x3, 0x1, 0x0, 0xff, 0xff, 0xff, 0x0, 0x2, 0x3, 0x6, 0x8, 0xc, 0xf, 0x14,
0x18, 0x1d, 0x22, 0x28, 0x2e, 0x35, 0x3b, 0x42, 0x49, 0x51, 0x58, 0x60, 0x68, 0x70, 0x78, 0x81,
0x89, 0x91, 0x98, 0xa0, 0xa8, 0xaf, 0xb7, 0xbe, 0xc5, 0xcb, 0xd1, 0xd7, 0xdd, 0xe2, 0xe7, 0xec,
0xf0, 0xf3, 0xf6, 0xf9, 0xfb, 0xfd, 0xfe, 0xff, 0xff, 0xff, 0xfe, 0xfd, 0xfb, 0xf9, 0xf6, 0xf3,
0xef, 0xeb, 0xe6, 0xe1, 0xdc, 0xd6, 0xd0, 0xca, 0xc4, 0xbd, 0xb5, 0xae, 0xa7, 0x9f, 0x97, 0x8f,
0x87, 0x7e, 0x76, 0x6e, 0x66, 0x5f, 0x57, 0x50, 0x48, 0x41, 0x3a, 0x34, 0x2d, 0x27, 0x22, 0x1c,
0x17, 0x13, 0xf, 0xb, 0x8, 0x5, 0x3, 0x1, 0x0, 0xff, 0xff, 0xff, 0x0, 0x1, 0x3, 0x5,
0x8, 0xb, 0xf, 0x13, 0x17, 0x1c, 0x21, 0x27, 0x2d, 0x33, 0x3a, 0x41, 0x48, 0x4f, 0x56, 0x5e,
0x66, 0x6e, 0x76, 0x7e, 0x87, 0x8f, 0x97, 0x9e, 0xa6, 0xae, 0xb5, 0xbc, 0xc3, 0xca, 0xd0, 0xd6,
0xdc, 0xe1, 0xe6, 0xeb, 0xef, 0xf2, 0xf6, 0xf8, 0xfb, 0xfd, 0xfe, 0xff, 0xff, 0xff, 0xfe, 0xfd,
0xfb, 0xf9, 0xf7, 0xf3, 0xf0, 0xec, 0xe7, 0xe3, 0xdd, 0xd8, 0xd2, 0xcc, 0xc5, 0xbe, 0xb7, 0xb0,
0xa8, 0xa1, 0x99, 0x91, 0x89, 0x81, 0x78, 0x70, 0x68, 0x60, 0x59, 0x51, 0x4a, 0x43, 0x3c, 0x35,
0x2f, 0x29, 0x23, 0x1d, 0x19, 0x14, 0x10, 0xc, 0x9, 0x6, 0x4, 0x2, 0x0, 0xff, 0xff, 0xff,
0x0, 0x1, 0x2, 0x5, 0x7, 0xa, 0xe, 0x12, 0x16, 0x1b, 0x20, 0x26, 0x2b, 0x32, 0x38, 0x3f,
0x46, 0x4d, 0x55, 0x5c, 0x64, 0x6c, 0x74, 0x7c, 0x85, 0x8d, 0x95, 0x9d, 0xa4, 0xac, 0xb3, 0xbb,
0xc2, 0xc8, 0xcf, 0xd5, 0xdb, 0xe0, 0xe5, 0xea, 0xee, 0xf2, 0xf5, 0xf8, 0xfa, 0xfc, 0xfe, 0xff,
0xff, 0xff, 0xfe, 0xfd, 0xfc, 0xfa, 0xf7, 0xf4, 0xf1, 0xed, 0xe8, 0xe4, 0xdf, 0xd9, 0xd3, 0xcd,
0xc7, 0xc0, 0xb9, 0xb2, 0xaa, 0xa2, 0x9b, 0x93, 0x8b, 0x83, 0x7a, 0x72, 0x6a, 0x62, 0x5a, 0x53,
0x4b, 0x44, 0x3d, 0x37, 0x30, 0x2a, 0x24, 0x1f, 0x1a, 0x15, 0x11, 0xd, 0x9, 0x6, 0x4, 0x2,
0x1, 0x0, 0xff, 0xff, 0x0, 0x1, 0x2, 0x4, 0x7, 0x9, 0xd, 0x11, 0x15, 0x1a, 0x1f, 0x24,
0x2a, 0x30, 0x37, 0x3d, 0x44, 0x4c, 0x53, 0x5b, 0x62, 0x6a, 0x72, 0x7a, 0x83, 0x8b, 0x93, 0x9b,
0xa3, 0xaa, 0xb2, 0xb9, 0xc0, 0xc7, 0xcd, 0xd3, 0xd9, 0xdf, 0xe4, 0xe9, 0xed, 0xf1, 0xf4, 0xf7,
0xfa, 0xfc, 0xfd, 0xfe, 0xff, 0xff, 0xff, 0xfe, 0xfc, 0xfa, 0xf8, 0xf5, 0xf2, 0xee, 0xea, 0xe5,
0xe0, 0xda, 0xd5, 0xcf, 0xc8, 0xc1, 0xba, 0xb3, 0xac, 0xa4, 0x9d, 0x95, 0x8d, 0x85, 0x7c, 0x74,
0x6c, 0x64, 0x5c, 0x55, 0x4d, 0x46, 0x3f, 0x38, 0x32, 0x2b, 0x25, 0x20, 0x1b, 0x16, 0x12, 0xe,
0xa, 0x7, 0x5, 0x2, 0x1, 0x0, 0xff, 0xff, 0xff, 0x0, 0x2, 0x4, 0x6, 0x9, 0xc, 0x10,
0x14, 0x19, 0x1e, 0x23, 0x29, 0x2f, 0x35, 0x3c, 0x43, 0x4a, 0x51, 0x59, 0x61, 0x68, 0x70, 0x78,
0x81, 0x89, 0x91, 0x99, 0xa1, 0xa9, 0xb0, 0xb7, 0xbe, 0xc5, 0xcc, 0xd2, 0xd8, 0xde, 0xe3, 0xe8,
0xec, 0xf0, 0xf3, 0xf7, 0xf9, 0xfb, 0xfd, 0xfe, 0xff, 0xff, 0xff, 0xfe, 0xfc, 0xfb, 0xf8, 0xf6,
0xf2, 0xef, 0xeb, 0xe6, 0xe1, 0xdc, 0xd6, 0xd0, 0xca, 0xc3, 0xbc, 0xb5, 0xad, 0xa6, 0x9e, 0x96,
0x8f, 0x87, 0x7e, 0x76, 0x6e, 0x66, 0x5e, 0x56, 0x4f, 0x48, 0x40, 0x3a, 0x33, 0x2d, 0x27, 0x21,
0x1c, 0x17, 0x13, 0xe, 0xb, 0x8, 0x5, 0x3, 0x1, 0x0, 0xff, 0xff, 0xff, 0x0, 0x1, 0x3,
0x5, 0x8, 0xb, 0xf, 0x13, 0x18, 0x1c, 0x22, 0x27, 0x2d, 0x34, 0x3a, 0x41, 0x48, 0x50, 0x57,
0x5f, 0x67, 0x6f, 0x77, 0x7e, 0x87, 0x8f, 0x97, 0x9f, 0xa7, 0xae, 0xb6, 0xbd, 0xc4, 0xca, 0xd1,
0xd7, 0xdc, 0xe2, 0xe6, 0xeb, 0xef, 0xf3, 0xf6, 0xf9, 0xfb, 0xfd, 0xfe, 0xff, 0xff, 0xff, 0xfe,
0xfd, 0xfb, 0xf9, 0xf6, 0xf3, 0xf0, 0xeb, 0xe7, 0xe2, 0xdd, 0xd7, 0xd1, 0xcb, 0xc4, 0xbe, 0xb6,
0xaf, 0xa8, 0xa0, 0x98, 0x90, 0x88, 0x80, 0x77, 0x6f, 0x68, 0x60, 0x58, 0x51, 0x49, 0x42, 0x3b,
0x34, 0x2e, 0x28, 0x22, 0x1d, 0x18, 0x13, 0xf, 0xc, 0x8, 0x6, 0x3, 0x2, 0x0, 0xff, 0xff,
0xff, 0x0, 0x1, 0x3, 0x5, 0x7, 0xb, 0xe, 0x12, 0x16, 0x1b, 0x20, 0x26, 0x2c, 0x32, 0x39,
0x40, 0x47, 0x4e, 0x55, 0x5d, 0x65, 0x6d, 0x75, 0x7d, 0x86, 0x8e, 0x96, 0x9d, 0xa5, 0xad, 0xb4,
0xbb, 0xc2, 0xc9, 0xcf, 0xd5, 0xdb, 0xe0, 0xe5, 0xea, 0xee, 0xf2, 0xf5, 0xf8, 0xfa, 0xfc, 0xfe,
0xff, 0xff, 0xff, 0xfe, 0xfd, 0xfc, 0xf9, 0xf7, 0xf4, 0xf0, 0xec, 0xe8, 0xe3, 0xde, 0xd9, 0xd3,
0xcc, 0xc6, 0xbf, 0xb8, 0xb1, 0xa9, 0xa2, 0x9a, 0x92, 0x8a, 0x82, 0x79, 0x71, 0x69, 0x62, 0x5a,
0x52, 0x4b, 0x44, 0x3d, 0x36, 0x30, 0x29, 0x24, 0x1e, 0x19, 0x14, 0x10, 0xc, 0x9, 0x6, 0x4,
0x2, 0x0, 0xff, 0xff, 0xff, 0x0, 0x1, 0x2, 0x4, 0x7, 0xa, 0xd, 0x11, 0x15, 0x1a, 0x1f,
0x25, 0x2b, 0x31, 0x37, 0x3e, 0x45, 0x4c, 0x54, 0x5b, 0x63, 0x6b, 0x73, 0x7b, 0x84, 0x8c, 0x94,
0x9c, 0xa3, 0xab, 0xb2, 0xba, 0xc1, 0xc7, 0xce, 0xd4, 0xda, 0xdf, 0xe4, 0xe9, 0xed, 0xf1, 0xf5,
0xf7, 0xfa, 0xfc, 0xfd, 0xfe, 0xff, 0xff, 0xfe, 0xfd, 0xfc, 0xfa, 0xf8, 0xf5, 0xf1, 0xed, 0xe9,
0xe4, 0xdf, 0xda, 0xd4, 0xce, 0xc7, 0xc1, 0xba, 0xb3, 0xab, 0xa4, 0x9c, 0x94, 0x8c, 0x84, 0x7b,
0x73, 0x6b, 0x63, 0x5c, 0x54, 0x4c, 0x45, 0x3e, 0x37, 0x31, 0x2b, 0x25, 0x1f, 0x1a, 0x16, 0x11,
0xd, 0xa, 0x7, 0x4, 0x2, 0x1, 0x0, 0xff, 0xff, 0xff, 0x0, 0x2, 0x4, 0x6, 0x9, 0xc,
0x10, 0x14, 0x19, 0x1e, 0x23, 0x29, 0x2f, 0x36, 0x3c, 0x43, 0x4b, 0x52, 0x5a, 0x61, 0x69, 0x71,
0x79, 0x82, 0x8a, 0x92, 0x9a, 0xa2, 0xa9, 0xb1, 0xb8, 0xbf, 0xc6, 0xcc, 0xd3, 0xd8, 0xde, 0xe3,
0xe8, 0xec, 0xf0, 0xf4, 0xf7, 0xf9, 0xfc, 0xfd, 0xfe, 0xff, 0xff, 0xff, 0xfe, 0xfc, 0xfa, 0xf8,
0xf5, 0xf2, 0xee, 0xea, 0xe6, 0xe1, 0xdb, 0xd5, 0xcf, 0xc9, 0xc2, 0xbb, 0xb4, 0xad, 0xa5, 0x9e,
0x96, 0x8e, 0x86, 0x7d, 0x75, 0x6d, 0x65, 0x5d, 0x56, 0x4e, 0x47, 0x40, 0x39, 0x32, 0x2c, 0x26,
0x21, 0x1b, 0x17, 0x12, 0xe, 0xb, 0x7, 0x5, 0x3, 0x1, 0x0, 0xff, 0xff, 0xff, 0x0, 0x1,
0x3, 0x6, 0x8, 0xc, 0xf, 0x13, 0x18, 0x1d, 0x22, 0x28, 0x2e, 0x34, 0x3b, 0x42, 0x49, 0x50,
0x58, 0x60, 0x67, 0x6f, 0x77, 0x80, 0x88, 0x90, 0x98, 0xa0, 0xa8, 0xaf, 0xb6, 0xbd, 0xc4, 0xcb,
0xd1, 0xd7, 0xdd, 0xe2, 0xe7, 0xeb, 0xef, 0xf3, 0xf6, 0xf9, 0xfb, 0xfd, 0xfe, 0xff, 0xff, 0xff,
0xfe, 0xfd, 0xfb, 0xf9, 0xf6, 0xf3, 0xef, 0xeb, 0xe7, 0xe2, 0xdc, 0xd7, 0xd1, 0xca, 0xc4, 0xbd,
0xb6, 0xaf, 0xa7, 0x9f, 0x98, 0x90, 0x88, 0x80, 0x77, 0x6f, 0x67, 0x5f, 0x57, 0x50, 0x49, 0x41,
0x3a, 0x34, 0x2e, 0x28, 0x22, 0x1d, 0x18, 0x13, 0xf, 0xb, 0x8, 0x5, 0x3, 0x1, 0x0, 0xff,
0xff, 0xff, 0x0, 0x1, 0x3, 0x5, 0x8, 0xb, 0xe, 0x12, 0x17, 0x1c, 0x21, 0x27, 0x2d, 0x33,
0x39, 0x40, 0x47, 0x4f, 0x56, 0x5e, 0x66, 0x6d, 0x75, 0x7d, 0x86, 0x8e, 0x96, 0x9e, 0xa6, 0xad,
0xb5, 0xbc, 0xc3, 0xc9, 0xd0, 0xd6, 0xdc, 0xe1, 0xe6, 0xea, 0xef, 0xf2, 0xf6, 0xf8, 0xfb, 0xfc,
0xfe, 0xff, 0xff, 0xff, 0xfe, 0xfd, 0xfb, 0xf9, 0xf7, 0xf4, 0xf0, 0xec, 0xe8, 0xe3, 0xde, 0xd8,
0xd2, 0xcc, 0xc5, 0xbf, 0xb7, 0xb0, 0xa9, 0xa1, 0x99, 0x91, 0x89, 0x82, 0x79, 0x71, 0x69, 0x61,
0x59, 0x52, 0x4a, 0x43, 0x3c, 0x35, 0x2f, 0x29, 0x23, 0x1e, 0x19, 0x14, 0x10, 0xc, 0x9, 0x6,
0x4, 0x2, 0x0, 0xff, 0xff, 0xff, 0x0, 0x1, 0x2, 0x4, 0x7, 0xa, 0xe, 0x11, 0x16, 0x1b,
0x20, 0x25, 0x2b, 0x31, 0x38, 0x3f, 0x46, 0x4d, 0x54, 0x5c, 0x64, 0x6c, 0x74, 0x7c, 0x85, 0x8d,
0x94, 0x9c, 0xa4, 0xac, 0xb3, 0xba, 0xc1, 0xc8, 0xce, 0xd4, 0xda, 0xe0, 0xe5, 0xe9, 0xee, 0xf1,
0xf5, 0xf8, 0xfa, 0xfc, 0xfe, 0xfe, 0xff, 0xff, 0xfe, 0xfd, 0xfc, 0xfa, 0xf7, 0xf4, 0xf1, 0xed,
0xe9, 0xe4, 0xdf, 0xd9, 0xd4, 0xcd, 0xc7, 0xc0, 0xb9, 0xb2, 0xaa, 0xa3, 0x9b, 0x93, 0x8b, 0x83,
0x7a, 0x72, 0x6a, 0x63, 0x5b, 0x53, 0x4c, 0x45, 0x3e, 0x37, 0x30, 0x2a, 0x24, 0x1f, 0x1a, 0x15,
0x11, 0xd, 0xa, 0x7, 0x4, 0x2, 0x1, 0x0, 0xff, 0xff, 0x0, 0x1, 0x2, 0x4, 0x6, 0x9,
0xd, 0x11, 0x15, 0x19, 0x1f, 0x24, 0x2a, 0x30, 0x36, 0x3d, 0x44, 0x4b, 0x53, 0x5a, 0x62, 0x6a,
0x72, 0x7a, 0x83, 0x8b, 0x93, 0x9b, 0xa2, 0xaa, 0xb1, 0xb9, 0xc0, 0xc6, 0xcd, 0xd3, 0xd9, 0xdf,
0xe4, 0xe8, 0xed, 0xf1, 0xf4, 0xf7, 0xfa, 0xfc, 0xfd, 0xfe, 0xff, 0xff, 0xff, 0xfe, 0xfc, 0xfa,
0xf8, 0xf5, 0xf2, 0xee, 0xea, 0xe5, 0xe0, 0xdb, 0xd5, 0xcf, 0xc8, 0xc2, 0xbb, 0xb4, 0xac, 0xa5,
0x9d, 0x95, 0x8d, 0x85, 0x7c, 0x74, 0x6c, 0x64, 0x5d, 0x55, 0x4d, 0x46, 0x3f, 0x38, 0x32, 0x2c,
0x26, 0x20, 0x1b, 0x16, 0x12, 0xe, 0xa, 0x7, 0x5, 0x3, 0x1, 0x0, 0xff, 0xff, 0xff, 0x0,
0x2, 0x3, 0x6, 0x9, 0xc, 0x10, 0x14, 0x18, 0x1d, 0x23, 0x28, 0x2f, 0x35, 0x3c, 0x42, 0x4a,
0x51, 0x59, 0x60, 0x68, 0x70, 0x78, 0x81, 0x89, 0x91, 0x99, 0xa1, 0xa8, 0xb0, 0xb7, 0xbe, 0xc5,
0xcb, 0xd2, 0xd8, 0xdd, 0xe2, 0xe7, 0xec, 0xf0, 0xf3, 0xf6, 0xf9, 0xfb, 0xfd, 0xfe, 0xff, 0xff,
0xff, 0xfe, 0xfd, 0xfb, 0xf8, 0xf6, 0xf2, 0xef, 0xeb, 0xe6, 0xe1, 0xdc, 0xd6, 0xd0, 0xca, 0xc3,
0xbc, 0xb5, 0xae, 0xa6, 0x9f, 0x97, 0x8f, 0x87, 0x7e, 0x76, 0x6e, 0x66, 0x5e, 0x57, 0x4f, 0x48,
0x41, 0x3a, 0x33, 0x2d, 0x27, 0x21, 0x1c, 0x17, 0x13, 0xf, 0xb, 0x8, 0x5, 0x3, 0x1, 0x0,
0xff, 0xff, 0xff, 0x0, 0x1, 0x3, 0x5, 0x8, 0xb, 0xf, 0x13, 0x17, 0x1c, 0x21, 0x27, 0x2d,
0x33, 0x3a, 0x41, 0x48, 0x4f, 0x57, 0x5f, 0x66, 0x6e, 0x76, 0x7e, 0x87, 0x8f, 0x97, 0x9f, 0xa6,
0xae, 0xb5, 0xbc, 0xc3, 0xca, 0xd0, 0xd6, 0xdc, 0xe1, 0xe6, 0xeb, 0xef, 0xf3, 0xf6, 0xf9, 0xfb,
0xfd, 0xfe, 0xff, 0xff, 0xff, 0xfe, 0xfd, 0xfb, 0xf9, 0xf6, 0xf3, 0xf0, 0xec, 0xe7, 0xe2, 0xdd,
0xd8, 0xd2, 0xcb, 0xc5, 0xbe, 0xb7, 0xb0, 0xa8, 0xa0, 0x99, 0x91, 0x89, 0x81, 0x78, 0x70, 0x68,
0x60, 0x58, 0x51, 0x49, 0x42, 0x3b, 0x35, 0x2e, 0x28, 0x23, 0x1d, 0x18, 0x14, 0x10, 0xc, 0x9,
0x6, 0x3, 0x2, 0x0, 0xff, 0xff, 0xff, 0x0, 0x1, 0x3, 0x5, 0x7, 0xa, 0xe, 0x12, 0x16,
0x1b, 0x20, 0x26, 0x2c, 0x32, 0x39, 0x3f, 0x46, 0x4e, 0x55, 0x5d, 0x65, 0x6c, 0x74, 0x7c, 0x85,
0x8d, 0x95, 0x9d, 0xa5, 0xac, 0xb4, 0xbb, 0xc2, 0xc9, 0xcf, 0xd5, 0xdb, 0xe0, 0xe5, 0xea, 0xee,
0xf2, 0xf5, 0xf8, 0xfa, 0xfc, 0xfe, 0xff, 0xff, 0xff, 0xfe, 0xfd, 0xfc, 0xfa, 0xf7, 0xf4, 0xf1,
0xed, 0xe8, 0xe4, 0xde, 0xd9, 0xd3, 0xcd, 0xc6, 0xbf, 0xb8, 0xb1, 0xaa, 0xa2, 0x9a, 0x93, 0x8b,
0x83, 0x7a, 0x72, 0x6a, 0x62, 0x5a, 0x53, 0x4b, 0x44, 0x3d, 0x36, 0x30, 0x2a, 0x24, 0x1e, 0x19,
0x15, 0x10, 0xd, 0x9, 0x6, 0x4, 0x2, 0x0, 0x0, 0xff, 0xff, 0x0, 0x1, 0x2, 0x4, 0x7,
0xa, 0xd, 0x11, 0x15, 0x1a, 0x1f, 0x25, 0x2a, 0x31, 0x37, 0x3e, 0x45, 0x4c, 0x53, 0x5b, 0x63,
0x6b, 0x73, 0x7b, 0x83, 0x8b, 0x93, 0x9b, 0xa3, 0xab, 0xb2, 0xb9, 0xc0, 0xc7, 0xcd, 0xd4, 0xda,
0xdf, 0xe4, 0xe9, 0xed, 0xf1, 0xf4, 0xf7, 0xfa, 0xfc, 0xfd, 0xfe, 0xff, 0xff, 0xff, 0xfd, 0xfc,
0xfa, 0xf8, 0xf5, 0xf1, 0xee, 0xe9, 0xe5, 0xe0, 0xda, 0xd4, 0xce, 0xc8, 0xc1, 0xba, 0xb3, 0xab,
0xa4, 0x9c, 0x94, 0x8c, 0x84, 0x7b, 0x73, 0x6b, 0x64, 0x5c, 0x54, 0x4d, 0x46, 0x3f, 0x38, 0x31,
0x2b, 0x25, 0x20, 0x1a, 0x16, 0x11, 0xd, 0xa, 0x7, 0x4, 0x2, 0x1, 0x0, 0xff, 0xff, 0xff,
0x0, 0x2, 0x4, 0x6, 0x9, 0xc, 0x10, 0x14, 0x19, 0x1e, 0x23, 0x29, 0x2f, 0x35, 0x3c, 0x43,
0x4a, 0x52, 0x59, 0x61, 0x69, 0x71, 0x79, 0x82, 0x8a, 0x92, 0x99, 0xa1, 0xa9, 0xb0, 0xb8, 0xbf,
0xc6, 0xcc, 0xd2, 0xd8, 0xde, 0xe3, 0xe8, 0xec, 0xf0, 0xf4, 0xf7, 0xf9, 0xfb, 0xfd, 0xfe, 0xff,
0xff, 0xff, 0xfe, 0xfc, 0xfb, 0xf8, 0xf5, 0xf2, 0xee, 0xea, 0xe6, 0xe1, 0xdb, 0xd6, 0xd0, 0xc9,
0xc3, 0xbc, 0xb5, 0xad, 0xa6, 0x9e, 0x96, 0x8e, 0x86, 0x7d, 0x75, 0x6d, 0x65, 0x5e, 0x56, 0x4e,
0x47, 0x40, 0x39, 0x33, 0x2c, 0x26, 0x21, 0x1c, 0x17, 0x12, 0xe, 0xb, 0x8, 0x5, 0x3, 0x1,
0x0, 0xff, 0xff, 0xff, 0x0, 0x1, 0x3, 0x5, 0x8, 0xb, 0xf, 0x13, 0x18, 0x1d, 0x22, 0x28,
0x2e, 0x34, 0x3b, 0x42, 0x49, 0x50, 0x58, 0x5f, 0x67, 0x6f, 0x77, 0x80, 0x88, 0x90, 0x98, 0x9f,
0xa7, 0xaf, 0xb6, 0xbd, 0xc4, 0xcb, 0xd1, 0xd7, 0xdd, 0xe2, 0xe7, 0xeb, 0xef, 0xf3, 0xf6, 0xf9,
0xfb, 0xfd, 0xfe, 0xff, 0xff, 0xff, 0xfe, 0xfd, 0xfb, 0xf9, 0xf6, 0xf3, 0xef, 0xeb, 0xe7, 0xe2,
0xdd, 0xd7, 0xd1, 0xcb, 0xc4, 0xbd, 0xb6, 0xaf, 0xa7, 0xa0, 0x98, 0x90, 0x88, 0x80, 0x77, 0x6f,
0x67, 0x5f, 0x58, 0x50, 0x49, 0x42, 0x3b, 0x34, 0x2e, 0x28, 0x22, 0x1d, 0x18, 0x13, 0xf, 0xc,
0x8, 0x6, 0x3, 0x1, 0x0, 0xff, 0xff, 0xff, 0x0, 0x1, 0x3, 0x5, 0x8, 0xb, 0xe, 0x12,
0x17, 0x1c, 0x21, 0x26, 0x2c, 0x33, 0x39, 0x40, 0x47, 0x4e, 0x56, 0x5d, 0x65, 0x6d, 0x75, 0x7d,
0x86, 0x8e, 0x96, 0x9e, 0xa5, 0xad, 0xb4, 0xbc, 0xc2, 0xc9, 0xcf, 0xd6, 0xdb, 0xe1, 0xe6, 0xea,
0xee, 0xf2, 0xf5, 0xf8, 0xfb, 0xfc, 0xfe, 0xff, 0xff, 0xff, 0xfe, 0xfd, 0xfb, 0xf9, 0xf7, 0xf4,
0xf0, 0xec, 0xe8, 0xe3, 0xde, 0xd8, 0xd2, 0xcc, 0xc6, 0xbf, 0xb8, 0xb1, 0xa9, 0xa1, 0x9a, 0x92,
0x8a, 0x82, 0x79, 0x71, 0x69, 0x61, 0x59, 0x52, 0x4a, 0x43, 0x3c, 0x36, 0x2f, 0x29, 0x23, 0x1e,
0x19, 0x14, 0x10, 0xc, 0x9, 0x6, 0x4, 0x2, 0x0, 0xff, 0xff, 0xff, 0x0, 0x1, 0x2, 0x4,
0x7, 0xa, 0xd, 0x11, 0x16, 0x1a, 0x20, 0x25, 0x2b, 0x31, 0x38, 0x3e, 0x45, 0x4d, 0x54, 0x5c,
0x63, 0x6b, 0x73, 0x7b, 0x84, 0x8c, 0x94, 0x9c, 0xa4, 0xab, 0xb3, 0xba, 0xc1, 0xc8, 0xce, 0xd4,
0xda, 0xdf, 0xe5, 0xe9, 0xed, 0xf1, 0xf5, 0xf8, 0xfa, 0xfc, 0xfd, 0xfe, 0xff, 0xff, 0xfe, 0xfd,
0xfc, 0xfa, 0xf7, 0xf4, 0xf1, 0xed, 0xe9, 0xe4, 0xdf, 0xda, 0xd4, 0xce, 0xc7, 0xc0, 0xb9, 0xb2,
0xab, 0xa3, 0x9b, 0x94, 0x8c, 0x84, 0x7b, 0x73, 0x6b, 0x63, 0x5b, 0x54, 0x4c, 0x45, 0x3e, 0x37,
0x31, 0x2a, 0x25, 0x1f, 0x1a, 0x15, 0x11, 0xd, 0xa, 0x7, 0x4, 0x2, 0x1, 0x0, 0xff, 0xff,
0x0, 0x0, 0x2, 0x4, 0x6, 0x9, 0xd, 0x10, 0x15, 0x19, 0x1e, 0x24, 0x2a, 0x30, 0x36, 0x3d,
0x44, 0x4b, 0x52, 0x5a, 0x62, 0x6a, 0x71, 0x79, 0x82, 0x8a, 0x92, 0x9a, 0xa2, 0xaa, 0xb1, 0xb8,
0xbf, 0xc6, 0xcd, 0xd3, 0xd9, 0xde, 0xe3, 0xe8, 0xed, 0xf0, 0xf4, 0xf7, 0xfa, 0xfc, 0xfd, 0xfe,
0xff, 0xff, 0xff, 0xfe, 0xfc, 0xfa, 0xf8, 0xf5, 0xf2, 0xee, 0xea, 0xe5, 0xe0, 0xdb, 0xd5, 0xcf,
0xc9, 0xc2, 0xbb, 0xb4, 0xac, 0xa5, 0x9d, 0x95, 0x8d, 0x85, 0x7d, 0x75, 0x6d, 0x65, 0x5d, 0x55,
0x4e, 0x47, 0x3f, 0x39, 0x32, 0x2c, 0x26, 0x20, 0x1b, 0x16, 0x12, 0xe, 0xa, 0x7, 0x5, 0x3,
0x1, 0x0, 0xff, 0xff, 0xff, 0x0, 0x2, 0x3, 0x6, 0x8, 0xc, 0xf, 0x14, 0x18, 0x1d, 0x22,
0x28, 0x2e, 0x35, 0x3b, 0x42, 0x49, 0x51, 0x58, 0x60, 0x68, 0x70, 0x78, 0x81, 0x89, 0x91, 0x98,
0xa0, 0xa8, 0xaf, 0xb7, 0xbe, 0xc5, 0xcb, 0xd1, 0xd7, 0xdd, 0xe2, 0xe7, 0xec, 0xf0, 0xf3, 0xf6,
0xf9, 0xfb, 0xfd, 0xfe, 0xff, 0xff, 0xff, 0xfe, 0xfd, 0xfb, 0xf9, 0xf6, 0xf3, 0xef, 0xeb, 0xe6,
0xe1, 0xdc, 0xd6, 0xd0, 0xca, 0xc4, 0xbd, 0xb6, 0xae, 0xa7, 0x9f, 0x97, 0x8f, 0x87, 0x7e, 0x76,
0x6e, 0x67, 0x5f, 0x57, 0x50, 0x48, 0x41, 0x3a, 0x34, 0x2d, 0x27, 0x22, 0x1c, 0x17, 0x13, 0xf,
0xb, 0x8, 0x5, 0x3, 0x1, 0x0, 0xff, 0xff, 0xff, 0x0, 0x1, 0x3, 0x5, 0x8, 0xb, 0xf,
0x13, 0x17, 0x1c, 0x21, 0x27, 0x2d, 0x33, 0x3a, 0x41, 0x48, 0x4f, 0x57, 0x5e, 0x66, 0x6e, 0x76,
0x7e, 0x87, 0x8f, 0x97, 0x9e, 0xa6, 0xae, 0xb5, 0xbc, 0xc3, 0xca, 0xd0, 0xd6, 0xdc, 0xe1, 0xe6,
0xeb, 0xef, 0xf2, 0xf6, 0xf8, 0xfb, 0xfd, 0xfe, 0xff, 0xff, 0xff, 0xfe, 0xfd, 0xfb, 0xf9, 0xf7,
0xf3, 0xf0, 0xec, 0xe7, 0xe3, 0xdd, 0xd8, 0xd2, 0xcc, 0xc5, 0xbe, 0xb7, 0xb0, 0xa8, 0xa1, 0x99,
0x91, 0x89, 0x81, 0x78, 0x70, 0x68, 0x60, 0x59, 0x51, 0x4a, 0x43, 0x3c, 0x35, 0x2f, 0x29, 0x23,
0x1d, 0x18, 0x14, 0x10, 0xc, 0x9, 0x6, 0x4, 0x2, 0x0, 0xff, 0xff, 0xff, 0x0, 0x1, 0x2,
0x5, 0x7, 0xa, 0xe, 0x12, 0x16, 0x1b, 0x20, 0x26, 0x2b, 0x32, 0x38, 0x3f, 0x46, 0x4d, 0x55,
0x5c, 0x64, 0x6c, 0x74, 0x7c, 0x85, 0x8d, 0x95, 0x9d, 0xa4, 0xac, 0xb3, 0xbb, 0xc2, 0xc8, 0xcf,
0xd5, 0xdb, 0xe0, 0xe5, 0xea, 0xee, 0xf2, 0xf5, 0xf8, 0xfa, 0xfc, 0xfe, 0xff, 0xff, 0xff, 0xfe,
0xfd, 0xfc, 0xfa, 0xf7, 0xf4, 0xf1, 0xed, 0xe8, 0xe4, 0xdf, 0xd9, 0xd3, 0xcd, 0xc7, 0xc0, 0xb9,
0xb2, 0xaa, 0xa2, 0x9b, 0x93, 0x8b, 0x83, 0x7a, 0x72, 0x6a, 0x62, 0x5a, 0x53, 0x4b, 0x44, 0x3d,
0x37, 0x30, 0x2a, 0x24, 0x1f, 0x1a, 0x15, 0x11, 0xd, 0x9, 0x6, 0x4, 0x2, 0x1, 0x0, 0xff,
0xff, 0x0, 0x1, 0x2, 0x4, 0x7, 0x9, 0xd, 0x11, 0x15, 0x1a, 0x1f, 0x24, 0x2a, 0x30, 0x37,
0x3d, 0x44, 0x4c, 0x53, 0x5b, 0x62, 0x6a, 0x72, 0x7a, 0x83, 0x8b, 0x93, 0x9b, 0xa3, 0xaa, 0xb2,
0xb9, 0xc0, 0xc7, 0xcd, 0xd3, 0xd9, 0xdf, 0xe4, 0xe9, 0xed, 0xf1, 0xf4, 0xf7, 0xfa, 0xfc, 0xfd,
0xfe, 0xff, 0xff, 0xff, 0xfe, 0xfc, 0xfa, 0xf8, 0xf5, 0xf2, 0xee, 0xea, 0xe5, 0xe0, 0xda, 0xd5,
0xcf, 0xc8, 0xc1, 0xba, 0xb3, 0xac, 0xa4, 0x9c, 0x95, 0x8d, 0x85, 0x7c, 0x74, 0x6c, 0x64, 0x5c,
0x55, 0x4d, 0x46, 0x3f, 0x38, 0x32, 0x2b, 0x25, 0x20, 0x1b, 0x16, 0x12, 0xe, 0xa, 0x7, 0x5,
0x2, 0x1, 0x0, 0xff, 0xff, 0xff, 0x0, 0x2, 0x4, 0x6, 0x9, 0xc, 0x10, 0x14, 0x19, 0x1e,
0x23, 0x29, 0x2f, 0x35, 0x3c, 0x43, 0x4a, 0x51, 0x59, 0x61, 0x68, 0x70, 0x78, 0x81, 0x89, 0x91,
0x99, 0xa1, 0xa9, 0xb0, 0xb7, 0xbe, 0xc5, 0xcc, 0xd2, 0xd8, 0xde, 0xe3, 0xe8, 0xec, 0xf0, 0xf4,
0xf7, 0xf9, 0xfb, 0xfd, 0xfe, 0xff, 0xff, 0xff, 0xfe, 0xfc, 0xfb, 0xf8, 0xf6, 0xf2, 0xef, 0xeb,
0xe6, 0xe1, 0xdc, 0xd6, 0xd0, 0xca, 0xc3, 0xbc, 0xb5, 0xad, 0xa6, 0x9e, 0x96, 0x8f, 0x87, 0x7e,
0x76, 0x6e, 0x66, 0x5e, 0x56, 0x4f, 0x48, 0x40, 0x3a, 0x33, 0x2d, 0x27, 0x21, 0x1c, 0x17, 0x13,
0xe, 0xb, 0x8, 0x5, 0x3, 0x1, 0x0, 0xff, 0xff, 0xff, 0x0, 0x1, 0x3, 0x5, 0x8, 0xb,
0xf, 0x13, 0x18, 0x1c, 0x22, 0x27, 0x2d, 0x34, 0x3a, 0x41, 0x48, 0x50, 0x57, 0x5f, 0x67, 0x6f,
0x77, 0x7f, 0x87, 0x8f, 0x97, 0x9f, 0xa7, 0xae, 0xb6, 0xbd, 0xc4, 0xca, 0xd1, 0xd7, 0xdc, 0xe2,
0xe7, 0xeb, 0xef, 0xf3, 0xf6, 0xf9, 0xfb, 0xfd, 0xfe, 0xff, 0xff, 0xff, 0xfe, 0xfd, 0xfb, 0xf9,
0xf6, 0xf3, 0xf0, 0xeb, 0xe7, 0xe2, 0xdd, 0xd7, 0xd1, 0xcb, 0xc4, 0xbe, 0xb7, 0xaf, 0xa8, 0xa0,
0x98, 0x90, 0x88, 0x80, 0x77, 0x6f, 0x68, 0x60, 0x58, 0x51, 0x49, 0x42, 0x3b, 0x34, 0x2e, 0x28,
0x22, 0x1d, 0x18, 0x13, 0xf, 0xc, 0x8, 0x6, 0x3, 0x2, 0x0, 0xff, 0xff, 0xff, 0x0, 0x1,
0x3, 0x5, 0x7, 0xb, 0xe, 0x12, 0x16, 0x1b, 0x20, 0x26, 0x2c, 0x32, 0x39, 0x40, 0x47, 0x4e,
0x55, 0x5d, 0x65, 0x6d, 0x75, 0x7d, 0x86, 0x8e, 0x96, 0x9d, 0xa5, 0xad, 0xb4, 0xbb, 0xc2, 0xc9,
0xcf, 0xd5, 0xdb, 0xe0, 0xe5, 0xea, 0xee, 0xf2, 0xf5, 0xf8, 0xfa, 0xfc, 0xfe, 0xff, 0xff, 0xff,
0xfe, 0xfd, 0xfc, 0xf9, 0xf7, 0xf4, 0xf0, 0xec, 0xe8, 0xe3, 0xde, 0xd9, 0xd3, 0xcc, 0xc6, 0xbf,
0xb8, 0xb1, 0xa9, 0xa2, 0x9a, 0x92, 0x8a, 0x82, 0x79, 0x71, 0x69, 0x62, 0x5a, 0x52, 0x4b, 0x44,
0x3d, 0x36, 0x30, 0x29, 0x24, 0x1e, 0x19, 0x14, 0x10, 0xc, 0x9, 0x6, 0x4, 0x2, 0x0, 0x0,
0xff, 0xff, 0x0, 0x1, 0x2, 0x4, 0x7, 0xa, 0xd, 0x11, 0x15, 0x1a, 0x1f, 0x25, 0x2b, 0x31,
0x37, 0x3e, 0x45, 0x4c, 0x54, 0x5b, 0x63, 0x6b, 0x73, 0x7b, 0x84, 0x8c, 0x94, 0x9c, 0xa3, 0xab,
0xb2, 0xba, 0xc1, 0xc7, 0xce, 0xd4, 0xda, 0xdf, 0xe4, 0xe9, 0xed, 0xf1, 0xf5, 0xf7, 0xfa, 0xfc,
0xfd, 0xfe, 0xff, 0xff, 0xfe, 0xfd, 0xfc, 0xfa, 0xf8, 0xf5, 0xf1, 0xed, 0xe9, 0xe4, 0xdf, 0xda,
0xd4, 0xce, 0xc7, 0xc1, 0xba, 0xb3, 0xab, 0xa4, 0x9c, 0x94, 0x8c, 0x84, 0x7b, 0x73, 0x6b, 0x63,
0x5c, 0x54, 0x4c, 0x45, 0x3e, 0x37, 0x31, 0x2b, 0x25, 0x1f, 0x1a, 0x16, 0x11, 0xd, 0xa, 0x7,
0x4, 0x2, 0x1, 0x0, 0xff, 0xff, 0xff, 0x0, 0x2, 0x4, 0x6, 0x9, 0xc, 0x10, 0x14, 0x19,
0x1e, 0x24, 0x29, 0x2f, 0x36, 0x3c, 0x43, 0x4b, 0x52, 0x5a, 0x61, 0x69, 0x71, 0x79, 0x82, 0x8a,
0x92, 0x9a, 0xa2, 0xa9, 0xb1, 0xb8, 0xbf, 0xc6, 0xcc, 0xd3, 0xd8, 0xde, 0xe3, 0xe8, 0xec, 0xf0,
0xf4, 0xf7, 0xf9, 0xfc, 0xfd, 0xfe, 0xff, 0xff, 0xff, 0xfe, 0xfc, 0xfa, 0xf8, 0xf5, 0xf2, 0xee,
0xea, 0xe6, 0xe1, 0xdb, 0xd5, 0xcf, 0xc9, 0xc2, 0xbb, 0xb4, 0xad, 0xa5, 0x9e, 0x96, 0x8e, 0x86,
0x7d, 0x75, 0x6d, 0x65, 0x5d, 0x56, 0x4e, 0x47, 0x40, 0x39, 0x32, 0x2c, 0x26, 0x21, 0x1b, 0x17,
0x12, 0xe, 0xb, 0x7, 0x5, 0x3, 0x1, 0x0, 0xff, 0xff, 0xff, 0x0, 0x1, 0x3, 0x6, 0x8,
0xc, 0xf, 0x13, 0x18, 0x1d, 0x22, 0x28, 0x2e, 0x34, 0x3b, 0x42, 0x49, 0x50, 0x58, 0x60, 0x67,
0x6f, 0x77, 0x80, 0x88, 0x90, 0x98, 0xa0, 0xa8, 0xaf, 0xb6, 0xbd, 0xc4, 0xcb, 0xd1, 0xd7, 0xdd,
0xe2, 0xe7, 0xeb, 0xef, 0xf3, 0xf6, 0xf9, 0xfb, 0xfd, 0xfe, 0xff, 0xff, 0xff, 0xfe, 0xfd, 0xfb,
0xf9, 0xf6, 0xf3, 0xef, 0xeb, 0xe7, 0xe2, 0xdc, 0xd7, 0xd1, 0xca, 0xc4, 0xbd, 0xb6, 0xaf, 0xa7,
0x9f, 0x98, 0x90, 0x88, 0x80, 0x77, 0x6f, 0x67, 0x5f, 0x57, 0x50, 0x48, 0x41, 0x3a, 0x34, 0x2e,
0x28, 0x22, 0x1d, 0x18, 0x13, 0xf, 0xb, 0x8, 0x5, 0x3, 0x1, 0x0, 0xff, 0xff, 0xff, 0x0,
0x1, 0x3, 0x5, 0x8, 0xb, 0xe, 0x12, 0x17, 0x1c, 0x21, 0x27, 0x2d, 0x33, 0x39, 0x40, 0x47,
0x4f, 0x56, 0x5e, 0x66, 0x6d, 0x75, 0x7d, 0x86, 0x8e, 0x96, 0x9e, 0xa6, 0xad, 0xb5, 0xbc, 0xc3,
0xc9, 0xd0, 0xd6, 0xdc, 0xe1, 0xe6, 0xea, 0xef, 0xf2, 0xf6, 0xf8, 0xfb, 0xfc, 0xfe, 0xff, 0xff,
0xff, 0xfe, 0xfd, 0xfb, 0xf9, 0xf7, 0xf4, 0xf0, 0xec, 0xe8, 0xe3, 0xde, 0xd8, 0xd2, 0xcc, 0xc5,
0xbf, 0xb7, 0xb0, 0xa9, 0xa1, 0x99, 0x91, 0x89, 0x81, 0x79, 0x71, 0x69, 0x61, 0x59, 0x52, 0x4a,
0x43, 0x3c, 0x35, 0x2f, 0x29, 0x23, 0x1e, 0x19, 0x14, 0x10, 0xc, 0x9, 0x6, 0x4, 0x2, 0x0,
0xff, 0xff, 0xff, 0x0, 0x1, 0x2, 0x4, 0x7, 0xa, 0xe, 0x11, 0x16, 0x1b, 0x20, 0x25, 0x2b,
0x31, 0x38, 0x3f, 0x46, 0x4d, 0x54, 0x5c, 0x64, 0x6c, 0x74, 0x7c, 0x85, 0x8d, 0x94, 0x9c, 0xa4,
0xac, 0xb3, 0xba, 0xc1, 0xc8, 0xce, 0xd4, 0xda, 0xe0, 0xe5, 0xe9, 0xee, 0xf1, 0xf5, 0xf8, 0xfa,
0xfc, 0xfe, 0xfe, 0xff, 0xff, 0xfe, 0xfd, 0xfc, 0xfa, 0xf7, 0xf4, 0xf1, 0xed, 0xe9, 0xe4, 0xdf,
0xd9, 0xd4, 0xcd, 0xc7, 0xc0, 0xb9, 0xb2, 0xaa, 0xa3, 0x9b, 0x93, 0x8b, 0x83, 0x7a, 0x72, 0x6a,
0x63, 0x5b, 0x53, 0x4c, 0x45, 0x3e, 0x37, 0x30, 0x2a, 0x24, 0x1f, 0x1a, 0x15, 0x11, 0xd, 0xa,
0x7, 0x4, 0x2, 0x1, 0x0, 0xff, 0xff, 0x0, 0x1, 0x2, 0x4, 0x6, 0x9, 0xd, 0x11, 0x15,
0x19, 0x1f, 0x24, 0x2a, 0x30, 0x36, 0x3d, 0x44, 0x4b, 0x53, 0x5a, 0x62, 0x6a, 0x72, 0x7a, 0x83,
0x8b, 0x93, 0x9b, 0xa2, 0xaa, 0xb1, 0xb9, 0xc0, 0xc6, 0xcd, 0xd3, 0xd9, 0xdf, 0xe4, 0xe8, 0xed,
0xf1, 0xf4, 0xf7, 0xfa, 0xfc, 0xfd, 0xfe, 0xff, 0xff, 0xff, 0xfe, 0xfc, 0xfa, 0xf8, 0xf5, 0xf2,
0xee, 0xea, 0xe5, 0xe0, 0xdb, 0xd5, 0xcf, 0xc8, 0xc2, 0xbb, 0xb4, 0xac, 0xa5, 0x9d, 0x95, 0x8d,
0x85, 0x7c, 0x74, 0x6c, 0x64, 0x5d, 0x55, 0x4d, 0x46, 0x3f, 0x38, 0x32, 0x2c, 0x26, 0x20, 0x1b,
0x16, 0x12, 0xe, 0xa, 0x7, 0x5, 0x3, 0x1, 0x0, 0xff, 0xff, 0xff, 0x0, 0x2, 0x3, 0x6,
0x9, 0xc, 0x10, 0x14, 0x18, 0x1d, 0x23, 0x28, 0x2e, 0x35, 0x3c, 0x42, 0x4a, 0x51, 0x59, 0x60,
0x68, 0x70, 0x78, 0x81, 0x89, 0x91, 0x99, 0xa1, 0xa8, 0xb0, 0xb7, 0xbe, 0xc5, 0xcb, 0xd2, 0xd8,
0xdd, 0xe2, 0xe7, 0xec, 0xf0, 0xf3, 0xf6, 0xf9, 0xfb, 0xfd, 0xfe, 0xff, 0xff, 0xff, 0xfe, 0xfd,
0xfb, 0xf8, 0xf6, 0xf2, 0xef, 0xeb, 0xe6, 0xe1, 0xdc, 0xd6, 0xd0, 0xca, 0xc3, 0xbc, 0xb5, 0xae,
0xa6, 0x9f, 0x97, 0x8f, 0x87, 0x7e, 0x76, 0x6e, 0x66, 0x5e, 0x57, 0x4f, 0x48, 0x41, 0x3a, 0x33,
0x2d, 0x27, 0x21, 0x1c, 0x17, 0x13, 0xf, 0xb, 0x8, 0x5, 0x3, 0x1, 0x0, 0xff, 0xff, 0xff,
0x0, 0x1, 0x3, 0x5, 0x8, 0xb, 0xf, 0x13, 0x17, 0x1c, 0x21, 0x27, 0x2d, 0x33, 0x3a, 0x41,
0x48, 0x4f, 0x57, 0x5f, 0x66, 0x6e, 0x76, 0x7e, 0x87, 0x8f, 0x97, 0x9f, 0xa6, 0xae, 0xb5, 0xbc,
0xc3, 0xca, 0xd0, 0xd6, 0xdc, 0xe1, 0xe6, 0xeb, 0xef, 0xf3, 0xf6, 0xf9, 0xfb, 0xfd, 0xfe, 0xff,
0xff, 0xff, 0xfe, 0xfd, 0xfb, 0xf9, 0xf6, 0xf3, 0xf0, 0xec, 0xe7, 0xe2, 0xdd, 0xd8, 0xd2, 0xcb,
0xc5, 0xbe, 0xb7, 0xb0, 0xa8, 0xa0, 0x99, 0x91, 0x89, 0x81, 0x78, 0x70, 0x68, 0x60, 0x58, 0x51,
0x49, 0x42, 0x3b, 0x35, 0x2e, 0x28, 0x23, 0x1d, 0x18, 0x14, 0x10, 0xc, 0x9, 0x6, 0x3, 0x2,
0x0, 0xff, 0xff, 0xff, 0x0, 0x1, 0x3, 0x5, 0x7, 0xa, 0xe, 0x12, 0x16, 0x1b, 0x20, 0x26,
0x2c, 0x32, 0x38, 0x3f, 0x46, 0x4e, 0x55, 0x5d, 0x65, 0x6c, 0x74, 0x7c, 0x85, 0x8d, 0x95, 0x9d,
0xa5, 0xac, 0xb4, 0xbb, 0xc2, 0xc9, 0xcf, 0xd5, 0xdb, 0xe0, 0xe5, 0xea, 0xee, 0xf2, 0xf5, 0xf8,
0xfa, 0xfc, 0xfe, 0xff, 0xff, 0xff, 0xfe, 0xfd, 0xfc, 0xfa, 0xf7, 0xf4, 0xf1, 0xed, 0xe8, 0xe4,
0xde, 0xd9, 0xd3, 0xcd, 0xc6, 0xbf, 0xb8, 0xb1, 0xaa, 0xa2, 0x9a, 0x92, 0x8b, 0x83, 0x7a, 0x72,
0x6a, 0x62, 0x5a, 0x53, 0x4b, 0x44, 0x3d, 0x36, 0x30, 0x2a, 0x24, 0x1e, 0x19, 0x15, 0x10, 0xd,
0x9, 0x6, 0x4, 0x2, 0x1, 0x0, 0xff, 0xff, 0x0, 0x1, 0x2, 0x4, 0x7, 0xa, 0xd, 0x11,
0x15, 0x1a, 0x1f, 0x25, 0x2a, 0x31, 0x37, 0x3e, 0x45, 0x4c, 0x53, 0x5b, 0x63, 0x6b, 0x73, 0x7b,
0x83, 0x8b, 0x93, 0x9b, 0xa3, 0xab, 0xb2, 0xb9, 0xc0, 0xc7, 0xcd, 0xd4, 0xda, 0xdf, 0xe4, 0xe9,
0xed, 0xf1, 0xf4, 0xf7, 0xfa, 0xfc, 0xfd, 0xfe, 0xff, 0xff, 0xfe, 0xfe, 0xfc, 0xfa, 0xf8, 0xf5,
0xf1, 0xee, 0xe9, 0xe5, 0xe0, 0xda, 0xd4, 0xce, 0xc8, 0xc1, 0xba, 0xb3, 0xab, 0xa4, 0x9c, 0x94,
0x8c, 0x84, 0x7b, 0x73, 0x6c, 0x64, 0x5c, 0x54, 0x4d, 0x46, 0x3f, 0x38, 0x31, 0x2b, 0x25, 0x20,
0x1a, 0x16, 0x11, 0xd, 0xa, 0x7, 0x4, 0x2, 0x1, 0x0, 0xff, 0xff, 0xff, 0x0, 0x2, 0x4,
0x6, 0x9, 0xc, 0x10, 0x14, 0x19, 0x1e, 0x23, 0x29, 0x2f, 0x35, 0x3c, 0x43, 0x4a, 0x52, 0x59,
0x61, 0x69, 0x71, 0x79, 0x82, 0x8a, 0x92, 0x99, 0xa1, 0xa9, 0xb0, 0xb8, 0xbf, 0xc6, 0xcc, 0xd2,
0xd8, 0xde, 0xe3, 0xe8, 0xec, 0xf0, 0xf4, 0xf7, 0xf9, 0xfb, 0xfd, 0xfe, 0xff, 0xff, 0xff, 0xfe,
0xfc, 0xfb, 0xf8, 0xf5, 0xf2, 0xee, 0xea, 0xe6, 0xe1, 0xdb, 0xd6, 0xd0, 0xc9, 0xc3, 0xbc, 0xb5,
0xad, 0xa6, 0x9e, 0x96, 0x8e, 0x86, 0x7d, 0x75, 0x6d, 0x65, 0x5e, 0x56, 0x4e, 0x47, 0x40, 0x39,
0x33, 0x2c, 0x26, 0x21, 0x1c, 0x17, 0x12, 0xe, 0xb, 0x8, 0x5, 0x3, 0x1, 0x0, 0xff, 0xff,
0xff, 0x0, 0x1, 0x3, 0x5, 0x8, 0xb, 0xf, 0x13, 0x18, 0x1d, 0x22, 0x28, 0x2e, 0x34, 0x3b,
0x42, 0x49, 0x50, 0x58, 0x5f, 0x67, 0x6f, 0x77, 0x80, 0x88, 0x90, 0x98, 0xa0, 0xa7, 0xaf, 0xb6,
0xbd, 0xc4, 0xcb, 0xd1, 0xd7, 0xdd, 0xe2, 0xe7, 0xeb, 0xef, 0xf3, 0xf6, 0xf9, 0xfb, 0xfd, 0xfe,
0xff, 0xff, 0xff, 0xfe, 0xfd, 0xfb, 0xf9, 0xf6, 0xf3, 0xef, 0xeb, 0xe7, 0xe2, 0xdd, 0xd7, 0xd1,
0xcb, 0xc4, 0xbd, 0xb6, 0xaf, 0xa7, 0xa0, 0x98, 0x90, 0x88, 0x80, 0x77, 0x6f, 0x67, 0x5f, 0x58,
0x50, 0x49, 0x42, 0x3b, 0x34, 0x2e, 0x28, 0x22, 0x1d, 0x18, 0x13, 0xf, 0xc, 0x8, 0x6, 0x3,
0x1, 0x0, 0xff, 0xff, 0xff, 0x0, 0x1, 0x3, 0x5, 0x8, 0xb, 0xe, 0x12, 0x17, 0x1b, 0x21,
0x26, 0x2c, 0x33, 0x39, 0x40, 0x47, 0x4e, 0x56, 0x5d, 0x65, 0x6d, 0x75, 0x7d, 0x86, 0x8e, 0x96,
0x9e, 0xa5, 0xad, 0xb4, 0xbc, 0xc2, 0xc9, 0xd0, 0xd6, 0xdb, 0xe1, 0xe6, 0xea, 0xee, 0xf2, 0xf5,
0xf8, 0xfb, 0xfc, 0xfe, 0xff, 0xff, 0xff, 0xfe, 0xfd, 0xfb, 0xf9, 0xf7, 0xf4, 0xf0, 0xec, 0xe8,
0xe3, 0xde, 0xd8, 0xd2, 0xcc, 0xc6, 0xbf, 0xb8, 0xb1, 0xa9, 0xa1, 0x9a, 0x92, 0x8a, 0x82, 0x79,
0x71, 0x69, 0x61, 0x59, 0x52, 0x4a, 0x43, 0x3c, 0x36, 0x2f, 0x29, 0x23, 0x1e, 0x19, 0x14, 0x10,
0xc, 0x9, 0x6, 0x4, 0x2, 0x0, 0xff, 0xff, 0xff, 0x0, 0x1, 0x2, 0x4, 0x7, 0xa, 0xd,
0x11, 0x16, 0x1a, 0x20, 0x25, 0x2b, 0x31, 0x38, 0x3e, 0x45, 0x4d, 0x54, 0x5c, 0x63, 0x6b, 0x73,
0x7b, 0x84, 0x8c, 0x94, 0x9c, 0xa4, 0xab, 0xb3, 0xba, 0xc1, 0xc8, 0xce, 0xd4, 0xda, 0xdf, 0xe5,
0xe9, 0xed, 0xf1, 0xf5, 0xf8, 0xfa, 0xfc, 0xfd, 0xfe, 0xff, 0xff, 0xfe, 0xfd, 0xfc, 0xfa, 0xf7,
0xf4, 0xf1, 0xed, 0xe9, 0xe4, 0xdf, 0xda, 0xd4, 0xce, 0xc7, 0xc0, 0xb9, 0xb2, 0xab, 0xa3, 0x9b,
0x94, 0x8c, 0x84, 0x7b, 0x73, 0x6b, 0x63, 0x5b, 0x54, 0x4c, 0x45, 0x3e, 0x37, 0x31, 0x2a, 0x25,
0x1f, 0x1a, 0x15, 0x11, 0xd, 0xa, 0x7, 0x4, 0x2, 0x1, 0x0, 0xff, 0xff, 0x0, 0x0, 0x2,
0x4, 0x6, 0x9, 0xd, 0x10, 0x15, 0x19, 0x1e, 0x24, 0x2a, 0x30, 0x36, 0x3d, 0x44, 0x4b, 0x52,
0x5a, 0x62, 0x6a, 0x71, 0x79, 0x82, 0x8a, 0x92, 0x9a, 0xa2, 0xaa, 0xb1, 0xb8, 0xbf, 0xc6, 0xcd,
0xd3, 0xd9, 0xde, 0xe3, 0xe8, 0xed, 0xf0, 0xf4, 0xf7, 0xfa, 0xfc, 0xfd, 0xfe, 0xff, 0xff, 0xff,
0xfe, 0xfc, 0xfa, 0xf8, 0xf5, 0xf2, 0xee, 0xea, 0xe5, 0xe0, 0xdb, 0xd5, 0xcf, 0xc9, 0xc2, 0xbb,
0xb4, 0xac, 0xa5, 0x9d, 0x95, 0x8d, 0x85, 0x7d, 0x75, 0x6d, 0x65, 0x5d, 0x55, 0x4e, 0x47, 0x3f,
0x39, 0x32, 0x2c, 0x26, 0x20, 0x1b, 0x16, 0x12, 0xe, 0xa, 0x7, 0x5, 0x3, 0x1, 0x0, 0xff,
0xff, 0xff, 0x0, 0x2, 0x3, 0x6, 0x8, 0xc, 0xf, 0x14, 0x18, 0x1d, 0x22, 0x28, 0x2e, 0x35,
0x3b, 0x42, 0x49, 0x51, 0x58, 0x60, 0x68, 0x70, 0x78, 0x81, 0x89, 0x91, 0x98, 0xa0, 0xa8, 0xaf,
0xb7, 0xbe, 0xc5, 0xcb, 0xd1, 0xd7, 0xdd, 0xe2, 0xe7, 0xec, 0xf0, 0xf3, 0xf6, 0xf9, 0xfb, 0xfd,
0xfe, 0xff, 0xff, 0xff, 0xfe, 0xfd, 0xfb, 0xf9, 0xf6, 0xf3, 0xef, 0xeb, 0xe6, 0xe1, 0xdc, 0xd6,
0xd0, 0xca, 0xc4, 0xbd, 0xb6, 0xae, 0xa7, 0x9f, 0x97, 0x8f, 0x87, 0x7e, 0x76, 0x6e, 0x66, 0x5f,
0x57, 0x50, 0x48, 0x41, 0x3a, 0x34, 0x2d, 0x27, 0x22, 0x1c, 0x17, 0x13, 0xf, 0xb, 0x8, 0x5,
0x3, 0x1, 0x0, 0xff, 0xff, 0xff, 0x0, 0x1, 0x3, 0x5, 0x8, 0xb, 0xf, 0x13, 0x17, 0x1c,
0x21, 0x27, 0x2d, 0x33, 0x3a, 0x41, 0x48, 0x4f, 0x56, 0x5e, 0x66, 0x6e, 0x76, 0x7e, 0x87, 0x8f,
0x97, 0x9e, 0xa6, 0xae, 0xb5, 0xbc, 0xc3, 0xca, 0xd0, 0xd6, 0xdc, 0xe1, 0xe6, 0xeb, 0xef, 0xf2,
0xf6, 0xf8, 0xfb, 0xfd, 0xfe, 0xff, 0xff, 0xff, 0xfe, 0xfd, 0xfb, 0xf9, 0xf7, 0xf3, 0xf0, 0xec,
0xe7, 0xe3, 0xdd, 0xd8, 0xd2, 0xcc, 0xc5, 0xbe, 0xb7, 0xb0, 0xa8, 0xa1, 0x99, 0x91, 0x89, 0x81,
0x78, 0x70, 0x68, 0x60, 0x59, 0x51, 0x4a, 0x43, 0x3c, 0x35, 0x2f, 0x29, 0x23, 0x1d, 0x18, 0x14,
0x10, 0xc, 0x9, 0x6, 0x4, 0x2, 0x0, 0xff, 0xff, 0xff, 0x0, 0x1, 0x2, 0x5, 0x7, 0xa,
0xe, 0x12, 0x16, 0x1b, 0x20, 0x26, 0x2b, 0x32, 0x38, 0x3f, 0x46, 0x4d, 0x55, 0x5c, 0x64, 0x6c,
0x74, 0x7c, 0x85, 0x8d, 0x95, 0x9d, 0xa4, 0xac, 0xb3, 0xbb, 0xc2, 0xc8, 0xcf, 0xd5, 0xdb, 0xe0,
0xe5, 0xea, 0xee, 0xf2, 0xf5, 0xf8, 0xfa, 0xfc, 0xfe, 0xff, 0xff, 0xff, 0xfe, 0xfd, 0xfc, 0xfa,
0xf7, 0xf4, 0xf1, 0xed, 0xe8, 0xe4, 0xdf, 0xd9, 0xd3, 0xcd, 0xc7, 0xc0, 0xb9, 0xb2, 0xaa, 0xa2,
0x9b, 0x93, 0x8b, 0x83, 0x7a, 0x72, 0x6a, 0x62, 0x5a, 0x53, 0x4b, 0x44, 0x3d, 0x37, 0x30, 0x2a,
0x24, 0x1f, 0x1a, 0x15, 0x11, 0xd, 0x9, 0x6, 0x4, 0x2, 0x1, 0x0, 0xff, 0xff, 0x0, 0x1,
0x2, 0x4, 0x7, 0x9, 0xd, 0x11, 0x15, 0x1a, 0x1f, 0x24, 0x2a, 0x30, 0x37, 0x3d, 0x44, 0x4c,
0x53, 0x5b, 0x62, 0x6a, 0x72, 0x7a, 0x83, 0x8b, 0x93, 0x9b, 0xa3, 0xaa, 0xb2, 0xb9, 0xc0, 0xc7,
0xcd, 0xd3, 0xd9, 0xdf, 0xe4, 0xe9, 0xed, 0xf1, 0xf4, 0xf7, 0xfa, 0xfc, 0xfd, 0xfe, 0xff, 0xff,
0xff, 0xfe, 0xfc, 0xfa, 0xf8, 0xf5, 0xf2, 0xee, 0xea, 0xe5, 0xe0, 0xda, 0xd5, 0xcf, 0xc8, 0xc1,
0xba, 0xb3, 0xac, 0xa4, 0x9c, 0x95, 0x8d, 0x85, 0x7c, 0x74, 0x6c, 0x64, 0x5c, 0x55, 0x4d, 0x46,
0x3f, 0x38, 0x32, 0x2b, 0x25, 0x20, 0x1b, 0x16, 0x12, 0xe, 0xa, 0x7, 0x5, 0x2, 0x1, 0x0,
0xff, 0xff, 0xff, 0x0, 0x2, 0x4, 0x6, 0x9, 0xc, 0x10, 0x14, 0x19, 0x1e, 0x23, 0x29, 0x2f,
0x35, 0x3c, 0x43, 0x4a, 0x51, 0x59, 0x61, 0x68, 0x70, 0x78, 0x81, 0x89, 0x91, 0x99, 0xa1, 0xa9,
0xb0, 0xb7, 0xbe, 0xc5, 0xcc, 0xd2, 0xd8, 0xde, 0xe3, 0xe8, 0xec, 0xf0, 0xf3, 0xf7, 0xf9, 0xfb,
0xfd, 0xfe, 0xff, 0xff, 0xff, 0xfe, 0xfd, 0xfb, 0xf8, 0xf6, 0xf2, 0xef, 0xeb, 0xe6, 0xe1, 0xdc,
0xd6, 0xd0, 0xca, 0xc3, 0xbc, 0xb5, 0xad, 0xa6, 0x9e, 0x96, 0x8f, 0x87, 0x7e, 0x76, 0x6e, 0x66,
0x5e, 0x56, 0x4f, 0x47, 0x40, 0x3a, 0x33, 0x2d, 0x27, 0x21, 0x1c, 0x17, 0x13, 0xe, 0xb, 0x8,
0x5, 0x3, 0x1, 0x0, 0xff, 0xff, 0xff, 0x0, 0x1, 0x3, 0x5, 0x8, 0xb, 0xf, 0x13, 0x18,
0x1c, 0x22, 0x27, 0x2d, 0x34, 0x3a, 0x41, 0x48, 0x50, 0x57, 0x5f, 0x67, 0x6f, 0x77, 0x80, 0x87,
0x8f, 0x97, 0x9f, 0xa7, 0xae, 0xb6, 0xbd, 0xc4, 0xca, 0xd1, 0xd7, 0xdc, 0xe2, 0xe6, 0xeb, 0xef,
0xf3, 0xf6, 0xf9, 0xfb, 0xfd, 0xfe, 0xff, 0xff, 0xff, 0xfe, 0xfd, 0xfb, 0xf9, 0xf6, 0xf3, 0xf0,
0xeb, 0xe7, 0xe2, 0xdd, 0xd7, 0xd1, 0xcb, 0xc4, 0xbe, 0xb6, 0xaf, 0xa8, 0xa0, 0x98, 0x90, 0x88,
0x80, 0x77, 0x6f, 0x68, 0x60, 0x58, 0x51, 0x49, 0x42, 0x3b, 0x34, 0x2e, 0x28, 0x22, 0x1d, 0x18,
0x13, 0xf, 0xc, 0x8, 0x6, 0x3, 0x2, 0x0, 0xff, 0xff, 0xff, 0x0, 0x1, 0x3, 0x5, 0x7,
0xb, 0xe, 0x12, 0x16, 0x1b, 0x20, 0x26, 0x2c, 0x32, 0x39, 0x40, 0x47, 0x4e, 0x55, 0x5d, 0x65,
0x6d, 0x75, 0x7d, 0x86, 0x8e, 0x96, 0x9d, 0xa5, 0xad, 0xb4, 0xbb, 0xc2, 0xc9, 0xcf, 0xd5, 0xdb,
0xe0, 0xe5, 0xea, 0xee, 0xf2, 0xf5, 0xf8, 0xfa, 0xfc, 0xfe, 0xff, 0xff, 0xff, 0xfe, 0xfd, 0xfc,
0xf9, 0xf7, 0xf4, 0xf0, 0xec, 0xe8, 0xe3, 0xde, 0xd9, 0xd3, 0xcc, 0xc6, 0xbf, 0xb8, 0xb1, 0xa9,
0xa2, 0x9a, 0x92, 0x8a, 0x82, 0x79, 0x71, 0x69, 0x62, 0x5a, 0x52, 0x4b, 0x44, 0x3d, 0x36, 0x2f,
0x29, 0x24, 0x1e, 0x19, 0x14, 0x10, 0xc, 0x9, 0x6, 0x4, 0x2, 0x0, 0x0, 0xff, 0xff, 0x0,
0x1, 0x2, 0x4, 0x7, 0xa, 0xd, 0x11, 0x15, 0x1a, 0x1f, 0x25, 0x2b, 0x31, 0x37, 0x3e, 0x45,
0x4c, 0x54, 0x5b, 0x63, 0x6b, 0x73, 0x7b, 0x84, 0x8c, 0x94, 0x9c, 0xa3, 0xab, 0xb2, 0xba, 0xc1,
0xc7, 0xce, 0xd4, 0xda, 0xdf, 0xe4, 0xe9, 0xed, 0xf1, 0xf5, 0xf7, 0xfa, 0xfc, 0xfd, 0xfe, 0xff,
0xff, 0xfe, 0xfd, 0xfc, 0xfa, 0xf8, 0xf5, 0xf1, 0xed, 0xe9, 0xe4, 0xdf, 0xda, 0xd4, 0xce, 0xc7,
0xc1, 0xba, 0xb3, 0xab, 0xa4, 0x9c, 0x94, 0x8c, 0x84, 0x7b, 0x73, 0x6b, 0x63, 0x5c, 0x54, 0x4c,
0x45, 0x3e, 0x37, 0x31, 0x2b, 0x25, 0x1f, 0x1a, 0x16, 0x11, 0xd, 0xa, 0x7, 0x4, 0x2, 0x1,
0x0, 0xff, 0xff, 0xff, 0x0, 0x2, 0x4, 0x6, 0x9, 0xc, 0x10, 0x14, 0x19, 0x1e, 0x23, 0x29,
0x2f, 0x36, 0x3c, 0x43, 0x4b, 0x52, 0x5a, 0x61, 0x69, 0x71, 0x79, 0x82, 0x8a, 0x92, 0x9a, 0xa2,
0xa9, 0xb1, 0xb8, 0xbf, 0xc6, 0xcc, 0xd3, 0xd8, 0xde, 0xe3, 0xe8, 0xec, 0xf0, 0xf4, 0xf7, 0xf9,
0xfc, 0xfd, 0xfe, 0xff, 0xff, 0xff, 0xfe, 0xfc, 0xfa, 0xf8, 0xf5, 0xf2, 0xee, 0xea, 0xe6, 0xe1,
0xdb, 0xd5, 0xcf, 0xc9, 0xc2, 0xbb, 0xb4, 0xad, 0xa5, 0x9e, 0x96, 0x8e, 0x86, 0x7d, 0x75, 0x6d,
0x65, 0x5d, 0x56, 0x4e, 0x47, 0x40, 0x39, 0x32, 0x2c, 0x26, 0x21, 0x1b, 0x17, 0x12, 0xe, 0xb,
0x7, 0x5, 0x3, 0x1, 0x0, 0xff, 0xff, 0xff, 0x0, 0x1, 0x3, 0x6, 0x8, 0xc, 0xf, 0x13,
0x18, 0x1d, 0x22, 0x28, 0x2e, 0x34, 0x3b, 0x42, 0x49, 0x50, 0x58, 0x60, 0x67, 0x6f, 0x77, 0x80,
0x88, 0x90, 0x98, 0xa0, 0xa8, 0xaf, 0xb6, 0xbd, 0xc4, 0xcb, 0xd1, 0xd7, 0xdd, 0xe2, 0xe7, 0xeb,
0xef, 0xf3, 0xf6, 0xf9, 0xfb, 0xfd, 0xfe, 0xff, 0xff, 0xff, 0xfe, 0xfd, 0xfb, 0xf9, 0xf6, 0xf3,
0xef, 0xeb, 0xe7, 0xe2, 0xdc, 0xd7, 0xd1, 0xca, 0xc4, 0xbd, 0xb6, 0xaf, 0xa7, 0x9f, 0x98, 0x90,
0x88, 0x80, 0x77, 0x6f, 0x67, 0x5f, 0x57, 0x50, 0x48, 0x41, 0x3a, 0x34, 0x2e, 0x28, 0x22, 0x1d,
0x18, 0x13, 0xf, 0xb, 0x8, 0x5, 0x3, 0x1, 0x0, 0xff, 0xff, 0xff, 0x0, 0x1, 0x3, 0x5,
0x8, 0xb, 0xe, 0x12, 0x17, 0x1c, 0x21, 0x27, 0x2d, 0x33, 0x39, 0x40, 0x47, 0x4f, 0x56, 0x5e,
0x66, 0x6d, 0x75, 0x7d, 0x86, 0x8e, 0x96, 0x9e, 0xa6, 0xad, 0xb5, 0xbc, 0xc3, 0xc9, 0xd0, 0xd6,
0xdc, 0xe1, 0xe6, 0xea, 0xef, 0xf2, 0xf6, 0xf8, 0xfb, 0xfc, 0xfe, 0xff, 0xff, 0xff, 0xfe, 0xfd,
0xfb, 0xf9, 0xf7, 0xf4, 0xf0, 0xec, 0xe8, 0xe3, 0xde, 0xd8, 0xd2, 0xcc, 0xc5, 0xbf, 0xb7, 0xb0,
0xa9, 0xa1, 0x99, 0x91, 0x89, 0x81, 0x79, 0x71, 0x69, 0x61, 0x59, 0x52, 0x4a, 0x43, 0x3c, 0x35,
0x2f, 0x29, 0x23, 0x1e, 0x19, 0x14, 0x10, 0xc, 0x9, 0x6, 0x4, 0x2, 0x0, 0xff, 0xff, 0xff,
0x0, 0x1, 0x2, 0x4, 0x7, 0xa, 0xe, 0x11, 0x16, 0x1b, 0x20, 0x25, 0x2b, 0x31, 0x38, 0x3f,
0x46, 0x4d, 0x54, 0x5c, 0x64, 0x6c, 0x74, 0x7c, 0x85, 0x8d, 0x94, 0x9c, 0xa4, 0xac, 0xb3, 0xba,
0xc1, 0xc8, 0xce, 0xd4, 0xda, 0xe0, 0xe5, 0xe9, 0xee, 0xf1, 0xf5, 0xf8, 0xfa, 0xfc, 0xfe, 0xfe,
0xff, 0xff, 0xfe, 0xfd, 0xfc, 0xfa, 0xf7, 0xf4, 0xf1, 0xed, 0xe9, 0xe4, 0xdf, 0xd9, 0xd4, 0xcd,
0xc7, 0xc0, 0xb9, 0xb2, 0xaa, 0xa3, 0x9b, 0x93, 0x8b, 0x83, 0x7a, 0x72, 0x6a, 0x63, 0x5b, 0x53,
0x4c, 0x45, 0x3e, 0x37, 0x30, 0x2a, 0x24, 0x1f, 0x1a, 0x15, 0x11, 0xd, 0xa, 0x7, 0x4, 0x2,
0x1, 0x0, 0xff, 0xff, 0x0, 0x1, 0x2, 0x4, 0x6, 0x9, 0xd, 0x11, 0x15, 0x19, 0x1f, 0x24,
0x2a, 0x30, 0x36, 0x3d, 0x44, 0x4b, 0x53, 0x5a, 0x62, 0x6a, 0x72, 0x7a, 0x83, 0x8b, 0x93, 0x9b,
0xa2, 0xaa, 0xb1, 0xb9, 0xc0, 0xc6, 0xcd, 0xd3, 0xd9, 0xdf, 0xe4, 0xe8, 0xed, 0xf1, 0xf4, 0xf7,
0xfa, 0xfc, 0xfd, 0xfe, 0xff, 0xff, 0xff, 0xfe, 0xfc, 0xfa, 0xf8, 0xf5, 0xf2, 0xee, 0xea, 0xe5,
0xe0, 0xdb, 0xd5, 0xcf, 0xc8, 0xc2, 0xbb, 0xb4, 0xac, 0xa5, 0x9d, 0x95, 0x8d, 0x85, 0x7c, 0x74,
0x6c, 0x64, 0x5d, 0x55, 0x4d, 0x46, 0x3f, 0x38, 0x32, 0x2c, 0x26, 0x20, 0x1b, 0x16, 0x12, 0xe,
0xa, 0x7, 0x5, 0x3, 0x1, 0x0, 0xff, 0xff, 0xff, 0x0, 0x2, 0x3, 0x6, 0x9, 0xc, 0x10,
0x14, 0x18, 0x1d, 0x23, 0x28, 0x2f, 0x35, 0x3c, 0x42, 0x4a, 0x51, 0x59, 0x60, 0x68, 0x70, 0x78,
0x81, 0x89, 0x91, 0x99, 0xa1, 0xa8, 0xb0, 0xb7, 0xbe, 0xc5, 0xcb, 0xd2, 0xd8, 0xdd, 0xe3, 0xe7,
0xec, 0xf0, 0xf3, 0xf6, 0xf9, 0xfb, 0xfd, 0xfe, 0xff, 0xff, 0xff, 0xfe, 0xfd, 0xfb, 0xf8, 0xf6,
0xf2, 0xef, 0xeb, 0xe6, 0xe1, 0xdc, 0xd6, 0xd0, 0xca, 0xc3, 0xbc, 0xb5, 0xae, 0xa6, 0x9f, 0x97,
0x8f, 0x87, 0x7e, 0x76, 0x6e, 0x66, 0x5e, 0x57, 0x4f, 0x48, 0x41, 0x3a, 0x33, 0x2d, 0x27, 0x21,
0x1c, 0x17, 0x13, 0xf, 0xb, 0x8, 0x5, 0x3, 0x1, 0x0, 0xff, 0xff, 0xff, 0x0, 0x1, 0x3,
0x5, 0x8, 0xb, 0xf, 0x13, 0x17, 0x1c, 0x21, 0x27, 0x2d, 0x33, 0x3a, 0x41, 0x48, 0x4f, 0x57,
0x5f, 0x66, 0x6e, 0x76, 0x7e, 0x87, 0x8f, 0x97, 0x9f, 0xa6, 0xae, 0xb5, 0xbc, 0xc3, 0xca, 0xd0,
0xd6, 0xdc, 0xe1, 0xe6, 0xeb, 0xef, 0xf3, 0xf6, 0xf9, 0xfb, 0xfd, 0xfe, 0xff, 0xff, 0xff, 0xfe,
0xfd, 0xfb, 0xf9, 0xf6, 0xf3, 0xf0, 0xec, 0xe7, 0xe2, 0xdd, 0xd8, 0xd2, 0xcb, 0xc5, 0xbe, 0xb7,
0xb0, 0xa8, 0xa0, 0x99, 0x91, 0x89, 0x81, 0x78, 0x70, 0x68, 0x60, 0x58, 0x51, 0x49, 0x42, 0x3b,
0x35, 0x2e, 0x28, 0x23, 0x1d, 0x18, 0x14, 0x10, 0xc, 0x9, 0x6, 0x3, 0x2, 0x0, 0xff, 0xff,
0xff, 0x0, 0x1, 0x3, 0x5, 0x7, 0xa, 0xe, 0x12, 0x16, 0x1b, 0x20, 0x26, 0x2c, 0x32, 0x38,
0x3f, 0x46, 0x4e, 0x55, 0x5d, 0x65, 0x6c, 0x74, 0x7c, 0x85, 0x8d, 0x95, 0x9d, 0xa5, 0xac, 0xb4,
0xbb, 0xc2, 0xc9, 0xcf, 0xd5, 0xdb, 0xe0, 0xe5, 0xea, 0xee, 0xf2, 0xf5, 0xf8, 0xfa, 0xfc, 0xfe,
0xff, 0xff, 0xff, 0xfe, 0xfd, 0xfc, 0xfa, 0xf7, 0xf4, 0xf1, 0xed, 0xe8, 0xe4, 0xde, 0xd9, 0xd3,
0xcd, 0xc6, 0xbf, 0xb8, 0xb1, 0xaa, 0xa2, 0x9a, 0x92, 0x8b, 0x83, 0x7a, 0x72, 0x6a, 0x62, 0x5a,
0x53, 0x4b, 0x44, 0x3d, 0x36, 0x30, 0x2a, 0x24, 0x1e, 0x19, 0x15, 0x10, 0xd, 0x9, 0x6, 0x4,
0x2, 0x0, 0x0, 0xff, 0xff, 0x0, 0x1, 0x2, 0x4, 0x7, 0xa, 0xd, 0x11, 0x15, 0x1a, 0x1f,
0x25, 0x2a, 0x31, 0x37, 0x3e, 0x45, 0x4c, 0x53, 0x5b, 0x63, 0x6b, 0x73, 0x7b, 0x83, 0x8b, 0x93,
0x9b, 0xa3, 0xab, 0xb2, 0xb9, 0xc0, 0xc7, 0xcd, 0xd4, 0xd9, 0xdf, 0xe4, 0xe9, 0xed, 0xf1, 0xf4,
0xf7, 0xfa, 0xfc, 0xfd, 0xfe, 0xff, 0xff, 0xfe, 0xfe, 0xfc, 0xfa, 0xf8, 0xf5, 0xf1, 0xee, 0xe9,
0xe5, 0xe0, 0xda, 0xd4, 0xce, 0xc8, 0xc1, 0xba, 0xb3, 0xab, 0xa4, 0x9c, 0x94, 0x8c, 0x84, 0x7b,
0x73, 0x6c, 0x64, 0x5c, 0x54, 0x4d, 0x46, 0x3f, 0x38, 0x31, 0x2b, 0x25, 0x20, 0x1a, 0x16, 0x11,
0xd, 0xa, 0x7, 0x4, 0x2, 0x1, 0x0, 0xff, 0xff, 0xff, 0x0, 0x2, 0x4, 0x6, 0x9, 0xc,
0x10, 0x14, 0x19, 0x1e, 0x23, 0x29, 0x2f, 0x35, 0x3c, 0x43, 0x4a, 0x52, 0x59, 0x61, 0x69, 0x71,
0x79, 0x82, 0x8a, 0x92, 0x99, 0xa1, 0xa9, 0xb0, 0xb8, 0xbf, 0xc6, 0xcc, 0xd2, 0xd8, 0xde, 0xe3,
0xe8, 0xec, 0xf0, 0xf4, 0xf7, 0xf9, 0xfb, 0xfd, 0xfe, 0xff, 0xff, 0xff, 0xfe, 0xfc, 0xfb, 0xf8,
0xf5, 0xf2, 0xee, 0xea, 0xe6, 0xe1, 0xdb, 0xd6, 0xd0, 0xc9, 0xc3, 0xbc, 0xb5, 0xad, 0xa6, 0x9e,
0x96, 0x8e, 0x86, 0x7d, 0x75, 0x6d, 0x65, 0x5e, 0x56, 0x4e, 0x47, 0x40, 0x39, 0x33, 0x2c, 0x26,
0x21, 0x1c, 0x17, 0x12, 0xe, 0xb, 0x8, 0x5, 0x3, 0x1, 0x0, 0xff, 0xff, 0xff, 0x0, 0x1,
0x3, 0x5, 0x8, 0xb, 0xf, 0x13, 0x18, 0x1d, 0x22, 0x28, 0x2e, 0x34, 0x3b, 0x42, 0x49, 0x50,
0x58, 0x5f, 0x67, 0x6f, 0x77, 0x80, 0x88, 0x90, 0x98, 0x9f, 0xa7, 0xaf, 0xb6, 0xbd, 0xc4, 0xcb,
0xd1, 0xd7, 0xdd, 0xe2, 0xe7, 0xeb, 0xef, 0xf3, 0xf6, 0xf9, 0xfb, 0xfd, 0xfe, 0xff, 0xff, 0xff,
0xfe, 0xfd, 0xfb, 0xf9, 0xf6, 0xf3, 0xef, 0xeb, 0xe7, 0xe2, 0xdd, 0xd7, 0xd1, 0xcb, 0xc4, 0xbd,
0xb6, 0xaf, 0xa7, 0xa0, 0x98, 0x90, 0x88, 0x80, 0x77, 0x6f, 0x67, 0x5f, 0x58, 0x50, 0x49, 0x42,
0x3b, 0x34, 0x2e, 0x28, 0x22, 0x1d, 0x18, 0x13, 0xf, 0xc, 0x8, 0x6, 0x3, 0x1, 0x0, 0xff,
0xff, 0xff, 0x0, 0x1, 0x3, 0x5, 0x8, 0xb, 0xe, 0x12, 0x17, 0x1b, 0x21, 0x26, 0x2c, 0x33,
0x39, 0x40, 0x47, 0x4e, 0x56, 0x5d, 0x65, 0x6d, 0x75, 0x7d, 0x86, 0x8e, 0x96, 0x9e, 0xa5, 0xad,
0xb4, 0xbc, 0xc2, 0xc9, 0xcf, 0xd6, 0xdb, 0xe1, 0xe6, 0xea, 0xee, 0xf2, 0xf5, 0xf8, 0xfb, 0xfc,
0xfe, 0xff, 0xff, 0xff, 0xfe, 0xfd, 0xfb, 0xf9, 0xf7, 0xf4, 0xf0, 0xec, 0xe8, 0xe3, 0xde, 0xd8,
0xd2, 0xcc, 0xc6, 0xbf, 0xb8, 0xb1, 0xa9, 0xa1, 0x9a, 0x92, 0x8a, 0x82, 0x79, 0x71, 0x69, 0x61,
0x59, 0x52, 0x4a, 0x43, 0x3c, 0x36, 0x2f, 0x29, 0x23, 0x1e, 0x19, 0x14, 0x10, 0xc, 0x9, 0x6,
0x4, 0x2, 0x0, 0xff, 0xff, 0xff, 0x0, 0x1, 0x2, 0x4, 0x7, 0xa, 0xd, 0x11, 0x16, 0x1a,
0x20, 0x25, 0x2b, 0x31, 0x38, 0x3e, 0x45, 0x4d, 0x54, 0x5c, 0x63, 0x6b, 0x73, 0x7b, 0x84, 0x8c,
0x94, 0x9c, 0xa4, 0xab, 0xb3, 0xba, 0xc1, 0xc8, 0xce, 0xd4, 0xda, 0xdf, 0xe5, 0xe9, 0xed, 0xf1,
0xf5, 0xf8, 0xfa, 0xfc, 0xfd, 0xfe, 0xff, 0xff, 0xfe, 0xfd, 0xfc, 0xfa, 0xf7, 0xf4, 0xf1, 0xed,
0xe9, 0xe4, 0xdf, 0xda, 0xd4, 0xce, 0xc7, 0xc0, 0xb9, 0xb2, 0xab, 0xa3, 0x9b, 0x94, 0x8c, 0x84,
0x7b, 0x73, 0x6b, 0x63, 0x5b, 0x54, 0x4c, 0x45, 0x3e, 0x37, 0x31, 0x2a, 0x25, 0x1f, 0x1a, 0x15,
0x11, 0xd, 0xa, 0x7, 0x4, 0x2, 0x1, 0x0, 0xff, 0xff, 0x0, 0x0, 0x2, 0x4, 0x6, 0x9,
0xd, 0x10, 0x15, 0x19, 0x1e, 0x24, 0x2a, 0x30, 0x36, 0x3d, 0x44, 0x4b, 0x52, 0x5a, 0x62, 0x6a,
0x71, 0x79, 0x82, 0x8a, 0x92, 0x9a, 0xa2, 0xaa, 0xb1, 0xb8, 0xbf, 0xc6, 0xcd, 0xd3, 0xd9, 0xde,
0xe3, 0xe8, 0xed, 0xf0, 0xf4, 0xf7, 0xfa, 0xfc, 0xfd, 0xfe, 0xff, 0xff, 0xff, 0xfe, 0xfc, 0xfa,
0xf8, 0xf5, 0xf2, 0xee, 0xea, 0xe5, 0xe0, 0xdb, 0xd5, 0xcf, 0xc9, 0xc2, 0xbb, 0xb4, 0xac, 0xa5,
0x9d, 0x95, 0x8d, 0x85, 0x7d, 0x75, 0x6d, 0x65, 0x5d, 0x55, 0x4e, 0x47, 0x3f, 0x39, 0x32, 0x2c,
0x26, 0x20, 0x1b, 0x16, 0x12, 0xe, 0xa, 0x7, 0x5, 0x3, 0x1, 0x0, 0xff, 0xff, 0xff, 0x0,
0x2, 0x3, 0x6, 0x8, 0xc, 0xf, 0x14, 0x18, 0x1d, 0x22, 0x28, 0x2e, 0x35, 0x3b, 0x42, 0x49,
0x51, 0x58, 0x60, 0x68, 0x70, 0x78, 0x81, 0x89, 0x91, 0x98, 0xa0, 0xa8, 0xaf, 0xb7, 0xbe, 0xc5,
0xcb, 0xd1, 0xd7, 0xdd, 0xe2, 0xe7, 0xec, 0xf0, 0xf3, 0xf6, 0xf9, 0xfb, 0xfd, 0xfe, 0xff, 0xff,
0xff, 0xfe, 0xfd, 0xfb, 0xf9, 0xf6, 0xf3, 0xef, 0xeb, 0xe6, 0xe1, 0xdc, 0xd6, 0xd0, 0xca, 0xc4,
0xbd, 0xb6, 0xae, 0xa7, 0x9f, 0x97, 0x8f, 0x87, 0x7e, 0x76, 0x6e, 0x66, 0x5f, 0x57, 0x50, 0x48,
0x41, 0x3a, 0x34, 0x2d, 0x27, 0x22, 0x1c, 0x17, 0x13, 0xf, 0xb, 0x8, 0x5, 0x3, 0x1, 0x0,
0xff, 0xff, 0xff, 0x0, 0x1, 0x3, 0x5, 0x8, 0xb, 0xf, 0x13, 0x17, 0x1c, 0x21, 0x27, 0x2d,
0x33, 0x3a, 0x41, 0x48, 0x4f, 0x56, 0x5e, 0x66, 0x6e, 0x76, 0x7e, 0x87, 0x8f, 0x97, 0x9e, 0xa6,
0xae, 0xb5, 0xbc, 0xc3, 0xca, 0xd0, 0xd6, 0xdc, 0xe1, 0xe6, 0xeb, 0xef, 0xf2, 0xf6, 0xf8, 0xfb,
0xfd, 0xfe, 0xff, 0xff, 0xff, 0xfe, 0xfd, 0xfb, 0xf9, 0xf7, 0xf3, 0xf0, 0xec, 0xe7, 0xe3, 0xdd,
0xd8, 0xd2, 0xcc, 0xc5, 0xbe, 0xb7, 0xb0, 0xa8, 0xa1, 0x99, 0x91, 0x89, 0x81, 0x78, 0x70, 0x68,
0x60, 0x59, 0x51, 0x4a, 0x43, 0x3c, 0x35, 0x2f, 0x29, 0x23, 0x1d, 0x18, 0x14, 0x10, 0xc, 0x9,
0x6, 0x4, 0x2, 0x0, 0xff, 0xff, 0xff, 0x0, 0x1, 0x3, 0x5, 0x7, 0xa, 0xe, 0x12, 0x16,
0x1b, 0x20, 0x26, 0x2b, 0x32, 0x38, 0x3f, 0x46, 0x4d, 0x55, 0x5c, 0x64, 0x6c, 0x74, 0x7c, 0x85,
0x8d, 0x95, 0x9d, 0xa4, 0xac, 0xb3, 0xbb, 0xc2, 0xc8, 0xcf, 0xd5, 0xdb, 0xe0, 0xe5, 0xea, 0xee,
0xf2, 0xf5, 0xf8, 0xfa, 0xfc, 0xfe, 0xff, 0xff, 0xff, 0xfe, 0xfd, 0xfc, 0xfa, 0xf7, 0xf4, 0xf1,
0xed, 0xe8, 0xe4, 0xdf, 0xd9, 0xd3, 0xcd, 0xc7, 0xc0, 0xb9, 0xb2, 0xaa, 0xa2, 0x9b, 0x93, 0x8b,
0x83, 0x7a, 0x72, 0x6a, 0x62, 0x5a, 0x53, 0x4b, 0x44, 0x3d, 0x37, 0x30, 0x2a, 0x24, 0x1f, 0x1a,
0x15, 0x11, 0xd, 0x9, 0x6, 0x4, 0x2, 0x1, 0x0, 0xff, 0xff, 0x0, 0x1, 0x2, 0x4, 0x7,
0x9, 0xd, 0x11, 0x15, 0x1a, 0x1f, 0x24, 0x2a, 0x30, 0x37, 0x3d, 0x44, 0x4c, 0x53, 0x5b, 0x62,
0x6a, 0x72, 0x7a, 0x83, 0x8b, 0x93, 0x9b, 0xa3, 0xaa, 0xb2, 0xb9, 0xc0, 0xc7, 0xcd, 0xd3, 0xd9,
0xdf, 0xe4, 0xe9, 0xed, 0xf1, 0xf4, 0xf7, 0xfa, 0xfc, 0xfd, 0xfe, 0xff, 0xff, 0xff, 0xfe, 0xfc,
0xfa, 0xf8, 0xf5, 0xf2, 0xee, 0xea, 0xe5, 0xe0, 0xda, 0xd5, 0xce, 0xc8, 0xc1, 0xba, 0xb3, 0xac,
0xa4, 0x9c, 0x95, 0x8d, 0x85, 0x7c, 0x74, 0x6c, 0x64, 0x5c, 0x55, 0x4d, 0x46, 0x3f, 0x38, 0x32,
0x2b, 0x25, 0x20, 0x1b, 0x16, 0x12, 0xe, 0xa, 0x7, 0x5, 0x2, 0x1, 0x0, 0xff, 0xff, 0xff,
0x0, 0x2, 0x4, 0x6, 0x9, 0xc, 0x10, 0x14, 0x19, 0x1e, 0x23, 0x29, 0x2f, 0x35, 0x3c, 0x43,
0x4a, 0x51, 0x59, 0x61, 0x68, 0x70, 0x78, 0x81, 0x89, 0x91, 0x99, 0xa1, 0xa9, 0xb0, 0xb7, 0xbe,
0xc5, 0xcc, 0xd2, 0xd8, 0xde, 0xe3, 0xe8, 0xec, 0xf0, 0xf3, 0xf7, 0xf9, 0xfb, 0xfd, 0xfe, 0xff,
0xff, 0xff, 0xfe, 0xfd, 0xfb, 0xf8, 0xf6, 0xf2, 0xef, 0xeb, 0xe6, 0xe1, 0xdc, 0xd6, 0xd0, 0xca,
0xc3, 0xbc, 0xb5, 0xad, 0xa6, 0x9e, 0x96, 0x8f, 0x87, 0x7e, 0x76, 0x6e, 0x66, 0x5e, 0x56, 0x4f,
0x48, 0x40, 0x3a, 0x33, 0x2d, 0x27, 0x21, 0x1c, 0x17, 0x13, 0xe, 0xb, 0x8, 0x5, 0x3, 0x1,
0x0, 0xff, 0xff, 0xff, 0x0, 0x1, 0x3, 0x5, 0x8, 0xb, 0xf, 0x13, 0x18, 0x1c, 0x22, 0x27,
0x2d, 0x34, 0x3a, 0x41, 0x48, 0x50, 0x57, 0x5f, 0x67, 0x6f, 0x77, 0x80, 0x87, 0x8f, 0x97, 0x9f,
0xa7, 0xae, 0xb6, 0xbd, 0xc4, 0xca, 0xd1, 0xd7, 0xdc, 0xe2, 0xe6, 0xeb, 0xef, 0xf3, 0xf6, 0xf9,
0xfb, 0xfd, 0xfe, 0xff, 0xff, 0xff, 0xfe, 0xfd, 0xfb, 0xf9, 0xf6, 0xf3, 0xf0, 0xeb, 0xe7, 0xe2,
0xdd, 0xd7, 0xd1, 0xcb, 0xc4, 0xbe, 0xb6, 0xaf, 0xa8, 0xa0, 0x98, 0x90, 0x88, 0x80, 0x77, 0x6f,
0x68, 0x60, 0x58, 0x51, 0x49, 0x42, 0x3b, 0x34, 0x2e, 0x28, 0x22, 0x1d, 0x18, 0x13, 0xf, 0xc,
0x8, 0x6, 0x3, 0x2, 0x0, 0xff, 0xff, 0xff, 0x0, 0x1, 0x3, 0x5, 0x7, 0xa, 0xe, 0x12,
0x16, 0x1b, 0x20, 0x26, 0x2c, 0x32, 0x39, 0x40, 0x47, 0x4e, 0x55, 0x5d, 0x65, 0x6d, 0x75, 0x7d,
0x86, 0x8e, 0x96, 0x9d, 0xa5, 0xad, 0xb4, 0xbb, 0xc2, 0xc9, 0xcf, 0xd5, 0xdb, 0xe0, 0xe5, 0xea,
0xee, 0xf2, 0xf5, 0xf8, 0xfa, 0xfc, 0xfe, 0xff, 0xff, 0xff, 0xfe, 0xfd, 0xfc, 0xf9, 0xf7, 0xf4,
0xf0, 0xec, 0xe8, 0xe3, 0xde, 0xd9, 0xd3, 0xcc, 0xc6, 0xbf, 0xb8, 0xb1, 0xa9, 0xa2, 0x9a, 0x92,
0x8a, 0x82, 0x79, 0x71, 0x69, 0x62, 0x5a, 0x52, 0x4b, 0x44, 0x3d, 0x36, 0x2f, 0x29, 0x24, 0x1e,
0x19, 0x15, 0x10, 0xc, 0x9, 0x6, 0x4, 0x2, 0x0, 0xff, 0xff, 0xff, 0x0, 0x1, 0x2, 0x4,
0x7, 0xa, 0xd, 0x11, 0x15, 0x1a, 0x1f, 0x25, 0x2b, 0x31, 0x37, 0x3e, 0x45, 0x4c, 0x54, 0x5b,
0x63, 0x6b, 0x73, 0x7b, 0x84, 0x8c, 0x94, 0x9c, 0xa3, 0xab, 0xb2, 0xba, 0xc1, 0xc7, 0xce, 0xd4,
0xda, 0xdf, 0xe4, 0xe9, 0xed, 0xf1, 0xf5, 0xf7, 0xfa, 0xfc, 0xfd, 0xfe, 0xff, 0xff, 0xfe, 0xfd,
0xfc, 0xfa, 0xf8, 0xf5, 0xf1, 0xed, 0xe9, 0xe4, 0xdf, 0xda, 0xd4, 0xce, 0xc7, 0xc1, 0xba, 0xb3,
0xab, 0xa4, 0x9c, 0x94, 0x8c, 0x84, 0x7b, 0x73, 0x6b, 0x63, 0x5c, 0x54, 0x4c, 0x45, 0x3e, 0x37,
0x31, 0x2b, 0x25, 0x1f, 0x1a, 0x16, 0x11, 0xd, 0xa, 0x7, 0x4, 0x2, 0x1, 0x0, 0xff, 0xff,
0xff, 0x0, 0x2, 0x4, 0x6, 0x9, 0xc, 0x10, 0x14, 0x19, 0x1e, 0x23, 0x29, 0x2f, 0x36, 0x3c,
0x43, 0x4b, 0x52, 0x5a, 0x61, 0x69, 0x71, 0x79, 0x82, 0x8a, 0x92, 0x9a, 0xa2, 0xa9, 0xb1, 0xb8,
0xbf, 0xc6, 0xcc, 0xd3, 0xd8, 0xde, 0xe3, 0xe8, 0xec, 0xf0, 0xf4, 0xf7, 0xf9, 0xfc, 0xfd, 0xfe,
0xff, 0xff, 0xff, 0xfe, 0xfc, 0xfa, 0xf8, 0xf5, 0xf2, 0xee, 0xea, 0xe6, 0xe1, 0xdb, 0xd5, 0xcf,
0xc9, 0xc2, 0xbb, 0xb4, 0xad, 0xa5, 0x9e, 0x96, 0x8e, 0x86, 0x7d, 0x75, 0x6d, 0x65, 0x5d, 0x56,
0x4e, 0x47, 0x40, 0x39, 0x32, 0x2c, 0x26, 0x21, 0x1b, 0x17, 0x12, 0xe, 0xb, 0x7, 0x5, 0x3,
0x1, 0x0, 0xff, 0xff, 0xff, 0x0, 0x1, 0x3, 0x6, 0x8, 0xc, 0xf, 0x13, 0x18, 0x1d, 0x22,
0x28, 0x2e, 0x34, 0x3b, 0x42, 0x49, 0x50, 0x58, 0x60, 0x67, 0x6f, 0x77, 0x80, 0x88, 0x90, 0x98,
0xa0, 0xa8, 0xaf, 0xb6, 0xbd, 0xc4, 0xcb, 0xd1, 0xd7, 0xdd, 0xe2, 0xe7, 0xeb, 0xef, 0xf3, 0xf6,
0xf9, 0xfb, 0xfd, 0xfe, 0xff, 0xff, 0xff, 0xfe, 0xfd, 0xfb, 0xf9, 0xf6, 0xf3, 0xef, 0xeb, 0xe7,
0xe2, 0xdc, 0xd7, 0xd1, 0xca, 0xc4, 0xbd, 0xb6, 0xaf, 0xa7, 0x9f, 0x98, 0x90, 0x88, 0x80, 0x77,
0x6f, 0x67, 0x5f, 0x57, 0x50, 0x48, 0x41, 0x3a, 0x34, 0x2e, 0x28, 0x22, 0x1d, 0x18, 0x13, 0xf,
0xb, 0x8, 0x5, 0x3, 0x1, 0x0, 0xff, 0xff, 0xff, 0x0, 0x1, 0x3, 0x5, 0x8, 0xb, 0xe,
0x12, 0x17, 0x1c, 0x21, 0x27, 0x2d, 0x33, 0x39, 0x40, 0x47, 0x4f, 0x56, 0x5e, 0x66, 0x6d, 0x75,
0x7d, 0x86, 0x8e, 0x96, 0x9e, 0xa6, 0xad, 0xb5, 0xbc, 0xc3, 0xc9, 0xd0, 0xd6, 0xdc, 0xe1, 0xe6,
0xea, 0xef, 0xf2, 0xf6, 0xf8, 0xfb, 0xfc, 0xfe, 0xff, 0xff, 0xff, 0xfe, 0xfd, 0xfb, 0xf9, 0xf7,
0xf4, 0xf0, 0xec, 0xe8, 0xe3, 0xde, 0xd8, 0xd2, 0xcc, 0xc5, 0xbf, 0xb7, 0xb0, 0xa9, 0xa1, 0x99,
0x91, 0x89, 0x81, 0x79, 0x71, 0x69, 0x61, 0x59, 0x52, 0x4a, 0x43, 0x3c, 0x35, 0x2f, 0x29, 0x23,
0x1e, 0x19, 0x14, 0x10, 0xc, 0x9, 0x6, 0x4, 0x2, 0x0, 0xff, 0xff, 0xff, 0x0, 0x1, 0x2,
0x4, 0x7, 0xa, 0xe, 0x11, 0x16, 0x1b, 0x20, 0x25, 0x2b, 0x31, 0x38, 0x3f, 0x46, 0x4d, 0x54,
0x5c, 0x64, 0x6c, 0x74, 0x7c, 0x85, 0x8d, 0x94, 0x9c, 0xa4, 0xac, 0xb3, 0xba, 0xc1, 0xc8, 0xce,
0xd4, 0xda, 0xe0, 0xe5, 0xe9, 0xee, 0xf1, 0xf5, 0xf8, 0xfa, 0xfc, 0xfe, 0xff, 0xff, 0xff, 0xfe,
0xfd, 0xfc, 0xfa, 0xf7, 0xf4, 0xf1, 0xed, 0xe9, 0xe4, 0xdf, 0xd9, 0xd4, 0xcd, 0xc7, 0xc0, 0xb9,
0xb2, 0xaa, 0xa3, 0x9b, 0x93, 0x8b, 0x83, 0x7a, 0x72, 0x6a, 0x63, 0x5b, 0x53, 0x4c, 0x45, 0x3e,
0x37, 0x30, 0x2a, 0x24, 0x1f, 0x1a, 0x15, 0x11, 0xd, 0xa, 0x7, 0x4, 0x2, 0x1, 0x0, 0xff,
0xff, 0x0, 0x1, 0x2, 0x4, 0x6, 0x9, 0xd, 0x11, 0x15, 0x19, 0x1f, 0x24, 0x2a, 0x30, 0x36,
0x3d, 0x44, 0x4b, 0x53, 0x5a, 0x62, 0x6a, 0x72, 0x7a, 0x83, 0x8b, 0x93, 0x9b, 0xa2, 0xaa, 0xb1,
0xb9, 0xc0, 0xc6, 0xcd, 0xd3, 0xd9, 0xde, 0xe4, 0xe8, 0xed, 0xf1, 0xf4, 0xf7, 0xfa, 0xfc, 0xfd,
0xfe, 0xff, 0xff, 0xff, 0xfe, 0xfc, 0xfa, 0xf8, 0xf5, 0xf2, 0xee, 0xea, 0xe5, 0xe0, 0xdb, 0xd5,
0xcf, 0xc8, 0xc2, 0xbb, 0xb4, 0xac, 0xa5, 0x9d, 0x95, 0x8d, 0x85, 0x7c, 0x74, 0x6c, 0x64, 0x5d,
0x55, 0x4d, 0x46, 0x3f, 0x38, 0x32, 0x2c, 0x26, 0x20, 0x1b, 0x16, 0x12, 0xe, 0xa, 0x7, 0x5,
0x3, 0x1, 0x0, 0xff, 0xff, 0xff, 0x0, 0x2, 0x3, 0x6, 0x9, 0xc, 0x10, 0x14, 0x18, 0x1d,
0x23, 0x28, 0x2f, 0x35, 0x3c, 0x42, 0x4a, 0x51, 0x59, 0x60, 0x68, 0x70, 0x78, 0x81, 0x89, 0x91,
0x99, 0xa1, 0xa8, 0xb0, 0xb7, 0xbe, 0xc5, 0xcb, 0xd2, 0xd8, 0xdd, 0xe3, 0xe7, 0xec, 0xf0, 0xf3,
0xf6, 0xf9, 0xfb, 0xfd, 0xfe, 0xff, 0xff, 0xff, 0xfe, 0xfd, 0xfb, 0xf8, 0xf6, 0xf2, 0xef, 0xeb,
0xe6, 0xe1, 0xdc, 0xd6, 0xd0, 0xca, 0xc3, 0xbc, 0xb5, 0xae, 0xa6, 0x9f, 0x97, 0x8f, 0x87, 0x7e,
0x76, 0x6e, 0x66, 0x5e, 0x57, 0x4f, 0x48, 0x41, 0x3a, 0x33, 0x2d, 0x27, 0x21, 0x1c, 0x17, 0x13,
0xf, 0xb, 0x8, 0x5, 0x3, 0x1, 0x0, 0xff, 0xff, 0xff, 0x0, 0x1, 0x3, 0x5, 0x8, 0xb,
0xf, 0x13, 0x17, 0x1c, 0x21, 0x27, 0x2d, 0x33, 0x3a, 0x41, 0x48, 0x4f, 0x57, 0x5f, 0x66, 0x6e,
0x76, 0x7e, 0x87, 0x8f, 0x97, 0x9f, 0xa6, 0xae, 0xb5, 0xbc, 0xc3, 0xca, 0xd0, 0xd6, 0xdc, 0xe1,
0xe6, 0xeb, 0xef, 0xf3, 0xf6, 0xf9, 0xfb, 0xfd, 0xfe, 0xff, 0xff, 0xff, 0xfe, 0xfd, 0xfb, 0xf9,
0xf6, 0xf3, 0xf0, 0xec, 0xe7, 0xe2, 0xdd, 0xd8, 0xd2, 0xcb, 0xc5, 0xbe, 0xb7, 0xb0, 0xa8, 0xa0,
0x99, 0x91, 0x89, 0x81, 0x78, 0x70, 0x68, 0x60, 0x58, 0x51, 0x49, 0x42, 0x3b, 0x35, 0x2e, 0x28,
0x23, 0x1d, 0x18, 0x14, 0x10, 0xc, 0x9, 0x6, 0x3, 0x2, 0x0, 0xff, 0xff, 0xff, 0x0, 0x1,
0x3, 0x5, 0x7, 0xa, 0xe, 0x12, 0x16, 0x1b, 0x20, 0x26, 0x2c, 0x32, 0x38, 0x3f, 0x46, 0x4e,
0x55, 0x5d, 0x65, 0x6c, 0x74, 0x7c, 0x85, 0x8d, 0x95, 0x9d, 0xa5, 0xac, 0xb4, 0xbb, 0xc2, 0xc9,
0xcf, 0xd5, 0xdb, 0xe0, 0xe5, 0xea, 0xee, 0xf2, 0xf5, 0xf8, 0xfa, 0xfc, 0xfe, 0xff, 0xff, 0xff,
0xfe, 0xfd, 0xfc, 0xfa, 0xf7, 0xf4, 0xf1, 0xed, 0xe8, 0xe4, 0xde, 0xd9, 0xd3, 0xcd, 0xc6, 0xbf,
0xb8, 0xb1, 0xaa, 0xa2, 0x9a, 0x93, 0x8b, 0x83, 0x7a, 0x72, 0x6a, 0x62, 0x5a, 0x53, 0x4b, 0x44,
0x3d, 0x36, 0x30, 0x2a, 0x24, 0x1e, 0x19, 0x15, 0x10, 0xd, 0x9, 0x6, 0x4, 0x2, 0x0, 0x0,
0xff, 0xff, 0x0, 0x1, 0x2, 0x4, 0x7, 0xa, 0xd, 0x11, 0x15, 0x1a, 0x1f, 0x25, 0x2a, 0x31,
0x37, 0x3e, 0x45, 0x4c, 0x53, 0x5b, 0x63, 0x6b, 0x73, 0x7b, 0x83, 0x8b, 0x93, 0x9b, 0xa3, 0xab,
0xb2, 0xb9, 0xc0, 0xc7, 0xcd, 0xd4, 0xda, 0xdf, 0xe4, 0xe9, 0xed, 0xf1, 0xf4, 0xf7, 0xfa, 0xfc,
0xfd, 0xfe, 0xff, 0xff, 0xfe, 0xfe, 0xfc, 0xfa, 0xf8, 0xf5, 0xf1, 0xee, 0xe9, 0xe5, 0xe0, 0xda,
0xd4, 0xce, 0xc8, 0xc1, 0xba, 0xb3, 0xab, 0xa4, 0x9c, 0x94, 0x8c, 0x84, 0x7b, 0x73, 0x6c, 0x64,
0x5c, 0x54, 0x4d, 0x46, 0x3f, 0x38, 0x31, 0x2b, 0x25, 0x20, 0x1a, 0x16, 0x11, 0xd, 0xa, 0x7,
0x4, 0x2, 0x1, 0x0, 0xff, 0xff, 0xff, 0x0, 0x2, 0x4, 0x6, 0x9, 0xc, 0x10, 0x14, 0x19,
0x1e, 0x23, 0x29, 0x2f, 0x35, 0x3c, 0x43, 0x4a, 0x52, 0x59, 0x61, 0x69, 0x71, 0x79, 0x82, 0x8a,
0x92, 0x99, 0xa1, 0xa9, 0xb0, 0xb8, 0xbf, 0xc6, 0xcc, 0xd2, 0xd8, 0xde, 0xe3, 0xe8, 0xec, 0xf0,
0xf4, 0xf7, 0xf9, 0xfb, 0xfd, 0xfe, 0xff, 0xff, 0xff, 0xfe, 0xfc, 0xfb, 0xf8, 0xf5, 0xf2, 0xee,
0xea, 0xe6, 0xe1, 0xdb, 0xd6, 0xd0, 0xc9, 0xc3, 0xbc, 0xb5, 0xad, 0xa6, 0x9e, 0x96, 0x8e, 0x86,
0x7d, 0x75, 0x6d, 0x65, 0x5e, 0x56, 0x4e, 0x47, 0x40, 0x39, 0x33, 0x2c, 0x26, 0x21, 0x1c, 0x17,
0x12, 0xe, 0xb, 0x8, 0x5, 0x3, 0x1, 0x0, 0xff, 0xff, 0xff, 0x0, 0x1, 0x3, 0x5, 0x8,
0xb, 0xf, 0x13, 0x18, 0x1d, 0x22, 0x28, 0x2e, 0x34, 0x3b, 0x42, 0x49, 0x50, 0x58, 0x5f, 0x67,
0x6f, 0x77, 0x80, 0x88, 0x90, 0x98, 0x9f, 0xa7, 0xaf, 0xb6, 0xbd, 0xc4, 0xcb, 0xd1, 0xd7, 0xdd,
0xe2, 0xe7, 0xeb, 0xef, 0xf3, 0xf6, 0xf9, 0xfb, 0xfd, 0xfe, 0xff, 0xff, 0xff, 0xfe, 0xfd, 0xfb,
0xf9, 0xf6, 0xf3, 0xef, 0xeb, 0xe7, 0xe2, 0xdd, 0xd7, 0xd1, 0xcb, 0xc4, 0xbd, 0xb6, 0xaf, 0xa7,
0xa0, 0x98, 0x90, 0x88, 0x80, 0x77, 0x6f, 0x67, 0x5f, 0x58, 0x50, 0x49, 0x42, 0x3b, 0x34, 0x2e,
0x28, 0x22, 0x1d, 0x18, 0x13, 0xf, 0xc, 0x8, 0x6, 0x3, 0x1, 0x0, 0xff, 0xff, 0xff, 0x0,
0x1, 0x3, 0x5, 0x8, 0xb, 0xe, 0x12, 0x17, 0x1b, 0x21, 0x26, 0x2c, 0x33, 0x39, 0x40, 0x47,
0x4e, 0x56, 0x5d, 0x65, 0x6d, 0x75, 0x7d, 0x86, 0x8e, 0x96, 0x9e, 0xa5, 0xad, 0xb4, 0xbc, 0xc2,
0xc9, 0xd0, 0xd6, 0xdb, 0xe1, 0xe6, 0xea, 0xee, 0xf2, 0xf5, 0xf8, 0xfb, 0xfc, 0xfe, 0xff, 0xff,
0xff, 0xfe, 0xfd, 0xfb, 0xf9, 0xf7, 0xf4, 0xf0, 0xec, 0xe8, 0xe3, 0xde, 0xd8, 0xd2, 0xcc, 0xc6,
0xbf, 0xb8, 0xb1, 0xa9, 0xa1, 0x9a, 0x92, 0x8a, 0x82, 0x79, 0x71, 0x69, 0x61, 0x59, 0x52, 0x4a,
0x43, 0x3c, 0x36, 0x2f, 0x29, 0x23, 0x1e, 0x19, 0x14, 0x10, 0xc, 0x9, 0x6, 0x4, 0x2, 0x0,
0xff, 0xff, 0xff, 0x0, 0x1, 0x2, 0x4, 0x7, 0xa, 0xd, 0x11, 0x16, 0x1a, 0x20, 0x25, 0x2b,
0x31, 0x38, 0x3e, 0x45, 0x4d, 0x54, 0x5c, 0x63, 0x6b, 0x73, 0x7b, 0x84, 0x8c, 0x94, 0x9c, 0xa4,
0xab, 0xb3, 0xba, 0xc1, 0xc8, 0xce, 0xd4, 0xda, 0xdf, 0xe5, 0xe9, 0xed, 0xf1, 0xf5, 0xf8, 0xfa,
0xfc, 0xfd, 0xfe, 0xff, 0xff, 0xfe, 0xfd, 0xfc, 0xfa, 0xf7, 0xf4, 0xf1, 0xed, 0xe9, 0xe4, 0xdf,
0xda, 0xd4, 0xce, 0xc7, 0xc0, 0xb9, 0xb2, 0xab, 0xa3, 0x9b, 0x94, 0x8c, 0x84, 0x7b, 0x73, 0x6b,
0x63, 0x5b, 0x54, 0x4c, 0x45, 0x3e, 0x37, 0x31, 0x2a, 0x25, 0x1f, 0x1a, 0x15, 0x11, 0xd, 0xa,
0x7, 0x4, 0x2, 0x1, 0x0, 0xff, 0xff, 0x0, 0x0, 0x2, 0x4, 0x6, 0x9, 0xd, 0x10, 0x15,
0x19, 0x1e, 0x24, 0x2a, 0x30, 0x36, 0x3d, 0x44, 0x4b, 0x52, 0x5a, 0x62, 0x6a, 0x71, 0x79, 0x82,
0x8a, 0x92, 0x9a, 0xa2, 0xaa, 0xb1, 0xb8, 0xbf, 0xc6, 0xcd, 0xd3, 0xd9, 0xde, 0xe3, 0xe8, 0xed,
0xf0, 0xf4, 0xf7, 0xfa, 0xfc, 0xfd, 0xfe, 0xff, 0xff, 0xff, 0xfe, 0xfc, 0xfa, 0xf8, 0xf5, 0xf2,
0xee, 0xea, 0xe5, 0xe0, 0xdb, 0xd5, 0xcf, 0xc9, 0xc2, 0xbb, 0xb4, 0xac, 0xa5, 0x9d, 0x95, 0x8d,
0x85, 0x7d, 0x75, 0x6d, 0x65, 0x5d, 0x55, 0x4e, 0x47, 0x3f, 0x39, 0x32, 0x2c, 0x26, 0x20, 0x1b,
0x16, 0x12, 0xe, 0xa, 0x7, 0x5, 0x3, 0x1, 0x0, 0xff, 0xff, 0xff, 0x0, 0x2, 0x3, 0x6,
0x8, 0xc, 0xf, 0x14, 0x18, 0x1d, 0x22, 0x28, 0x2e, 0x35, 0x3b, 0x42, 0x49, 0x51, 0x58, 0x60,
0x68, 0x70, 0x78, 0x81, 0x89, 0x91, 0x98, 0xa0, 0xa8, 0xaf, 0xb7, 0xbe, 0xc5, 0xcb, 0xd1, 0xd7,
0xdd, 0xe2, 0xe7, 0xec, 0xf0, 0xf3, 0xf6, 0xf9, 0xfb, 0xfd, 0xfe, 0xff, 0xff, 0xff, 0xfe, 0xfd,
0xfb, 0xf9, 0xf6, 0xf3, 0xef, 0xeb, 0xe6, 0xe1, 0xdc, 0xd6, 0xd0, 0xca, 0xc4, 0xbd, 0xb6, 0xae,
0xa7, 0x9f, 0x97, 0x8f, 0x87, 0x7e, 0x76, 0x6e, 0x67, 0x5f, 0x57, 0x50, 0x48, 0x41, 0x3a, 0x34,
0x2d, 0x27, 0x22, 0x1c, 0x17, 0x13, 0xf, 0xb, 0x8, 0x5, 0x3, 0x1, 0x0, 0xff, 0xff, 0xff,
0x0, 0x1, 0x3, 0x5, 0x8, 0xb, 0xf, 0x13, 0x17, 0x1c, 0x21, 0x27, 0x2d, 0x33, 0x3a, 0x41,
0x48, 0x4f, 0x56, 0x5e, 0x66, 0x6e, 0x76, 0x7e, 0x87, 0x8f, 0x97, 0x9e, 0xa6, 0xae, 0xb5, 0xbc,
0xc3, 0xca, 0xd0, 0xd6, 0xdc, 0xe1, 0xe6, 0xeb, 0xef, 0xf2, 0xf6, 0xf8, 0xfb, 0xfd, 0xfe, 0xff,
0xff, 0xff, 0xfe, 0xfd, 0xfb, 0xf9, 0xf7, 0xf3, 0xf0, 0xec, 0xe7, 0xe3, 0xdd, 0xd8, 0xd2, 0xcc,
0xc5, 0xbe, 0xb7, 0xb0, 0xa8, 0xa1, 0x99, 0x91, 0x89, 0x81, 0x78, 0x70, 0x68, 0x60, 0x59, 0x51,
0x4a, 0x43, 0x3c, 0x35, 0x2f, 0x29, 0x23, 0x1d, 0x18, 0x14, 0x10, 0xc, 0x9, 0x6, 0x4, 0x2,
0x0, 0xff, 0xff, 0xff, 0x0, 0x1, 0x2, 0x5, 0x7, 0xa, 0xe, 0x12, 0x16, 0x1b, 0x20, 0x26,
0x2b, 0x32, 0x38, 0x3f, 0x46, 0x4d, 0x55, 0x5c, 0x64, 0x6c, 0x74, 0x7c, 0x85, 0x8d, 0x95, 0x9d,
0xa4, 0xac, 0xb3, 0xbb, 0xc2, 0xc8, 0xcf, 0xd5, 0xdb, 0xe0, 0xe5, 0xea, 0xee, 0xf2, 0xf5, 0xf8,
0xfa, 0xfc, 0xfe, 0xff, 0xff, 0xff, 0xfe, 0xfd, 0xfc, 0xfa, 0xf7, 0xf4, 0xf1, 0xed, 0xe8, 0xe4,
0xdf, 0xd9, 0xd3, 0xcd, 0xc7, 0xc0, 0xb9, 0xb2, 0xaa, 0xa2, 0x9b, 0x93, 0x8b, 0x83, 0x7a, 0x72,
0x6a, 0x62, 0x5a, 0x53, 0x4b, 0x44, 0x3d, 0x37, 0x30, 0x2a, 0x24, 0x1f, 0x1a, 0x15, 0x11, 0xd,
0x9, 0x6, 0x4, 0x2, 0x1, 0x0, 0xff, 0xff, 0x0, 0x1, 0x2, 0x4, 0x7, 0x9, 0xd, 0x11,
0x15, 0x1a, 0x1f, 0x24, 0x2a, 0x30, 0x37, 0x3d, 0x44, 0x4c, 0x53, 0x5b, 0x62, 0x6a, 0x72, 0x7a,
0x83, 0x8b, 0x93, 0x9b, 0xa3, 0xaa, 0xb2, 0xb9, 0xc0, 0xc7, 0xcd, 0xd3, 0xd9, 0xdf, 0xe4, 0xe9,
0xed, 0xf1, 0xf4, 0xf7, 0xfa, 0xfc, 0xfd, 0xfe, 0xff, 0xff, 0xff, 0xfe, 0xfc, 0xfa, 0xf8, 0xf5,
0xf2, 0xee, 0xea, 0xe5, 0xe0, 0xda, 0xd5, 0xcf, 0xc8, 0xc1, 0xba, 0xb3, 0xac, 0xa4, 0x9c, 0x95,
0x8d, 0x85, 0x7c, 0x74, 0x6c, 0x64, 0x5c, 0x55, 0x4d, 0x46, 0x3f, 0x38, 0x32, 0x2b, 0x25, 0x20,
0x1b, 0x16, 0x12, 0xe, 0xa, 0x7, 0x5, 0x2, 0x1, 0x0, 0xff, 0xff, 0xff, 0x0, 0x2, 0x4,
0x6, 0x9, 0xc, 0x10, 0x14, 0x19, 0x1e, 0x23, 0x29, 0x2f, 0x35, 0x3c, 0x43, 0x4a, 0x51, 0x59,
0x61, 0x68, 0x70, 0x78, 0x81, 0x89, 0x91, 0x99, 0xa1, 0xa9, 0xb0, 0xb7, 0xbe, 0xc5, 0xcc, 0xd2,
0xd8, 0xde, 0xe3, 0xe8, 0xec, 0xf0, 0xf3, 0xf7, 0xf9, 0xfb, 0xfd, 0xfe, 0xff, 0xff, 0xff, 0xfe,
0xfc, 0xfb, 0xf8, 0xf6, 0xf2, 0xef, 0xeb, 0xe6, 0xe1, 0xdc, 0xd6, 0xd0, 0xca, 0xc3, 0xbc, 0xb5,
0xad, 0xa6, 0x9e, 0x96, 0x8f, 0x87, 0x7e, 0x76, 0x6e, 0x66, 0x5e, 0x56, 0x4f, 0x48, 0x40, 0x3a,
0x33, 0x2d, 0x27, 0x21, 0x1c, 0x17, 0x13, 0xe, 0xb, 0x8, 0x5, 0x3, 0x1, 0x0, 0xff, 0xff,
0xff, 0x0, 0x1, 0x3, 0x5, 0x8, 0xb, 0xf, 0x13, 0x18, 0x1c, 0x22, 0x27, 0x2d, 0x34, 0x3a,
0x41, 0x48, 0x50, 0x57, 0x5f, 0x67, 0x6f, 0x77, 0x7f, 0x87, 0x8f, 0x97, 0x9f, 0xa7, 0xae, 0xb6,
0xbd, 0xc4, 0xca, 0xd1, 0xd7, 0xdc, 0xe2, 0xe6, 0xeb, 0xef, 0xf3, 0xf6, 0xf9, 0xfb, 0xfd, 0xfe,
0xff, 0xff, 0xff, 0xfe, 0xfd, 0xfb, 0xf9, 0xf6, 0xf3, 0xf0, 0xeb, 0xe7, 0xe2, 0xdd, 0xd7, 0xd1,
0xcb, 0xc4, 0xbe, 0xb6, 0xaf, 0xa8, 0xa0, 0x98, 0x90, 0x88, 0x80, 0x77, 0x6f, 0x68, 0x60, 0x58,
0x51, 0x49, 0x42, 0x3b, 0x34, 0x2e, 0x28, 0x22, 0x1d, 0x18, 0x14, 0xf, 0xc, 0x8, 0x6, 0x3,
0x2, 0x0, 0xff, 0xff, 0xff, 0x0, 0x1, 0x3, 0x5, 0x7, 0xa, 0xe, 0x12, 0x16, 0x1b, 0x20,
0x26, 0x2c, 0x32, 0x39, 0x40, 0x47, 0x4e, 0x55, 0x5d, 0x65, 0x6d, 0x75, 0x7d, 0x86, 0x8e, 0x96,
0x9d, 0xa5, 0xad, 0xb4, 0xbb, 0xc2, 0xc9, 0xcf, 0xd5, 0xdb, 0xe0, 0xe5, 0xea, 0xee, 0xf2, 0xf5,
0xf8, 0xfa, 0xfc, 0xfe, 0xff, 0xff, 0xff, 0xfe, 0xfd, 0xfc, 0xf9, 0xf7, 0xf4, 0xf0, 0xec, 0xe8,
0xe3, 0xde, 0xd9, 0xd3, 0xcc, 0xc6, 0xbf, 0xb8, 0xb1, 0xa9, 0xa2, 0x9a, 0x92, 0x8a, 0x82, 0x79,
0x71, 0x69, 0x62, 0x5a, 0x52, 0x4b, 0x44, 0x3d, 0x36, 0x30, 0x29, 0x24, 0x1e, 0x19, 0x14, 0x10,
0xc, 0x9, 0x6, 0x4, 0x2, 0x0, 0xff, 0xff, 0xff, 0x0, 0x1, 0x2, 0x4, 0x7, 0xa, 0xd,
0x11, 0x15, 0x1a, 0x1f, 0x25, 0x2b, 0x31, 0x37, 0x3e, 0x45, 0x4c, 0x54, 0x5b, 0x63, 0x6b, 0x73,
0x7b, 0x84, 0x8c, 0x94, 0x9c, 0xa3, 0xab, 0xb2, 0xba, 0xc1, 0xc7, 0xce, 0xd4, 0xda, 0xdf, 0xe4,
0xe9, 0xed, 0xf1, 0xf5, 0xf7, 0xfa, 0xfc, 0xfd, 0xfe, 0xff, 0xff, 0xfe, 0xfd, 0xfc, 0xfa, 0xf8,
0xf5, 0xf1, 0xed, 0xe9, 0xe4, 0xdf, 0xda, 0xd4, 0xce, 0xc7, 0xc1, 0xba, 0xb3, 0xab, 0xa4, 0x9c,
0x94, 0x8c, 0x84, 0x7b, 0x73, 0x6b, 0x63, 0x5c, 0x54, 0x4c, 0x45, 0x3e, 0x37, 0x31, 0x2b, 0x25,
0x1f, 0x1a, 0x16, 0x11, 0xd, 0xa, 0x7, 0x4, 0x2, 0x1, 0x0, 0xff, 0xff, 0xff, 0x0, 0x2,
0x4, 0x6, 0x9, 0xc, 0x10, 0x14, 0x19, 0x1e, 0x23, 0x29, 0x2f, 0x36, 0x3d, 0x43, 0x4b, 0x52,
0x5a, 0x61, 0x69, 0x71, 0x79, 0x82, 0x8a, 0x92, 0x9a, 0xa2, 0xa9, 0xb1, 0xb8, 0xbf, 0xc6, 0xcc,
0xd3, 0xd8, 0xde, 0xe3, 0xe8, 0xec, 0xf0, 0xf4, 0xf7, 0xf9, 0xfc, 0xfd, 0xfe, 0xff, 0xff, 0xff,
0xfe, 0xfc, 0xfa, 0xf8, 0xf5, 0xf2, 0xee, 0xea, 0xe6, 0xe1, 0xdb, 0xd5, 0xcf, 0xc9, 0xc2, 0xbb,
0xb4, 0xad, 0xa5, 0x9e, 0x96, 0x8e, 0x86, 0x7d, 0x75, 0x6d, 0x65, 0x5d, 0x56, 0x4e, 0x47, 0x40,
0x39, 0x32, 0x2c, 0x26, 0x21, 0x1b, 0x17, 0x12, 0xe, 0xb, 0x7, 0x5, 0x3, 0x1, 0x0, 0xff,
0xff, 0xff, 0x0, 0x1, 0x3, 0x6, 0x8, 0xc, 0xf, 0x13, 0x18, 0x1d, 0x22, 0x28, 0x2e, 0x34,
0x3b, 0x42, 0x49, 0x50, 0x58, 0x60, 0x67, 0x6f, 0x77, 0x80, 0x88, 0x90, 0x98, 0xa0, 0xa8, 0xaf,
0xb6, 0xbd, 0xc4, 0xcb, 0xd1, 0xd7, 0xdd, 0xe2, 0xe7, 0xeb, 0xef, 0xf3, 0xf6, 0xf9, 0xfb, 0xfd,
0xfe, 0xff, 0xff, 0xff, 0xfe, 0xfd, 0xfb, 0xf9, 0xf6, 0xf3, 0xef, 0xeb, 0xe7, 0xe2, 0xdc, 0xd7,
0xd1, 0xca, 0xc4, 0xbd, 0xb6, 0xae, 0xa7, 0x9f, 0x98, 0x90, 0x88, 0x80, 0x77, 0x6f, 0x67, 0x5f,
0x57, 0x50, 0x49, 0x41, 0x3a, 0x34, 0x2e, 0x28, 0x22, 0x1d, 0x18, 0x13, 0xf, 0xb, 0x8, 0x5,
0x3, 0x1, 0x0, 0xff, 0xff, 0xff, 0x0, 0x1, 0x3, 0x5, 0x8, 0xb, 0xe, 0x12, 0x17, 0x1c,
0x21, 0x27, 0x2d, 0x33, 0x39, 0x40, 0x47, 0x4f, 0x56, 0x5e, 0x66, 0x6d, 0x75, 0x7d, 0x86, 0x8e,
0x96, 0x9e, 0xa6, 0xad, 0xb5, 0xbc, 0xc3, 0xc9, 0xd0, 0xd6, 0xdc, 0xe1, 0xe6, 0xea, 0xef, 0xf2,
0xf6, 0xf8, 0xfb, 0xfc, 0xfe, 0xff, 0xff, 0xff, 0xfe, 0xfd, 0xfb, 0xf9, 0xf7, 0xf4, 0xf0, 0xec,
0xe8, 0xe3, 0xde, 0xd8, 0xd2, 0xcc, 0xc5, 0xbf, 0xb7, 0xb0, 0xa9, 0xa1, 0x99, 0x91, 0x89, 0x82,
0x79, 0x71, 0x69, 0x61, 0x59, 0x52, 0x4a, 0x43, 0x3c, 0x35, 0x2f, 0x29, 0x23, 0x1e, 0x19, 0x14,
0x10, 0xc, 0x9, 0x6, 0x4, 0x2, 0x0, 0xff, 0xff, 0xff, 0x0, 0x1, 0x2, 0x4, 0x7, 0xa,
0xe, 0x11, 0x16, 0x1b, 0x20, 0x25, 0x2b, 0x31, 0x38, 0x3f, 0x46, 0x4d, 0x54, 0x5c, 0x64, 0x6c,
0x74, 0x7c, 0x85, 0x8d, 0x94, 0x9c, 0xa4, 0xac, 0xb3, 0xba, 0xc1, 0xc8, 0xce, 0xd4, 0xda, 0xe0,
0xe5, 0xe9, 0xee, 0xf1, 0xf5, 0xf8, 0xfa, 0xfc, 0xfe, 0xfe, 0xff, 0xff, 0xfe, 0xfd, 0xfc, 0xfa,
0xf7, 0xf4, 0xf1, 0xed, 0xe9, 0xe4, 0xdf, 0xd9, 0xd4, 0xcd, 0xc7, 0xc0, 0xb9, 0xb2, 0xaa, 0xa3,
0x9b, 0x93, 0x8b, 0x83, 0x7a, 0x72, 0x6a, 0x63, 0x5b, 0x53, 0x4c, 0x45, 0x3e, 0x37, 0x30, 0x2a,
0x24, 0x1f, 0x1a, 0x15, 0x11, 0xd, 0xa, 0x7, 0x4, 0x2, 0x1, 0x0, 0xff, 0xff, 0x0, 0x1,
0x2, 0x4, 0x6, 0x9, 0xd, 0x11, 0x15, 0x19, 0x1f, 0x24, 0x2a, 0x30, 0x36, 0x3d, 0x44, 0x4b,
0x53, 0x5a, 0x62, 0x6a, 0x72, 0x7a, 0x83, 0x8b, 0x93, 0x9b, 0xa2, 0xaa, 0xb1, 0xb9, 0xc0, 0xc6,
0xcd, 0xd3, 0xd9, 0xde, 0xe4, 0xe8, 0xed, 0xf1, 0xf4, 0xf7, 0xfa, 0xfc, 0xfd, 0xfe, 0xff, 0xff,
0xff, 0xfe, 0xfc, 0xfa, 0xf8, 0xf5, 0xf2, 0xee, 0xea, 0xe5, 0xe0, 0xdb, 0xd5, 0xcf, 0xc8, 0xc2,
0xbb, 0xb4, 0xac, 0xa5, 0x9d, 0x95, 0x8d, 0x85, 0x7c, 0x74, 0x6c, 0x64, 0x5d, 0x55, 0x4d, 0x46,
0x3f, 0x38, 0x32, 0x2c, 0x26, 0x20, 0x1b, 0x16, 0x12, 0xe, 0xa, 0x7, 0x5, 0x3, 0x1, 0x0,
0xff, 0xff, 0xff, 0x0, 0x2, 0x3, 0x6, 0x9, 0xc, 0x10, 0x14, 0x18, 0x1d, 0x23, 0x28, 0x2f,
0x35, 0x3c, 0x42, 0x4a, 0x51, 0x59, 0x60, 0x68, 0x70, 0x78, 0x81, 0x89, 0x91, 0x99, 0xa1, 0xa8,
0xb0, 0xb7, 0xbe, 0xc5, 0xcb, 0xd2, 0xd8, 0xdd, 0xe3, 0xe7, 0xec, 0xf0, 0xf3, 0xf6, 0xf9, 0xfb,
0xfd, 0xfe, 0xff, 0xff, 0xff, 0xfe, 0xfd, 0xfb, 0xf8, 0xf6, 0xf2, 0xef, 0xeb, 0xe6, 0xe1, 0xdc,
0xd6, 0xd0, 0xca, 0xc3, 0xbc, 0xb5, 0xae, 0xa6, 0x9f, 0x97, 0x8f, 0x87, 0x7e, 0x76, 0x6e, 0x66,
0x5e, 0x57, 0x4f, 0x48, 0x41, 0x3a, 0x33, 0x2d, 0x27, 0x21, 0x1c, 0x17, 0x13, 0xf, 0xb, 0x8,
0x5, 0x3, 0x1, 0x0, 0xff, 0xff, 0xff, 0x0, 0x1, 0x3, 0x5, 0x8, 0xb, 0xf, 0x13, 0x17,
0x1c, 0x21, 0x27, 0x2d, 0x33, 0x3a, 0x41, 0x48, 0x4f, 0x57, 0x5f, 0x66, 0x6e, 0x76, 0x7e, 0x87,
0x8f, 0x97, 0x9f, 0xa6, 0xae, 0xb5, 0xbc, 0xc3, 0xca, 0xd0, 0xd6, 0xdc, 0xe1, 0xe6, 0xeb, 0xef,
0xf3, 0xf6, 0xf9, 0xfb, 0xfd, 0xfe, 0xff, 0xff, 0xff, 0xfe, 0xfd, 0xfb, 0xf9, 0xf6, 0xf3, 0xf0,
0xec, 0xe7, 0xe2, 0xdd, 0xd8, 0xd2, 0xcb, 0xc5, 0xbe, 0xb7, 0xb0, 0xa8, 0xa0, 0x99, 0x91, 0x89,
0x81, 0x78, 0x70, 0x68, 0x60, 0x58, 0x51, 0x49, 0x42, 0x3b, 0x35, 0x2e, 0x28, 0x23, 0x1d, 0x18,
0x14, 0x10, 0xc, 0x9, 0x6, 0x3, 0x2, 0x0, 0xff, 0xff, 0xff, 0x0, 0x1, 0x3, 0x5, 0x7,
0xa, 0xe, 0x12, 0x16, 0x1b, 0x20, 0x26, 0x2c, 0x32, 0x38, 0x3f, 0x46, 0x4e, 0x55, 0x5d, 0x65,
0x6c, 0x74, 0x7c, 0x85, 0x8d, 0x95, 0x9d, 0xa5, 0xac, 0xb4, 0xbb, 0xc2, 0xc9, 0xcf, 0xd5, 0xdb,
0xe0, 0xe5, 0xea, 0xee, 0xf2, 0xf5, 0xf8, 0xfa, 0xfc, 0xfe, 0xff, 0xff, 0xff, 0xfe, 0xfd, 0xfc,
0xfa, 0xf7, 0xf4, 0xf1, 0xed, 0xe8, 0xe4, 0xde, 0xd9, 0xd3, 0xcd, 0xc6, 0xc0, 0xb8, 0xb1, 0xaa,
0xa2, 0x9a, 0x92, 0x8b, 0x83, 0x7a, 0x72, 0x6a, 0x62, 0x5a, 0x53, 0x4b, 0x44, 0x3d, 0x36, 0x30,
0x2a, 0x24, 0x1e, 0x19, 0x15, 0x10, 0xd, 0x9, 0x6, 0x4, 0x2, 0x0, 0x0, 0xff, 0xff, 0x0,
0x1, 0x2, 0x4, 0x7, 0xa, 0xd, 0x11, 0x15, 0x1a, 0x1f, 0x25, 0x2a, 0x31, 0x37, 0x3e, 0x45,
0x4c, 0x53, 0x5b, 0x63, 0x6b, 0x73, 0x7b, 0x84, 0x8b, 0x93, 0x9b, 0xa3, 0xab, 0xb2, 0xb9, 0xc0,
0xc7, 0xcd, 0xd4, 0xda, 0xdf, 0xe4, 0xe9, 0xed, 0xf1, 0xf4, 0xf7, 0xfa, 0xfc, 0xfd, 0xfe, 0xff,
0xff, 0xfe, 0xfe, 0xfc, 0xfa, 0xf8, 0xf5, 0xf1, 0xee, 0xe9, 0xe5, 0xe0, 0xda, 0xd4, 0xce, 0xc8,
0xc1, 0xba, 0xb3, 0xab, 0xa4, 0x9c, 0x94, 0x8c, 0x84, 0x7b, 0x73, 0x6c, 0x64, 0x5c, 0x54, 0x4d,
0x46, 0x3f, 0x38, 0x31, 0x2b, 0x25, 0x20, 0x1a, 0x16, 0x11, 0xd, 0xa, 0x7, 0x4, 0x2, 0x1,
0x0, 0xff, 0xff, 0xff, 0x0, 0x2, 0x4, 0x6, 0x9, 0xc, 0x10, 0x14, 0x19, 0x1e, 0x23, 0x29,
0x2f, 0x35, 0x3c, 0x43, 0x4a, 0x52, 0x59, 0x61, 0x69, 0x71, 0x79, 0x82, 0x8a, 0x92, 0x99, 0xa1,
0xa9, 0xb0, 0xb8, 0xbf, 0xc6, 0xcc, 0xd2, 0xd8, 0xde, 0xe3, 0xe8, 0xec, 0xf0, 0xf4, 0xf7, 0xf9,
0xfb, 0xfd, 0xfe, 0xff, 0xff, 0xff, 0xfe, 0xfc, 0xfb, 0xf8, 0xf5, 0xf2, 0xee, 0xea, 0xe6, 0xe1,
0xdb, 0xd6, 0xd0, 0xc9, 0xc3, 0xbc, 0xb5, 0xad, 0xa6, 0x9e, 0x96, 0x8e, 0x86, 0x7d, 0x75, 0x6d,
0x65, 0x5e, 0x56, 0x4e, 0x47, 0x40, 0x39, 0x33, 0x2c, 0x26, 0x21, 0x1c, 0x17, 0x12, 0xe, 0xb,
0x8, 0x5, 0x3, 0x1, 0x0, 0xff, 0xff, 0xff, 0x0, 0x1, 0x3, 0x5, 0x8, 0xb, 0xf, 0x13,
0x18, 0x1d, 0x22, 0x28, 0x2e, 0x34, 0x3b, 0x42, 0x49, 0x50, 0x58, 0x5f, 0x67, 0x6f, 0x77, 0x80,
0x88, 0x90, 0x98, 0x9f, 0xa7, 0xaf, 0xb6, 0xbd, 0xc4, 0xcb, 0xd1, 0xd7, 0xdd, 0xe2, 0xe7, 0xeb,
0xef, 0xf3, 0xf6, 0xf9, 0xfb, 0xfd, 0xfe, 0xff, 0xff, 0xff, 0xfe, 0xfd, 0xfb, 0xf9, 0xf6, 0xf3,
0xef, 0xeb, 0xe7, 0xe2, 0xdd, 0xd7, 0xd1, 0xcb, 0xc4, 0xbd, 0xb6, 0xaf, 0xa7, 0xa0, 0x98, 0x90,
0x88, 0x80, 0x77, 0x6f, 0x67, 0x5f, 0x58, 0x50, 0x49, 0x42, 0x3b, 0x34, 0x2e, 0x28, 0x22, 0x1d,
0x18, 0x13, 0xf, 0xc, 0x8, 0x6, 0x3, 0x1, 0x0, 0xff, 0xff, 0xff, 0x0, 0x1, 0x3, 0x5,
0x8, 0xb, 0xe, 0x12, 0x17, 0x1b, 0x21, 0x26, 0x2c, 0x33, 0x39, 0x40, 0x47, 0x4e, 0x56, 0x5d,
0x65, 0x6d, 0x75, 0x7d, 0x86, 0x8e, 0x96, 0x9e, 0xa5, 0xad, 0xb4, 0xbc, 0xc2, 0xc9, 0xcf, 0xd6,
0xdb, 0xe1, 0xe6, 0xea, 0xee, 0xf2, 0xf5, 0xf8, 0xfb, 0xfc, 0xfe, 0xff, 0xff, 0xff, 0xfe, 0xfd,
0xfb, 0xf9, 0xf7, 0xf4, 0xf0, 0xec, 0xe8, 0xe3, 0xde, 0xd8, 0xd2, 0xcc, 0xc6, 0xbf, 0xb8, 0xb1,
0xa9, 0xa1, 0x9a, 0x92, 0x8a, 0x82, 0x79, 0x71, 0x69, 0x61, 0x59, 0x52, 0x4a, 0x43, 0x3c, 0x36,
0x2f, 0x29, 0x23, 0x1e, 0x19, 0x14, 0x10, 0xc, 0x9, 0x6, 0x4, 0x2, 0x0, 0xff, 0xff, 0xff,
0x0, 0x1, 0x2, 0x4, 0x7, 0xa, 0xd, 0x11, 0x16, 0x1a, 0x20, 0x25, 0x2b, 0x31, 0x38, 0x3e,
0x45, 0x4d, 0x54, 0x5c, 0x63, 0x6b, 0x73, 0x7b, 0x84, 0x8c, 0x94, 0x9c, 0xa4, 0xab, 0xb3, 0xba,
0xc1, 0xc8, 0xce, 0xd4, 0xda, 0xdf, 0xe5, 0xe9, 0xed, 0xf1, 0xf5, 0xf8, 0xfa, 0xfc, 0xfd, 0xfe,
0xff, 0xff, 0xfe, 0xfd, 0xfc, 0xfa, 0xf7, 0xf4, 0xf1, 0xed, 0xe9, 0xe4, 0xdf, 0xda, 0xd4, 0xce,
0xc7, 0xc0, 0xb9, 0xb2, 0xab, 0xa3, 0x9b, 0x94, 0x8c, 0x84, 0x7b, 0x73, 0x6b, 0x63, 0x5b, 0x54,
0x4c, 0x45, 0x3e, 0x37, 0x31, 0x2a, 0x25, 0x1f, 0x1a, 0x15, 0x11, 0xd, 0xa, 0x7, 0x4, 0x2,
0x1, 0x0, 0xff, 0xff, 0x0, 0x0, 0x2, 0x4, 0x6, 0x9, 0xd, 0x10, 0x15, 0x19, 0x1e, 0x24,
0x2a, 0x30, 0x36, 0x3d, 0x44, 0x4b, 0x52, 0x5a, 0x62, 0x6a, 0x71, 0x79, 0x82, 0x8a, 0x92, 0x9a,
0xa2, 0xaa, 0xb1, 0xb8, 0xbf, 0xc6, 0xcd, 0xd3, 0xd9, 0xde, 0xe3, 0xe8, 0xed, 0xf0, 0xf4, 0xf7,
0xfa, 0xfc, 0xfd, 0xfe, 0xff, 0xff, 0xff, 0xfe, 0xfc, 0xfa, 0xf8, 0xf5, 0xf2, 0xee, 0xea, 0xe5,
0xe0, 0xdb, 0xd5, 0xcf, 0xc9, 0xc2, 0xbb, 0xb4, 0xac, 0xa5, 0x9d, 0x95, 0x8d, 0x85, 0x7d, 0x75,
0x6d, 0x65, 0x5d, 0x55, 0x4e, 0x47, 0x3f, 0x39, 0x32, 0x2c, 0x26, 0x20, 0x1b, 0x16, 0x12, 0xe,
0xa, 0x7, 0x5, 0x3, 0x1, 0x0, 0xff, 0xff, 0xff, 0x0, 0x2, 0x3, 0x6, 0x8, 0xc, 0xf,
0x14, 0x18, 0x1d, 0x22, 0x28, 0x2e, 0x35, 0x3b, 0x42, 0x49, 0x51, 0x58, 0x60, 0x68, 0x70, 0x78,
0x81, 0x89, 0x91, 0x98, 0xa0, 0xa8, 0xaf, 0xb7, 0xbe, 0xc5, 0xcb, 0xd1, 0xd7, 0xdd, 0xe2, 0xe7,
0xec, 0xf0, 0xf3, 0xf6, 0xf9, 0xfb, 0xfd, 0xfe, 0xff, 0xff, 0xff, 0xfe, 0xfd, 0xfb, 0xf9, 0xf6,
0xf3, 0xef, 0xeb, 0xe6, 0xe1, 0xdc, 0xd7, 0xd0, 0xca, 0xc4, 0xbd, 0xb6, 0xae, 0xa7, 0x9f, 0x97,
0x8f, 0x87, 0x7e, 0x76, 0x6e, 0x66, 0x5f, 0x57, 0x50, 0x48, 0x41, 0x3a, 0x34, 0x2d, 0x27, 0x22,
0x1c, 0x17, 0x13, 0xf, 0xb, 0x8, 0x5, 0x3, 0x1, 0x0, 0xff, 0xff, 0xff, 0x0, 0x1, 0x3,
0x5, 0x8, 0xb, 0xf, 0x13, 0x17, 0x1c, 0x21, 0x27, 0x2d, 0x33, 0x3a, 0x41, 0x48, 0x4f, 0x57,
0x5e, 0x66, 0x6e, 0x76, 0x7e, 0x87, 0x8f, 0x97, 0x9e, 0xa6, 0xae, 0xb5, 0xbc, 0xc3, 0xca, 0xd0,
0xd6, 0xdc, 0xe1, 0xe6, 0xeb, 0xef, 0xf2, 0xf6, 0xf8, 0xfb, 0xfd, 0xfe, 0xff, 0xff, 0xff, 0xfe,
0xfd, 0xfb, 0xf9, 0xf7, 0xf3, 0xf0, 0xec, 0xe7, 0xe3, 0xdd, 0xd8, 0xd2, 0xcc, 0xc5, 0xbe, 0xb7,
0xb0, 0xa8, 0xa1, 0x99, 0x91, 0x89, 0x81, 0x78, 0x70, 0x68, 0x60, 0x59, 0x51, 0x4a, 0x43, 0x3c,
0x35, 0x2f, 0x29, 0x23, 0x1d, 0x18, 0x14, 0x10, 0xc, 0x9, 0x6, 0x4, 0x2, 0x0, 0xff, 0xff,
0xff, 0x0, 0x1, 0x2, 0x5, 0x7, 0xa, 0xe, 0x12, 0x16, 0x1b, 0x20, 0x26, 0x2b, 0x32, 0x38,
0x3f, 0x46, 0x4d, 0x55, 0x5c, 0x64, 0x6c, 0x74, 0x7c, 0x85, 0x8d, 0x95, 0x9d, 0xa4, 0xac, 0xb3,
0xbb, 0xc2, 0xc8, 0xcf, 0xd5, 0xdb, 0xe0, 0xe5, 0xea, 0xee, 0xf2, 0xf5, 0xf8, 0xfa, 0xfc, 0xfe,
0xff, 0xff, 0xff, 0xfe, 0xfd, 0xfc, 0xfa, 0xf7, 0xf4, 0xf1, 0xed, 0xe8, 0xe4, 0xdf, 0xd9, 0xd3,
0xcd, 0xc7, 0xc0, 0xb9, 0xb2, 0xaa, 0xa2, 0x9b, 0x93, 0x8b, 0x83, 0x7a, 0x72, 0x6a, 0x62, 0x5a,
0x53, 0x4b, 0x44, 0x3d, 0x37, 0x30, 0x2a, 0x24, 0x1f, 0x1a, 0x15, 0x11, 0xd, 0x9, 0x6, 0x4,
0x2, 0x1, 0x0, 0xff, 0xff, 0x0, 0x1, 0x2, 0x4, 0x7, 0x9, 0xd, 0x11, 0x15, 0x1a, 0x1f,
0x24, 0x2a, 0x30, 0x37, 0x3d, 0x44, 0x4c, 0x53, 0x5b, 0x62, 0x6a, 0x72, 0x7a, 0x83, 0x8b, 0x93,
0x9b, 0xa3, 0xaa, 0xb2, 0xb9, 0xc0, 0xc7, 0xcd, 0xd3, 0xd9, 0xdf, 0xe4, 0xe9, 0xed, 0xf1, 0xf4,
0xf7, 0xfa, 0xfc, 0xfd, 0xfe, 0xff, 0xff, 0xff, 0xfe, 0xfc, 0xfa, 0xf8, 0xf5, 0xf2, 0xee, 0xea,
0xe5, 0xe0, 0xda, 0xd5, 0xce, 0xc8, 0xc1, 0xba, 0xb3, 0xac, 0xa4, 0x9d, 0x95, 0x8d, 0x85, 0x7c,
0x74, 0x6c, 0x64, 0x5c, 0x55, 0x4d, 0x46, 0x3f, 0x38, 0x32, 0x2b, 0x25, 0x20, 0x1b, 0x16, 0x12,
0xe, 0xa, 0x7, 0x5, 0x2, 0x1, 0x0, 0xff, 0xff, 0xff, 0x0, 0x2, 0x4, 0x6, 0x9, 0xc,
0x10, 0x14, 0x19, 0x1e, 0x23, 0x29, 0x2f, 0x35, 0x3c, 0x43, 0x4a, 0x51, 0x59, 0x61, 0x68, 0x70,
0x78, 0x81, 0x89, 0x91, 0x99, 0xa1, 0xa9, 0xb0, 0xb7, 0xbe, 0xc5, 0xcc, 0xd2, 0xd8, 0xde, 0xe3,
0xe8, 0xec, 0xf0, 0xf4, 0xf7, 0xf9, 0xfb, 0xfd, 0xfe, 0xff, 0xff, 0xff, 0xfe, 0xfc, 0xfb, 0xf8,
0xf6, 0xf2, 0xef, 0xea, 0xe6, 0xe1, 0xdc, 0xd6, 0xd0, 0xca, 0xc3, 0xbc, 0xb5, 0xad, 0xa6, 0x9e,
0x96, 0x8f, 0x87, 0x7e, 0x76, 0x6e, 0x66, 0x5e, 0x56, 0x4f, 0x48, 0x40, 0x3a, 0x33, 0x2d, 0x27,
0x21, 0x1c, 0x17, 0x13, 0xe, 0xb, 0x8, 0x5, 0x3, 0x1, 0x0, 0xff, 0xff, 0xff, 0x0, 0x1,
0x3, 0x5, 0x8, 0xb, 0xf, 0x13, 0x18, 0x1c, 0x22, 0x27, 0x2d, 0x34, 0x3a, 0x41, 0x48, 0x50,
0x57, 0x5f, 0x67, 0x6f, 0x77, 0x80, 0x87, 0x8f, 0x97, 0x9f, 0xa7, 0xae, 0xb6, 0xbd, 0xc4, 0xca,
0xd1, 0xd7, 0xdc, 0xe2, 0xe6, 0xeb, 0xef, 0xf3, 0xf6, 0xf9, 0xfb, 0xfd, 0xfe, 0xff, 0xff, 0xff,
0xfe, 0xfd, 0xfb, 0xf9, 0xf6, 0xf3, 0xf0, 0xeb, 0xe7, 0xe2, 0xdd, 0xd7, 0xd1, 0xcb, 0xc4, 0xbe,
0xb6, 0xaf, 0xa8, 0xa0, 0x98, 0x90, 0x88, 0x80, 0x77, 0x6f, 0x68, 0x60, 0x58, 0x51, 0x49, 0x42,
0x3b, 0x34, 0x2e, 0x28, 0x22, 0x1d, 0x18, 0x14, 0xf, 0xc, 0x8, 0x6, 0x3, 0x2, 0x0, 0xff,
0xff, 0xff, 0x0, 0x1, 0x3, 0x5, 0x7, 0xb, 0xe, 0x12, 0x16, 0x1b, 0x21, 0x26, 0x2c, 0x32,
0x39, 0x40, 0x47, 0x4e, 0x55, 0x5d, 0x65, 0x6d, 0x75, 0x7d, 0x86, 0x8e, 0x96, 0x9d, 0xa5, 0xad,
0xb4, 0xbb, 0xc2, 0xc9, 0xcf, 0xd5, 0xdb, 0xe0, 0xe5, 0xea, 0xee, 0xf2, 0xf5, 0xf8, 0xfa, 0xfc,
0xfe, 0xff, 0xff, 0xff, 0xfe, 0xfd, 0xfc, 0xf9, 0xf7, 0xf4, 0xf0, 0xec, 0xe8, 0xe3, 0xde, 0xd9,
0xd3, 0xcc, 0xc6, 0xbf, 0xb8, 0xb1, 0xa9, 0xa2, 0x9a, 0x92, 0x8a, 0x82, 0x79, 0x71, 0x69, 0x62,
0x5a, 0x52, 0x4b, 0x44, 0x3d, 0x36, 0x2f, 0x29, 0x24, 0x1e, 0x19, 0x14, 0x10, 0xc, 0x9, 0x6,
0x4, 0x2, 0x0, 0xff, 0xff, 0xff, 0x0, 0x1, 0x2, 0x4, 0x7, 0xa, 0xd, 0x11, 0x15, 0x1a,
0x1f, 0x25, 0x2b, 0x31, 0x37, 0x3e, 0x45, 0x4c, 0x54, 0x5b, 0x63, 0x6b, 0x73, 0x7b, 0x84, 0x8c,
0x94, 0x9c, 0xa3, 0xab, 0xb2, 0xba, 0xc1, 0xc7, 0xce, 0xd4, 0xda, 0xdf, 0xe4, 0xe9, 0xed, 0xf1,
0xf5, 0xf7, 0xfa, 0xfc, 0xfd, 0xfe, 0xff, 0xff, 0xfe, 0xfd, 0xfc, 0xfa, 0xf8, 0xf5, 0xf1, 0xed,
0xe9, 0xe4, 0xdf, 0xda, 0xd4, 0xce, 0xc7, 0xc1, 0xba, 0xb3, 0xab, 0xa3, 0x9c, 0x94, 0x8c, 0x84,
0x7b, 0x73, 0x6b, 0x63, 0x5c, 0x54, 0x4c, 0x45, 0x3e, 0x37, 0x31, 0x2b, 0x25, 0x1f, 0x1a, 0x16,
0x11, 0xd, 0xa, 0x7, 0x4, 0x2, 0x1, 0x0, 0xff, 0xff, 0xff, 0x0, 0x2, 0x4, 0x6, 0x9,
0xc, 0x10, 0x14, 0x19, 0x1e, 0x23, 0x29, 0x2f, 0x36, 0x3c, 0x43, 0x4b, 0x52, 0x5a, 0x61, 0x69,
0x71, 0x79, 0x82, 0x8a, 0x92, 0x9a, 0xa2, 0xa9, 0xb1, 0xb8, 0xbf, 0xc6, 0xcc, 0xd3, 0xd8, 0xde,
0xe3, 0xe8, 0xec, 0xf0, 0xf4, 0xf7, 0xf9, 0xfc, 0xfd, 0xfe, 0xff, 0xff, 0xff, 0xfe, 0xfc, 0xfa,
0xf8, 0xf5, 0xf2, 0xee, 0xea, 0xe6, 0xe1, 0xdb, 0xd5, 0xcf, 0xc9, 0xc2, 0xbb, 0xb4, 0xad, 0xa5,
0x9e, 0x96, 0x8e, 0x86, 0x7d, 0x75, 0x6d, 0x65, 0x5d, 0x56, 0x4e, 0x47, 0x40, 0x39, 0x32, 0x2c,
0x26, 0x21, 0x1b, 0x17, 0x12, 0xe, 0xb, 0x7, 0x5, 0x3, 0x1, 0x0, 0xff, 0xff, 0xff, 0x0,
0x1, 0x3, 0x6, 0x8, 0xc, 0xf, 0x13, 0x18, 0x1d, 0x22, 0x28, 0x2e, 0x34, 0x3b, 0x42, 0x49,
0x50, 0x58, 0x60, 0x67, 0x6f, 0x77, 0x80, 0x88, 0x90, 0x98, 0xa0, 0xa7, 0xaf, 0xb6, 0xbd, 0xc4,
0xcb, 0xd1, 0xd7, 0xdd, 0xe2, 0xe7, 0xeb, 0xef, 0xf3, 0xf6, 0xf9, 0xfb, 0xfd, 0xfe, 0xff, 0xff,
0xff, 0xfe, 0xfd, 0xfb, 0xf9, 0xf6, 0xf3, 0xef, 0xeb, 0xe7, 0xe2, 0xdc, 0xd7, 0xd1, 0xca, 0xc4,
0xbd, 0xb6, 0xae, 0xa7, 0x9f, 0x98, 0x90, 0x88, 0x80, 0x77, 0x6f, 0x67, 0x5f, 0x57, 0x50, 0x49,
0x41, 0x3a, 0x34, 0x2e, 0x28, 0x22, 0x1d, 0x18, 0x13, 0xf, 0xb, 0x8, 0x5, 0x3, 0x1, 0x0,
0xff, 0xff, 0xff, 0x0, 0x1, 0x3, 0x5, 0x8, 0xb, 0xe, 0x12, 0x17, 0x1c, 0x21, 0x27, 0x2d,
0x33, 0x39, 0x40, 0x47, 0x4f, 0x56, 0x5e, 0x66, 0x6d, 0x75, 0x7d, 0x86, 0x8e, 0x96, 0x9e, 0xa6,
0xad, 0xb5, 0xbc, 0xc3, 0xc9, 0xd0, 0xd6, 0xdc, 0xe1, 0xe6, 0xea, 0xef, 0xf2, 0xf6, 0xf8, 0xfb,
0xfc, 0xfe, 0xff, 0xff, 0xff, 0xfe, 0xfd, 0xfb, 0xf9, 0xf7, 0xf4, 0xf0, 0xec, 0xe8, 0xe3, 0xde,
0xd8, 0xd2, 0xcc, 0xc5, 0xbf, 0xb7, 0xb0, 0xa9, 0xa1, 0x99, 0x91, 0x89, 0x82, 0x79, 0x71, 0x69,
0x61, 0x59, 0x52, 0x4a, 0x43, 0x3c, 0x35, 0x2f, 0x29, 0x23, 0x1e, 0x19, 0x14, 0x10, 0xc, 0x9,
0x6, 0x4, 0x2, 0x0, 0xff, 0xff, 0xff, 0x0, 0x1, 0x2, 0x4, 0x7, 0xa, 0xe, 0x11, 0x16,
0x1b, 0x20, 0x25, 0x2b, 0x31, 0x38, 0x3f, 0x46, 0x4d, 0x54, 0x5c, 0x64, 0x6c, 0x74, 0x7c, 0x85,
0x8d, 0x94, 0x9c, 0xa4, 0xac, 0xb3, 0xba, 0xc1, 0xc8, 0xce, 0xd4, 0xda, 0xe0, 0xe5, 0xe9, 0xee,
0xf1, 0xf5, 0xf8, 0xfa, 0xfc, 0xfe, 0xfe, 0xff, 0xff, 0xfe, 0xfd, 0xfc, 0xfa, 0xf7, 0xf4, 0xf1,
0xed, 0xe9, 0xe4, 0xdf, 0xd9, 0xd4, 0xcd, 0xc7, 0xc0, 0xb9, 0xb2, 0xaa, 0xa3, 0x9b, 0x93, 0x8b,
0x83, 0x7a, 0x72, 0x6a, 0x63, 0x5b, 0x53, 0x4c, 0x45, 0x3e, 0x37, 0x30, 0x2a, 0x24, 0x1f, 0x1a,
0x15, 0x11, 0xd, 0xa, 0x7, 0x4, 0x2, 0x1, 0x0, 0xff, 0xff, 0x0, 0x0, 0x2, 0x4, 0x6,
0x9, 0xd, 0x11, 0x15, 0x19, 0x1f, 0x24, 0x2a, 0x30, 0x36, 0x3d, 0x44, 0x4b, 0x53, 0x5a, 0x62,
0x6a, 0x72, 0x7a, 0x83, 0x8b, 0x93, 0x9b, 0xa2, 0xaa, 0xb1, 0xb9, 0xc0, 0xc6, 0xcd, 0xd3, 0xd9,
0xde, 0xe4, 0xe8, 0xed, 0xf1, 0xf4, 0xf7, 0xfa, 0xfc, 0xfd, 0xfe, 0xff, 0xff, 0xff, 0xfe, 0xfc,
0xfa, 0xf8, 0xf5, 0xf2, 0xee, 0xea, 0xe5, 0xe0, 0xdb, 0xd5, 0xcf, 0xc8, 0xc2, 0xbb, 0xb4, 0xac,
0xa5, 0x9d, 0x95, 0x8d, 0x85, 0x7c, 0x74, 0x6c, 0x64, 0x5d, 0x55, 0x4d, 0x46, 0x3f, 0x38, 0x32,
0x2c, 0x26, 0x20, 0x1b, 0x16, 0x12, 0xe, 0xa, 0x7, 0x5, 0x3, 0x1, 0x0, 0xff, 0xff, 0xff,
0x0, 0x2, 0x3, 0x6, 0x9, 0xc, 0x10, 0x14, 0x18, 0x1d, 0x23, 0x28, 0x2f, 0x35, 0x3c, 0x42,
0x4a, 0x51, 0x59, 0x60, 0x68, 0x70, 0x78, 0x81, 0x89, 0x91, 0x99, 0xa1, 0xa8, 0xb0, 0xb7, 0xbe,
0xc5, 0xcb, 0xd2, 0xd8, 0xdd, 0xe3, 0xe7, 0xec, 0xf0, 0xf3, 0xf6, 0xf9, 0xfb, 0xfd, 0xfe, 0xff,
0xff, 0xff, 0xfe, 0xfd, 0xfb, 0xf8, 0xf6, 0xf3, 0xef, 0xeb, 0xe6, 0xe1, 0xdc, 0xd6, 0xd0, 0xca,
0xc3, 0xbc, 0xb5, 0xae, 0xa6, 0x9f, 0x97, 0x8f, 0x87, 0x7e, 0x76, 0x6e, 0x66, 0x5e, 0x57, 0x4f,
0x48, 0x41, 0x3a, 0x33, 0x2d, 0x27, 0x21, 0x1c, 0x17, 0x13, 0xf, 0xb, 0x8, 0x5, 0x3, 0x1,
0x0, 0xff, 0xff, 0xff, 0x0, 0x1, 0x3, 0x5, 0x8, 0xb, 0xf, 0x13, 0x17, 0x1c, 0x21, 0x27,
0x2d, 0x33, 0x3a, 0x41, 0x48, 0x4f, 0x57, 0x5f, 0x66, 0x6e, 0x76, 0x7e, 0x87, 0x8f, 0x97, 0x9f,
0xa6, 0xae, 0xb5, 0xbc, 0xc3, 0xca, 0xd0, 0xd6, 0xdc, 0xe1, 0xe6, 0xeb, 0xef, 0xf3, 0xf6, 0xf9,
0xfb, 0xfd, 0xfe, 0xff, 0xff, 0xff, 0xfe, 0xfd, 0xfb, 0xf9, 0xf6, 0xf3, 0xf0, 0xec, 0xe7, 0xe2,
0xdd, 0xd8, 0xd2, 0xcb, 0xc5, 0xbe, 0xb7, 0xb0, 0xa8, 0xa0, 0x99, 0x91, 0x89, 0x81, 0x78, 0x70,
0x68, 0x60, 0x58, 0x51, 0x49, 0x42, 0x3b, 0x35, 0x2e, 0x28, 0x23, 0x1d, 0x18, 0x14, 0x10, 0xc,
0x9, 0x6, 0x3, 0x2, 0x0, 0xff, 0xff, 0xff, 0x0, 0x1, 0x3, 0x5, 0x7, 0xa, 0xe, 0x12,
0x16, 0x1b, 0x20, 0x26, 0x2c, 0x32, 0x39, 0x3f, 0x46, 0x4e, 0x55, 0x5d, 0x65, 0x6c, 0x74, 0x7c,
0x85, 0x8d, 0x95, 0x9d, 0xa5, 0xac, 0xb4, 0xbb, 0xc2, 0xc9, 0xcf, 0xd5, 0xdb, 0xe0, 0xe5, 0xea,
0xee, 0xf2, 0xf5, 0xf8, 0xfa, 0xfc, 0xfe, 0xff, 0xff, 0xff, 0xfe, 0xfd, 0xfc, 0xfa, 0xf7, 0xf4,
0xf1, 0xed, 0xe8, 0xe4, 0xde, 0xd9, 0xd3, 0xcd, 0xc6, 0xc0, 0xb8, 0xb1, 0xaa, 0xa2, 0x9a, 0x93,
0x8b, 0x83, 0x7a, 0x72, 0x6a, 0x62, 0x5a, 0x53, 0x4b, 0x44, 0x3d, 0x36, 0x30, 0x2a, 0x24, 0x1e,
0x19, 0x15, 0x10, 0xd, 0x9, 0x6, 0x4, 0x2, 0x0, 0x0, 0xff, 0xff, 0x0, 0x1, 0x2, 0x4,
0x7, 0xa, 0xd, 0x11, 0x15, 0x1a, 0x1f, 0x25, 0x2a, 0x31, 0x37, 0x3e, 0x45, 0x4c, 0x53, 0x5b,
0x63, 0x6b, 0x73, 0x7b, 0x83, 0x8b, 0x93, 0x9b, 0xa3, 0xab, 0xb2, 0xb9, 0xc0, 0xc7, 0xce, 0xd4,
0xda, 0xdf, 0xe4, 0xe9, 0xed, 0xf1, 0xf4, 0xf7, 0xfa, 0xfc, 0xfd, 0xfe, 0xff, 0xff, 0xfe, 0xfe,
0xfc, 0xfa, 0xf8, 0xf5, 0xf1, 0xee, 0xe9, 0xe5, 0xe0, 0xda, 0xd4, 0xce, 0xc8, 0xc1, 0xba, 0xb3,
0xab, 0xa4, 0x9c, 0x94, 0x8c, 0x84, 0x7b, 0x73, 0x6b, 0x64, 0x5c, 0x54, 0x4d, 0x46, 0x3f, 0x38,
0x31, 0x2b, 0x25, 0x20, 0x1a, 0x16, 0x11, 0xd, 0xa, 0x7, 0x4, 0x2, 0x1, 0x0, 0xff, 0xff,
0xff, 0x0, 0x2, 0x4, 0x6, 0x9, 0xc, 0x10, 0x14, 0x19, 0x1e, 0x23, 0x29, 0x2f, 0x35, 0x3c,
0x43, 0x4a, 0x52, 0x59, 0x61, 0x69, 0x71, 0x79, 0x82, 0x8a, 0x92, 0x99, 0xa1, 0xa9, 0xb0, 0xb8,
0xbf, 0xc6, 0xcc, 0xd2, 0xd8, 0xde, 0xe3, 0xe8, 0xec, 0xf0, 0xf4, 0xf7, 0xf9, 0xfb, 0xfd, 0xfe,
0xff, 0xff, 0xff, 0xfe, 0xfc, 0xfb, 0xf8, 0xf5, 0xf2, 0xee, 0xea, 0xe6, 0xe1, 0xdb, 0xd6, 0xd0,
0xc9, 0xc3, 0xbc, 0xb5, 0xad, 0xa6, 0x9e, 0x96, 0x8e, 0x86, 0x7d, 0x75, 0x6d, 0x65, 0x5e, 0x56,
0x4e, 0x47, 0x40, 0x39, 0x33, 0x2c, 0x26, 0x21, 0x1c, 0x17, 0x12, 0xe, 0xb, 0x8, 0x5, 0x3,
0x1, 0x0, 0xff, 0xff, 0xff, 0x0, 0x1, 0x3, 0x5, 0x8, 0xb, 0xf, 0x13, 0x18, 0x1d, 0x22,
0x28, 0x2e, 0x34, 0x3b, 0x42, 0x49, 0x50, 0x58, 0x5f, 0x67, 0x6f, 0x77, 0x80, 0x88, 0x90, 0x98,
0x9f, 0xa7, 0xaf, 0xb6, 0xbd, 0xc4, 0xcb, 0xd1, 0xd7, 0xdd, 0xe2, 0xe7, 0xeb, 0xef, 0xf3, 0xf6,
0xf9, 0xfb, 0xfd, 0xfe, 0xff, 0xff, 0xff, 0xfe, 0xfd, 0xfb, 0xf9, 0xf6, 0xf3, 0xef, 0xeb, 0xe7,
0xe2, 0xdd, 0xd7, 0xd1, 0xcb, 0xc4, 0xbd, 0xb6, 0xaf, 0xa7, 0xa0, 0x98, 0x90, 0x88, 0x80, 0x77,
0x6f, 0x67, 0x5f, 0x58, 0x50, 0x49, 0x42, 0x3b, 0x34, 0x2e, 0x28, 0x22, 0x1d, 0x18, 0x13, 0xf,
0xc, 0x8, 0x6, 0x3, 0x1, 0x0, 0xff, 0xff, 0xff, 0x0, 0x1, 0x3, 0x5, 0x8, 0xb, 0xe,
0x12, 0x17, 0x1c, 0x21, 0x26, 0x2c, 0x33, 0x39, 0x40, 0x47, 0x4e, 0x56, 0x5d, 0x65, 0x6d, 0x75,
0x7d, 0x86, 0x8e, 0x96, 0x9e, 0xa5, 0xad, 0xb4, 0xbc, 0xc2, 0xc9, 0xcf, 0xd6, 0xdb, 0xe1, 0xe6,
0xea, 0xee, 0xf2, 0xf5, 0xf8, 0xfb, 0xfc, 0xfe, 0xff, 0xff, 0xff, 0xfe, 0xfd, 0xfb, 0xf9, 0xf7,
0xf4, 0xf0, 0xec, 0xe8, 0xe3, 0xde, 0xd8, 0xd2, 0xcc, 0xc6, 0xbf, 0xb8, 0xb1, 0xa9, 0xa1, 0x9a,
0x92, 0x8a, 0x82, 0x79, 0x71, 0x69, 0x61, 0x59, 0x52, 0x4a, 0x43, 0x3c, 0x36, 0x2f, 0x29, 0x23,
0x1e, 0x19, 0x14, 0x10, 0xc, 0x9, 0x6, 0x4, 0x2, 0x0, 0xff, 0xff, 0xff, 0x0, 0x1, 0x2,
0x4, 0x7, 0xa, 0xd, 0x11, 0x16, 0x1a, 0x1f, 0x25, 0x2b, 0x31, 0x38, 0x3e, 0x45, 0x4d, 0x54,
0x5c, 0x63, 0x6b, 0x73, 0x7b, 0x84, 0x8c, 0x94, 0x9c, 0xa4, 0xab, 0xb3, 0xba, 0xc1, 0xc8, 0xce,
0xd4, 0xda, 0xdf, 0xe5, 0xe9, 0xed, 0xf1, 0xf5, 0xf8, 0xfa, 0xfc, 0xfd, 0xfe, 0xff, 0xff, 0xfe,
0xfd, 0xfc, 0xfa, 0xf7, 0xf4, 0xf1, 0xed, 0xe9, 0xe4, 0xdf, 0xda, 0xd4, 0xce, 0xc7, 0xc0, 0xb9,
0xb2, 0xab, 0xa3, 0x9b, 0x94, 0x8c, 0x84, 0x7b, 0x73, 0x6b, 0x63, 0x5b, 0x54, 0x4c, 0x45, 0x3e,
0x37, 0x31, 0x2a, 0x25, 0x1f, 0x1a, 0x15, 0x11, 0xd, 0xa, 0x7, 0x4, 0x2, 0x1, 0x0, 0xff,
0xff, 0x0, 0x0, 0x2, 0x4, 0x6, 0x9, 0xd, 0x10, 0x15, 0x19, 0x1e, 0x24, 0x2a, 0x30, 0x36,
0x3d, 0x44, 0x4b, 0x52, 0x5a, 0x62, 0x6a, 0x71, 0x79, 0x82, 0x8a, 0x92, 0x9a, 0xa2, 0xaa, 0xb1,
0xb8, 0xbf, 0xc6, 0xcd, 0xd3, 0xd9, 0xde, 0xe3, 0xe8, 0xed, 0xf0, 0xf4, 0xf7, 0xfa, 0xfc, 0xfd,
0xfe, 0xff, 0xff, 0xff, 0xfe, 0xfc, 0xfa, 0xf8, 0xf5, 0xf2, 0xee, 0xea, 0xe5, 0xe0, 0xdb, 0xd5,
0xcf, 0xc9, 0xc2, 0xbb, 0xb4, 0xac, 0xa5, 0x9d, 0x95, 0x8d, 0x85, 0x7d, 0x75, 0x6d, 0x65, 0x5d,
0x55, 0x4e, 0x47, 0x3f, 0x39, 0x32, 0x2c, 0x26, 0x20, 0x1b, 0x16, 0x12, 0xe, 0xa, 0x7, 0x5,
0x3, 0x1, 0x0, 0xff, 0xff, 0xff, 0x0, 0x2, 0x3, 0x6, 0x8, 0xc, 0xf, 0x14, 0x18, 0x1d,
0x22, 0x28, 0x2e, 0x35, 0x3b, 0x42, 0x49, 0x51, 0x58, 0x60, 0x68, 0x70, 0x78, 0x81, 0x89, 0x91,
0x98, 0xa0, 0xa8, 0xaf, 0xb7, 0xbe, 0xc5, 0xcb, 0xd1, 0xd7, 0xdd, 0xe2, 0xe7, 0xec, 0xf0, 0xf3,
0xf6, 0xf9, 0xfb, 0xfd, 0xfe, 0xff, 0xff, 0xff, 0xfe, 0xfd, 0xfb, 0xf9, 0xf6, 0xf3, 0xef, 0xeb,
0xe6, 0xe1, 0xdc, 0xd6, 0xd0, 0xca, 0xc4, 0xbd, 0xb6, 0xae, 0xa7, 0x9f, 0x97, 0x8f, 0x87, 0x7e,
0x76, 0x6e, 0x66, 0x5f, 0x57, 0x50, 0x48, 0x41, 0x3a, 0x34, 0x2d, 0x27, 0x22, 0x1c, 0x17, 0x13,
0xf, 0xb, 0x8, 0x5, 0x3, 0x1, 0x0, 0xff, 0xff, 0xff, 0x0, 0x1, 0x3, 0x5, 0x8, 0xb,
0xf, 0x13, 0x17, 0x1c, 0x21, 0x27, 0x2d, 0x33, 0x3a, 0x41, 0x48, 0x4f, 0x56, 0x5e, 0x66, 0x6e,
0x76, 0x7e, 0x87, 0x8f, 0x97, 0x9e, 0xa6, 0xae, 0xb5, 0xbc, 0xc3, 0xca, 0xd0, 0xd6, 0xdc, 0xe1,
0xe6, 0xeb, 0xef, 0xf2, 0xf6, 0xf8, 0xfb, 0xfd, 0xfe, 0xff, 0xff, 0xff, 0xfe, 0xfd, 0xfb, 0xf9,
0xf7, 0xf3, 0xf0, 0xec, 0xe7, 0xe3, 0xdd, 0xd8, 0xd2, 0xcc, 0xc5, 0xbe, 0xb7, 0xb0, 0xa8, 0xa1,
0x99, 0x91, 0x89, 0x81, 0x78, 0x70, 0x68, 0x60, 0x59, 0x51, 0x4a, 0x43, 0x3c, 0x35, 0x2f, 0x29,
0x23, 0x1d, 0x18, 0x14, 0x10, 0xc, 0x9, 0x6, 0x4, 0x2, 0x0, 0xff, 0xff, 0xff, 0x0, 0x1,
0x2, 0x5, 0x7, 0xa, 0xe, 0x12, 0x16, 0x1b, 0x20, 0x26, 0x2b, 0x32, 0x38, 0x3f, 0x46, 0x4d,
0x55, 0x5c, 0x64, 0x6c, 0x74, 0x7c, 0x85, 0x8d, 0x95, 0x9d, 0xa4, 0xac, 0xb3, 0xbb, 0xc2, 0xc8,
0xcf, 0xd5, 0xdb, 0xe0, 0xe5, 0xea, 0xee, 0xf2, 0xf5, 0xf8, 0xfa, 0xfc, 0xfe, 0xff, 0xff, 0xff,
0xfe, 0xfd, 0xfc, 0xfa, 0xf7, 0xf4, 0xf1, 0xed, 0xe9, 0xe4, 0xdf, 0xd9, 0xd3, 0xcd, 0xc7, 0xc0,
0xb9, 0xb2, 0xaa, 0xa2, 0x9b, 0x93, 0x8b, 0x83, 0x7a, 0x72, 0x6a, 0x62, 0x5a, 0x53, 0x4b, 0x44,
0x3d, 0x37, 0x30, 0x2a, 0x24, 0x1f, 0x1a, 0x15, 0x11, 0xd, 0x9, 0x6, 0x4, 0x2, 0x1, 0x0,
0xff, 0xff, 0x0, 0x1, 0x2, 0x4, 0x7, 0x9, 0xd, 0x11, 0x15, 0x1a, 0x1f, 0x24, 0x2a, 0x30,
0x37, 0x3d, 0x44, 0x4c, 0x53, 0x5b, 0x62, 0x6a, 0x72, 0x7a, 0x83, 0x8b, 0x93, 0x9b, 0xa3, 0xaa,
0xb2, 0xb9, 0xc0, 0xc7, 0xcd, 0xd3, 0xd9, 0xdf, 0xe4, 0xe9, 0xed, 0xf1, 0xf4, 0xf7, 0xfa, 0xfc,
0xfd, 0xfe, 0xff, 0xff, 0xff, 0xfe, 0xfc, 0xfa, 0xf8, 0xf5, 0xf2, 0xee, 0xea, 0xe5, 0xe0, 0xda,
0xd5, 0xcf, 0xc8, 0xc1, 0xba, 0xb3, 0xac, 0xa4, 0x9c, 0x95, 0x8d, 0x85, 0x7c, 0x74, 0x6c, 0x64,
0x5c, 0x55, 0x4d, 0x46, 0x3f, 0x38, 0x32, 0x2b, 0x25, 0x20, 0x1b, 0x16, 0x12, 0xe, 0xa, 0x7,
0x5, 0x2, 0x1, 0x0, 0xff, 0xff, 0xff, 0x0, 0x2, 0x4, 0x6, 0x9, 0xc, 0x10, 0x14, 0x19,
0x1e, 0x23, 0x29, 0x2f, 0x35, 0x3c, 0x43, 0x4a, 0x51, 0x59, 0x61, 0x68, 0x70, 0x78, 0x81, 0x89,
0x91, 0x99, 0xa1, 0xa9, 0xb0, 0xb7, 0xbe, 0xc5, 0xcc, 0xd2, 0xd8, 0xde, 0xe3, 0xe8, 0xec, 0xf0,
0xf4, 0xf7, 0xf9, 0xfb, 0xfd, 0xfe, 0xff, 0xff, 0xff, 0xfe, 0xfc, 0xfb, 0xf8, 0xf6, 0xf2, 0xef,
0xeb, 0xe6, 0xe1, 0xdc, 0xd6, 0xd0, 0xca, 0xc3, 0xbc, 0xb5, 0xae, 0xa6, 0x9e, 0x96, 0x8f, 0x87,
0x7e, 0x76, 0x6e, 0x66, 0x5e, 0x56, 0x4f, 0x48, 0x40, 0x3a, 0x33, 0x2d, 0x27, 0x21, 0x1c, 0x17,
0x13, 0xe, 0xb, 0x8, 0x5, 0x3, 0x1, 0x0, 0xff, 0xff, 0xff, 0x0, 0x1, 0x3, 0x5, 0x8,
0xb, 0xf, 0x13, 0x18, 0x1c, 0x22, 0x27, 0x2d, 0x34, 0x3a, 0x41, 0x48, 0x50, 0x57, 0x5f, 0x67,
0x6f, 0x77, 0x7e, 0x87, 0x8f, 0x97, 0x9f, 0xa7, 0xae, 0xb6, 0xbd, 0xc4, 0xca, 0xd1, 0xd7, 0xdc,
0xe2, 0xe6, 0xeb, 0xef, 0xf3, 0xf6, 0xf9, 0xfb, 0xfd, 0xfe, 0xff, 0xff, 0xff, 0xfe, 0xfd, 0xfb,
0xf9, 0xf6, 0xf3, 0xf0, 0xeb, 0xe7, 0xe2, 0xdd, 0xd7, 0xd1, 0xcb, 0xc4, 0xbe, 0xb7, 0xaf, 0xa8,
0xa0, 0x98, 0x90, 0x88, 0x80, 0x77, 0x6f, 0x68, 0x60, 0x58, 0x50, 0x49, 0x42, 0x3b, 0x34, 0x2e,
0x28, 0x22, 0x1d, 0x18, 0x13, 0xf, 0xc, 0x8, 0x6, 0x3, 0x2, 0x0, 0xff, 0xff, 0xff, 0x0,
0x1, 0x3, 0x5, 0x7, 0xb, 0xe, 0x12, 0x16, 0x1b, 0x20, 0x26, 0x2c, 0x32, 0x39, 0x40, 0x47,
0x4e, 0x55, 0x5d, 0x65, 0x6d, 0x75, 0x7d, 0x86, 0x8e, 0x96, 0x9d, 0xa5, 0xad, 0xb4, 0xbb, 0xc2,
0xc9, 0xcf, 0xd5, 0xdb, 0xe0, 0xe5, 0xea, 0xee, 0xf2, 0xf5, 0xf8, 0xfa, 0xfc, 0xfe, 0xff, 0xff,
0xff, 0xfe, 0xfd, 0xfc, 0xf9, 0xf7, 0xf4, 0xf0, 0xec, 0xe8, 0xe3, 0xde, 0xd9, 0xd3, 0xcd, 0xc6,
0xbf, 0xb8, 0xb1, 0xa9, 0xa2, 0x9a, 0x92, 0x8a, 0x82, 0x79, 0x71, 0x69, 0x62, 0x5a, 0x52, 0x4b,
0x44, 0x3d, 0x36, 0x30, 0x29, 0x24, 0x1e, 0x19, 0x14, 0x10, 0xc, 0x9, 0x6, 0x4, 0x2, 0x0,
0x0, 0xff, 0xff, 0x0, 0x1, 0x2, 0x4, 0x7, 0xa, 0xd, 0x11, 0x15, 0x1a, 0x1f, 0x25, 0x2b,
0x31, 0x37, 0x3e, 0x45, 0x4c, 0x54, 0x5b, 0x63, 0x6b, 0x73, 0x7b, 0x84, 0x8c, 0x94, 0x9c, 0xa3,
0xab, 0xb2, 0xba, 0xc1, 0xc7, 0xce, 0xd4, 0xda, 0xdf, 0xe4, 0xe9, 0xed, 0xf1, 0xf5, 0xf7, 0xfa,
0xfc, 0xfd, 0xfe, 0xff, 0xff, 0xfe, 0xfd, 0xfc, 0xfa, 0xf8, 0xf5, 0xf1, 0xed, 0xe9, 0xe4, 0xdf,
0xda, 0xd4, 0xce, 0xc7, 0xc1, 0xba, 0xb3, 0xab, 0xa4, 0x9c, 0x94, 0x8c, 0x84, 0x7b, 0x73, 0x6b,
0x63, 0x5c, 0x54, 0x4c, 0x45, 0x3e, 0x37, 0x31, 0x2b, 0x25, 0x1f, 0x1a, 0x16, 0x11, 0xd, 0xa,
0x7, 0x4, 0x2, 0x1, 0x0, 0xff, 0xff, 0xff, 0x0, 0x2, 0x4, 0x6, 0x9, 0xc, 0x10, 0x14,
0x19, 0x1e, 0x23, 0x29, 0x2f, 0x36, 0x3c, 0x43, 0x4b, 0x52, 0x5a, 0x61, 0x69, 0x71, 0x79, 0x82,
0x8a, 0x92, 0x9a, 0xa2, 0xa9, 0xb1, 0xb8, 0xbf, 0xc6, 0xcc, 0xd3, 0xd8, 0xde, 0xe3, 0xe8, 0xec,
0xf0, 0xf4, 0xf7, 0xf9, 0xfc, 0xfd, 0xfe, 0xff, 0xff, 0xff, 0xfe, 0xfc, 0xfa, 0xf8, 0xf5, 0xf2,
0xee, 0xea, 0xe6, 0xe1, 0xdb, 0xd5, 0xcf, 0xc9, 0xc2, 0xbb, 0xb4, 0xad, 0xa5, 0x9e, 0x96, 0x8e,
0x86, 0x7d, 0x75, 0x6d, 0x65, 0x5d, 0x56, 0x4e, 0x47, 0x40, 0x39, 0x32, 0x2c, 0x26, 0x21, 0x1b,
0x17, 0x12, 0xe, 0xb, 0x7, 0x5, 0x3, 0x1, 0x0, 0xff, 0xff, 0xff, 0x0, 0x1, 0x3, 0x6,
0x8, 0xc, 0xf, 0x13, 0x18, 0x1d, 0x22, 0x28, 0x2e, 0x34, 0x3b, 0x42, 0x49, 0x50, 0x58, 0x60,
0x67, 0x6f, 0x77, 0x80, 0x88, 0x90, 0x98, 0xa0, 0xa8, 0xaf, 0xb6, 0xbd, 0xc4, 0xcb, 0xd1, 0xd7,
0xdd, 0xe2, 0xe7, 0xeb, 0xef, 0xf3, 0xf6, 0xf9, 0xfb, 0xfd, 0xfe, 0xff, 0xff, 0xff, 0xfe, 0xfd,
0xfb, 0xf9, 0xf6, 0xf3, 0xef, 0xeb, 0xe7, 0xe2, 0xdc, 0xd7, 0xd1, 0xca, 0xc4, 0xbd, 0xb6, 0xaf,
0xa7, 0x9f, 0x98, 0x90, 0x88, 0x80, 0x77, 0x6f, 0x67, 0x5f, 0x57, 0x50, 0x48, 0x41, 0x3a, 0x34,
0x2e, 0x28, 0x22, 0x1d, 0x18, 0x13, 0xf, 0xb, 0x8, 0x5, 0x3, 0x1, 0x0, 0xff, 0xff, 0xff,
0x0, 0x1, 0x3, 0x5, 0x8, 0xb, 0xe, 0x12, 0x17, 0x1c, 0x21, 0x27, 0x2d, 0x33, 0x39, 0x40,
0x47, 0x4f, 0x56, 0x5e, 0x66, 0x6d, 0x75, 0x7d, 0x86, 0x8e, 0x96, 0x9e, 0xa6, 0xad, 0xb5, 0xbc,
0xc3, 0xc9, 0xd0, 0xd6, 0xdc, 0xe1, 0xe6, 0xea, 0xef, 0xf2, 0xf6, 0xf8, 0xfb, 0xfc, 0xfe, 0xff,
0xff, 0xff, 0xfe, 0xfd, 0xfb, 0xf9, 0xf7, 0xf4, 0xf0, 0xec, 0xe8, 0xe3, 0xde, 0xd8, 0xd2, 0xcc,
0xc5, 0xbf, 0xb7, 0xb0, 0xa9, 0xa1, 0x99, 0x91, 0x89, 0x81, 0x79, 0x71, 0x69, 0x61, 0x59, 0x52,
0x4a, 0x43, 0x3c, 0x35, 0x2f, 0x29, 0x23, 0x1e, 0x19, 0x14, 0x10, 0xc, 0x9, 0x6, 0x4, 0x2,
0x0, 0xff, 0xff, 0xff, 0x0, 0x1, 0x2, 0x4, 0x7, 0xa, 0xe, 0x11, 0x16, 0x1b, 0x20, 0x25,
0x2b, 0x31, 0x38, 0x3f, 0x46, 0x4d, 0x54, 0x5c, 0x64, 0x6c, 0x74, 0x7c, 0x85, 0x8d, 0x94, 0x9c,
0xa4, 0xac, 0xb3, 0xba, 0xc1, 0xc8, 0xce, 0xd4, 0xda, 0xe0, 0xe5, 0xe9, 0xee, 0xf1, 0xf5, 0xf8,
0xfa, 0xfc, 0xfe, 0xfe, 0xff, 0xff, 0xfe, 0xfd, 0xfc, 0xfa, 0xf7, 0xf4, 0xf1, 0xed, 0xe9, 0xe4,
0xdf, 0xd9, 0xd4, 0xcd, 0xc7, 0xc0, 0xb9, 0xb2, 0xaa, 0xa3, 0x9b, 0x93, 0x8b, 0x83, 0x7a, 0x72,
0x6a, 0x63, 0x5b, 0x53, 0x4c, 0x45, 0x3e, 0x37, 0x30, 0x2a, 0x24, 0x1f, 0x1a, 0x15, 0x11, 0xd,
0xa, 0x7, 0x4, 0x2, 0x1, 0x0, 0xff, 0xff, 0x0, 0x1, 0x2, 0x4, 0x6, 0x9, 0xd, 0x11,
0x15, 0x19, 0x1f, 0x24, 0x2a, 0x30, 0x36, 0x3d, 0x44, 0x4b, 0x53, 0x5a, 0x62, 0x6a, 0x72, 0x7a,
0x83, 0x8b, 0x93, 0x9b, 0xa2, 0xaa, 0xb1, 0xb9, 0xc0, 0xc6, 0xcd, 0xd3, 0xd9, 0xde, 0xe4, 0xe8,
0xed, 0xf1, 0xf4, 0xf7, 0xfa, 0xfc, 0xfd, 0xfe, 0xff, 0xff, 0xff, 0xfe, 0xfc, 0xfa, 0xf8, 0xf5,
0xf2, 0xee, 0xea, 0xe5, 0xe0, 0xdb, 0xd5, 0xcf, 0xc8, 0xc2, 0xbb, 0xb4, 0xac, 0xa5, 0x9d, 0x95,
0x8d, 0x85, 0x7c, 0x74, 0x6c, 0x64, 0x5d, 0x55, 0x4d, 0x46, 0x3f, 0x38, 0x32, 0x2c, 0x26, 0x20,
0x1b, 0x16, 0x12, 0xe, 0xa, 0x7, 0x5, 0x3, 0x1, 0x0, 0xff, 0xff, 0xff, 0x0, 0x2, 0x3,
0x6, 0x9, 0xc, 0x10, 0x14, 0x18, 0x1d, 0x23, 0x28, 0x2f, 0x35, 0x3c, 0x42, 0x4a, 0x51, 0x59,
0x60, 0x68, 0x70, 0x78, 0x81, 0x89, 0x91, 0x99, 0xa1, 0xa8, 0xb0, 0xb7, 0xbe, 0xc5, 0xcb, 0xd2,
0xd8, 0xdd, 0xe3, 0xe7, 0xec, 0xf0, 0xf3, 0xf6, 0xf9, 0xfb, 0xfd, 0xfe, 0xff, 0xff, 0xff, 0xfe,
0xfd, 0xfb, 0xf8, 0xf6, 0xf2, 0xef, 0xeb, 0xe6, 0xe1, 0xdc, 0xd6, 0xd0, 0xca, 0xc3, 0xbc, 0xb5,
0xae, 0xa6, 0x9f, 0x97, 0x8f, 0x87, 0x7e, 0x76, 0x6e, 0x66, 0x5e, 0x57, 0x4f, 0x48, 0x41, 0x3a,
0x33, 0x2d, 0x27, 0x21, 0x1c, 0x17, 0x13, 0xf, 0xb, 0x8, 0x5, 0x3, 0x1, 0x0, 0xff, 0xff,
0xff, 0x0, 0x1, 0x3, 0x5, 0x8, 0xb, 0xf, 0x13, 0x17, 0x1c, 0x21, 0x27, 0x2d, 0x33, 0x3a,
0x41, 0x48, 0x4f, 0x57, 0x5f, 0x66, 0x6e, 0x76, 0x7e, 0x87, 0x8f, 0x97, 0x9f, 0xa6, 0xae, 0xb5,
0xbc, 0xc3, 0xca, 0xd0, 0xd6, 0xdc, 0xe1, 0xe6, 0xeb, 0xef, 0xf3, 0xf6, 0xf9, 0xfb, 0xfd, 0xfe,
0xff, 0xff, 0xff, 0xfe, 0xfd, 0xfb, 0xf9, 0xf6, 0xf3, 0xf0, 0xec, 0xe7, 0xe2, 0xdd, 0xd8, 0xd2,
0xcb, 0xc5, 0xbe, 0xb7, 0xb0, 0xa8, 0xa0, 0x99, 0x91, 0x89, 0x81, 0x78, 0x70, 0x68, 0x60, 0x58,
0x51, 0x49, 0x42, 0x3b, 0x35, 0x2e, 0x28, 0x23, 0x1d, 0x18, 0x14, 0x10, 0xc, 0x9, 0x6, 0x3,
0x2, 0x0, 0xff, 0xff, 0xff, 0x0, 0x1, 0x3, 0x5, 0x7, 0xa, 0xe, 0x12, 0x16, 0x1b, 0x20,
0x26, 0x2c, 0x32, 0x38, 0x3f, 0x46, 0x4e, 0x55, 0x5d, 0x65, 0x6c, 0x74, 0x7c, 0x85, 0x8d, 0x95,
0x9d, 0xa5, 0xac, 0xb4, 0xbb, 0xc2, 0xc9, 0xcf, 0xd5, 0xdb, 0xe0, 0xe5, 0xea, 0xee, 0xf2, 0xf5,
0xf8, 0xfa, 0xfc, 0xfe, 0xff, 0xff, 0xff, 0xfe, 0xfd, 0xfc, 0xfa, 0xf7, 0xf4, 0xf1, 0xed, 0xe8,
0xe4, 0xde, 0xd9, 0xd3, 0xcd, 0xc6, 0xbf, 0xb8, 0xb1, 0xaa, 0xa2, 0x9a, 0x92, 0x8b, 0x83, 0x7a,
0x72, 0x6a, 0x62, 0x5a, 0x53, 0x4b, 0x44, 0x3d, 0x36, 0x30, 0x2a, 0x24, 0x1e, 0x19, 0x15, 0x10,
0xd, 0x9, 0x6, 0x4, 0x2, 0x0, 0x0, 0xff, 0xff, 0x0, 0x1, 0x2, 0x4, 0x7, 0xa, 0xd,
0x11, 0x15, 0x1a, 0x1f, 0x25, 0x2a, 0x31, 0x37, 0x3e, 0x45, 0x4c, 0x53, 0x5b, 0x63, 0x6b, 0x73,
0x7b, 0x84, 0x8b, 0x93, 0x9b, 0xa3, 0xab, 0xb2, 0xb9, 0xc0, 0xc7, 0xcd, 0xd4, 0xd9, 0xdf, 0xe4,
0xe9, 0xed, 0xf1, 0xf4, 0xf7, 0xfa, 0xfc, 0xfd, 0xfe, 0xff, 0xff, 0xfe, 0xfe, 0xfc, 0xfa, 0xf8,
0xf5, 0xf1, 0xee, 0xe9, 0xe5, 0xe0, 0xda, 0xd4, 0xce, 0xc8, 0xc1, 0xba, 0xb3, 0xab, 0xa4, 0x9c,
0x94, 0x8c, 0x84, 0x7b, 0x73, 0x6c, 0x64, 0x5c, 0x54, 0x4d, 0x46, 0x3f, 0x38, 0x31, 0x2b, 0x25,
0x20, 0x1a, 0x16, 0x11, 0xd, 0xa, 0x7, 0x4, 0x2, 0x1, 0x0, 0xff, 0xff, 0xff, 0x0, 0x2,
0x4, 0x6, 0x9, 0xc, 0x10, 0x14, 0x19, 0x1e, 0x23, 0x29, 0x2f, 0x35, 0x3c, 0x43, 0x4a, 0x52,
0x59, 0x61, 0x69, 0x71, 0x79, 0x82, 0x8a, 0x92, 0x99, 0xa1, 0xa9, 0xb0, 0xb8, 0xbf, 0xc6, 0xcc,
0xd2, 0xd8, 0xde, 0xe3, 0xe8, 0xec, 0xf0, 0xf4, 0xf7, 0xf9, 0xfb, 0xfd, 0xfe, 0xff, 0xff, 0xff,
0xfe, 0xfc, 0xfb, 0xf8, 0xf5, 0xf2, 0xee, 0xea, 0xe6, 0xe1, 0xdb, 0xd6, 0xd0, 0xc9, 0xc3, 0xbc,
0xb5, 0xad, 0xa6, 0x9e, 0x96, 0x8e, 0x86, 0x7d, 0x75, 0x6d, 0x65, 0x5e, 0x56, 0x4e, 0x47, 0x40,
0x39, 0x33, 0x2c, 0x26, 0x21, 0x1c, 0x17, 0x12, 0xe, 0xb, 0x8, 0x5, 0x3, 0x1, 0x0, 0xff,
0xff, 0xff, 0x0, 0x1, 0x3, 0x5, 0x8, 0xb, 0xf, 0x13, 0x18, 0x1d, 0x22, 0x28, 0x2e, 0x34,
0x3b, 0x42, 0x49, 0x50, 0x58, 0x5f, 0x67, 0x6f, 0x77, 0x80, 0x88, 0x90, 0x98, 0x9f, 0xa7, 0xaf,
0xb6, 0xbd, 0xc4, 0xcb, 0xd1, 0xd7, 0xdd, 0xe2, 0xe7, 0xeb, 0xef, 0xf3, 0xf6, 0xf9, 0xfb, 0xfd,
0xfe, 0xff, 0xff, 0xff, 0xfe, 0xfd, 0xfb, 0xf9, 0xf6, 0xf3, 0xef, 0xeb, 0xe7, 0xe2, 0xdd, 0xd7,
0xd1, 0xcb, 0xc4, 0xbd, 0xb6, 0xaf, 0xa7, 0xa0, 0x98, 0x90, 0x88, 0x80, 0x77, 0x6f, 0x67, 0x5f,
0x58, 0x50, 0x49, 0x42, 0x3b, 0x34, 0x2e, 0x28, 0x22, 0x1d, 0x18, 0x13, 0xf, 0xc, 0x8, 0x6,
0x3, 0x1, 0x0, 0xff, 0xff, 0xff, 0x0, 0x1, 0x3, 0x5, 0x8, 0xb, 0xe, 0x12, 0x17, 0x1b,
0x21, 0x26, 0x2c, 0x33, 0x39, 0x40, 0x47, 0x4e, 0x56, 0x5d, 0x65, 0x6d, 0x75, 0x7d, 0x86, 0x8e,
0x96, 0x9e, 0xa5, 0xad, 0xb4, 0xbc, 0xc2, 0xc9, 0xd0, 0xd6, 0xdb, 0xe1, 0xe6, 0xea, 0xee, 0xf2,
0xf5, 0xf8, 0xfb, 0xfc, 0xfe, 0xff, 0xff, 0xff, 0xfe, 0xfd, 0xfb, 0xf9, 0xf7, 0xf4, 0xf0, 0xec,
0xe8, 0xe3, 0xde, 0xd8, 0xd2, 0xcc, 0xc6, 0xbf, 0xb8, 0xb1, 0xa9, 0xa1, 0x9a, 0x92, 0x8a, 0x82,
0x79, 0x71, 0x69, 0x61, 0x59, 0x52, 0x4a, 0x43, 0x3c, 0x36, 0x2f, 0x29, 0x23, 0x1e, 0x19, 0x14,
0x10, 0xc, 0x9, 0x6, 0x4, 0x2, 0x0, 0xff, 0xff, 0xff, 0x0, 0x1, 0x2, 0x4, 0x7, 0xa,
0xd, 0x11, 0x16, 0x1a, 0x1f, 0x25, 0x2b, 0x31, 0x38, 0x3e, 0x45, 0x4d, 0x54, 0x5c, 0x63, 0x6b,
0x73, 0x7b, 0x84, 0x8c, 0x94, 0x9c, 0xa4, 0xab, 0xb3, 0xba, 0xc1, 0xc8, 0xce, 0xd4, 0xda, 0xdf,
0xe5, 0xe9, 0xed, 0xf1, 0xf5, 0xf8, 0xfa, 0xfc, 0xfd, 0xfe, 0xff, 0xff, 0xfe, 0xfd, 0xfc, 0xfa,
0xf7, 0xf4, 0xf1, 0xed, 0xe9, 0xe4, 0xdf, 0xda, 0xd4, 0xce, 0xc7, 0xc0, 0xb9, 0xb2, 0xab, 0xa3,
0x9b, 0x94, 0x8c, 0x84, 0x7b, 0x73, 0x6b, 0x63, 0x5b, 0x54, 0x4c, 0x45, 0x3e, 0x37, 0x31, 0x2a,
0x25, 0x1f, 0x1a, 0x15, 0x11, 0xd, 0xa, 0x7, 0x4, 0x2, 0x1, 0x0, 0xff, 0xff, 0x0, 0x0,
0x2, 0x4, 0x6, 0x9, 0xd, 0x10, 0x15, 0x19, 0x1e, 0x24, 0x2a, 0x30, 0x36, 0x3d, 0x44, 0x4b,
0x52, 0x5a, 0x62, 0x6a, 0x71, 0x79, 0x82, 0x8a, 0x92, 0x9a, 0xa2, 0xaa, 0xb1, 0xb8, 0xbf, 0xc6,
0xcd, 0xd3, 0xd9, 0xde, 0xe3, 0xe8, 0xed, 0xf0, 0xf4, 0xf7, 0xfa, 0xfc, 0xfd, 0xfe, 0xff, 0xff,
0xff, 0xfe, 0xfc, 0xfa, 0xf8, 0xf5, 0xf2, 0xee, 0xea, 0xe5, 0xe0, 0xdb, 0xd5, 0xcf, 0xc9, 0xc2,
0xbb, 0xb4, 0xac, 0xa5, 0x9d, 0x95, 0x8d, 0x85, 0x7d, 0x75, 0x6d, 0x65, 0x5d, 0x55, 0x4e, 0x47,
0x3f, 0x39, 0x32, 0x2c, 0x26, 0x20, 0x1b, 0x16, 0x12, 0xe, 0xa, 0x7, 0x5, 0x3, 0x1, 0x0,
0xff, 0xff, 0xff, 0x0, 0x2, 0x3, 0x6, 0x9, 0xc, 0xf, 0x14, 0x18, 0x1d, 0x22, 0x28, 0x2e,
0x35, 0x3b, 0x42, 0x49, 0x51, 0x58, 0x60, 0x68, 0x70, 0x78, 0x81, 0x89, 0x91, 0x98, 0xa0, 0xa8,
0xaf, 0xb7, 0xbe, 0xc5, 0xcb, 0xd1, 0xd7, 0xdd, 0xe2, 0xe7, 0xec, 0xf0, 0xf3, 0xf6, 0xf9, 0xfb,
0xfd, 0xfe, 0xff, 0xff, 0xff, 0xfe, 0xfd, 0xfb, 0xf9, 0xf6, 0xf3, 0xef, 0xeb, 0xe6, 0xe1, 0xdc,
0xd6, 0xd0, 0xca, 0xc4, 0xbd, 0xb6, 0xae, 0xa7, 0x9f, 0x97, 0x8f, 0x87, 0x7e, 0x76, 0x6e, 0x66,
0x5f, 0x57, 0x50, 0x48, 0x41, 0x3a, 0x34, 0x2d, 0x27, 0x22, 0x1c, 0x17, 0x13, 0xf, 0xb, 0x8,
0x5, 0x3, 0x1, 0x0, 0xff, 0xff, 0xff, 0x0, 0x1, 0x3, 0x5, 0x8, 0xb, 0xf, 0x13, 0x17,
0x1c, 0x21, 0x27, 0x2d, 0x33, 0x3a, 0x41, 0x48, 0x4f, 0x56, 0x5e, 0x66, 0x6e, 0x76, 0x7e, 0x87,
0x8f, 0x97, 0x9e, 0xa6, 0xae, 0xb5, 0xbc, 0xc3, 0xca, 0xd0, 0xd6, 0xdc, 0xe1, 0xe6, 0xeb, 0xef,
0xf2, 0xf6, 0xf8, 0xfb, 0xfd, 0xfe, 0xff, 0xff, 0xff, 0xfe, 0xfd, 0xfb, 0xf9, 0xf7, 0xf3, 0xf0,
0xec, 0xe7, 0xe3, 0xdd, 0xd8, 0xd2, 0xcc, 0xc5, 0xbe, 0xb7, 0xb0, 0xa8, 0xa1, 0x99, 0x91, 0x89,
0x81, 0x78, 0x70, 0x68, 0x60, 0x59, 0x51, 0x4a, 0x43, 0x3c, 0x35, 0x2f, 0x29, 0x23, 0x1d, 0x18,
0x14, 0x10, 0xc, 0x9, 0x6, 0x4, 0x2, 0x0, 0xff, 0xff, 0xff, 0x0, 0x1, 0x2, 0x5, 0x7,
0xa, 0xe, 0x12, 0x16, 0x1b, 0x20, 0x26, 0x2b, 0x32, 0x38, 0x3f, 0x46, 0x4d, 0x55, 0x5c, 0x64,
0x6c, 0x74, 0x7c, 0x85, 0x8d, 0x95, 0x9d, 0xa4, 0xac, 0xb3, 0xbb, 0xc2, 0xc8, 0xcf, 0xd5, 0xdb,
0xe0, 0xe5, 0xea, 0xee, 0xf2, 0xf5, 0xf8, 0xfa, 0xfc, 0xfe, 0xff, 0xff, 0xff, 0xfe, 0xfd, 0xfc,
0xfa, 0xf7, 0xf4, 0xf1, 0xed, 0xe8, 0xe4, 0xdf, 0xd9, 0xd3, 0xcd, 0xc7, 0xc0, 0xb9, 0xb2, 0xaa,
0xa2, 0x9b, 0x93, 0x8b, 0x83, 0x7a, 0x72, 0x6a, 0x62, 0x5b, 0x53, 0x4b, 0x44, 0x3d, 0x37, 0x30,
0x2a, 0x24, 0x1f, 0x1a, 0x15, 0x11, 0xd, 0x9, 0x6, 0x4, 0x2, 0x1, 0x0, 0xff, 0xff, 0x0,
0x1, 0x2, 0x4, 0x7, 0x9, 0xd, 0x11, 0x15, 0x1a, 0x1f, 0x24, 0x2a, 0x30, 0x37, 0x3d, 0x44,
0x4c, 0x53, 0x5b, 0x62, 0x6a, 0x72, 0x7a, 0x83, 0x8b, 0x93, 0x9b, 0xa3, 0xaa, 0xb2, 0xb9, 0xc0,
0xc7, 0xcd, 0xd3, 0xd9, 0xdf, 0xe4, 0xe9, 0xed, 0xf1, 0xf4, 0xf7, 0xfa, 0xfc, 0xfd, 0xfe, 0xff,
0xff, 0xff, 0xfe, 0xfc, 0xfa, 0xf8, 0xf5, 0xf2, 0xee, 0xea, 0xe5, 0xe0, 0xda, 0xd5, 0xce, 0xc8,
0xc1, 0xba, 0xb3, 0xac, 0xa4, 0x9c, 0x95, 0x8d, 0x85, 0x7c, 0x74, 0x6c, 0x64, 0x5c, 0x55, 0x4d,
0x46, 0x3f, 0x38, 0x32, 0x2b, 0x25, 0x20, 0x1b, 0x16, 0x12, 0xe, 0xa, 0x7, 0x5, 0x2, 0x1,
0x0, 0xff, 0xff, 0xff, 0x0, 0x2, 0x4, 0x6, 0x9, 0xc, 0x10, 0x14, 0x19, 0x1e, 0x23, 0x29,
0x2f, 0x35, 0x3c, 0x43, 0x4a, 0x51, 0x59, 0x61, 0x68, 0x70, 0x78, 0x81, 0x89, 0x91, 0x99, 0xa1,
0xa9, 0xb0, 0xb7, 0xbe, 0xc5, 0xcc, 0xd2, 0xd8, 0xde, 0xe3, 0xe8, 0xec, 0xf0, 0xf3, 0xf7, 0xf9,
0xfb, 0xfd, 0xfe, 0xff, 0xff, 0xff, 0xfe, 0xfc, 0xfb, 0xf8, 0xf6, 0xf2, 0xef, 0xeb, 0xe6, 0xe1,
0xdc, 0xd6, 0xd0, 0xca, 0xc3, 0xbc, 0xb5, 0xae, 0xa6, 0x9e, 0x96, 0x8f, 0x87, 0x7e, 0x76, 0x6e,
0x66, 0x5e, 0x56, 0x4f, 0x48, 0x40, 0x3a, 0x33, 0x2d, 0x27, 0x21, 0x1c, 0x17, 0x13, 0xe, 0xb,
0x8, 0x5, 0x3, 0x1, 0x0, 0xff, 0xff, 0xff, 0x0, 0x1, 0x3, 0x5, 0x8, 0xb, 0xf, 0x13,
0x17, 0x1c, 0x22, 0x27, 0x2d, 0x34, 0x3a, 0x41, 0x48, 0x50, 0x57, 0x5f, 0x67, 0x6f, 0x77, 0x7e,
0x87, 0x8f, 0x97, 0x9f, 0xa7, 0xae, 0xb6, 0xbd, 0xc4, 0xca, 0xd1, 0xd7, 0xdc, 0xe2, 0xe6, 0xeb,
0xef, 0xf3, 0xf6, 0xf9, 0xfb, 0xfd, 0xfe, 0xff, 0xff, 0xff, 0xfe, 0xfd, 0xfb, 0xf9, 0xf6, 0xf3,
0xf0, 0xeb, 0xe7, 0xe2, 0xdd, 0xd7, 0xd1, 0xcb, 0xc4, 0xbe, 0xb6, 0xaf, 0xa8, 0xa0, 0x98, 0x90,
0x88, 0x80, 0x77, 0x6f, 0x68, 0x60, 0x58, 0x51, 0x49, 0x42, 0x3b, 0x34, 0x2e, 0x28, 0x22, 0x1d,
0x18, 0x14, 0xf, 0xc, 0x8, 0x6, 0x3, 0x2, 0x0, 0xff, 0xff, 0xff, 0x0, 0x1, 0x3, 0x5,
0x7, 0xb, 0xe, 0x12, 0x16, 0x1b, 0x20, 0x26, 0x2c, 0x32, 0x39, 0x40, 0x47, 0x4e, 0x55, 0x5d,
0x65, 0x6d, 0x75, 0x7d, 0x86, 0x8e, 0x96, 0x9d, 0xa5, 0xad, 0xb4, 0xbb, 0xc2, 0xc9, 0xcf, 0xd5,
0xdb, 0xe0, 0xe5, 0xea, 0xee, 0xf2, 0xf5, 0xf8, 0xfa, 0xfc, 0xfe, 0xff, 0xff, 0xff, 0xfe, 0xfd,
0xfc, 0xf9, 0xf7, 0xf4, 0xf0, 0xec, 0xe8, 0xe3, 0xde, 0xd9, 0xd3, 0xcc, 0xc6, 0xbf, 0xb8, 0xb1,
0xa9, 0xa2, 0x9a, 0x92, 0x8a, 0x82, 0x79, 0x71, 0x69, 0x62, 0x5a, 0x52, 0x4b, 0x44, 0x3d, 0x36,
0x30, 0x29, 0x24, 0x1e, 0x19, 0x15, 0x10, 0xc, 0x9, 0x6, 0x4, 0x2, 0x0, 0xff, 0xff, 0xff,
0x0, 0x1, 0x2, 0x4, 0x7, 0xa, 0xd, 0x11, 0x15, 0x1a, 0x1f, 0x25, 0x2b, 0x31, 0x37, 0x3e,
0x45, 0x4c, 0x54, 0x5b, 0x63, 0x6b, 0x73, 0x7b, 0x84, 0x8c, 0x94, 0x9c, 0xa3, 0xab, 0xb2, 0xba,
0xc1, 0xc7, 0xce, 0xd4, 0xda, 0xdf, 0xe4, 0xe9, 0xed, 0xf1, 0xf5, 0xf7, 0xfa, 0xfc, 0xfd, 0xfe,
0xff, 0xff, 0xfe, 0xfd, 0xfc, 0xfa, 0xf8, 0xf5, 0xf1, 0xed, 0xe9, 0xe4, 0xdf, 0xda, 0xd4, 0xce,
0xc7, 0xc1, 0xba, 0xb3, 0xab, 0xa4, 0x9c, 0x94, 0x8c, 0x84, 0x7b, 0x73, 0x6b, 0x63, 0x5c, 0x54,
0x4c, 0x45, 0x3e, 0x37, 0x31, 0x2b, 0x25, 0x1f, 0x1a, 0x16, 0x11, 0xd, 0xa, 0x7, 0x4, 0x2,
0x1, 0x0, 0xff, 0xff, 0xff, 0x0, 0x2, 0x4, 0x6, 0x9, 0xc, 0x10, 0x14, 0x19, 0x1e, 0x24,
0x29, 0x2f, 0x36, 0x3c, 0x43, 0x4b, 0x52, 0x5a, 0x61, 0x69, 0x71, 0x79, 0x82, 0x8a, 0x92, 0x9a,
0xa2, 0xa9, 0xb1, 0xb8, 0xbf, 0xc6, 0xcc, 0xd3, 0xd8, 0xde, 0xe3, 0xe8, 0xec, 0xf0, 0xf4, 0xf7,
0xf9, 0xfc, 0xfd, 0xfe, 0xff, 0xff, 0xff, 0xfe, 0xfc, 0xfa, 0xf8, 0xf5, 0xf2, 0xee, 0xea, 0xe6,
0xe1, 0xdb, 0xd5, 0xcf, 0xc9, 0xc2, 0xbb, 0xb4, 0xad, 0xa5, 0x9e, 0x96, 0x8e, 0x86, 0x7d, 0x75,
0x6d, 0x65, 0x5d, 0x56, 0x4e, 0x47, 0x40, 0x39, 0x32, 0x2c, 0x26, 0x21, 0x1b, 0x17, 0x12, 0xe,
0xb, 0x7, 0x5, 0x3, 0x1, 0x0, 0xff, 0xff, 0xff, 0x0, 0x1, 0x3, 0x6, 0x8, 0xc, 0xf,
0x13, 0x18, 0x1d, 0x22, 0x28, 0x2e, 0x34, 0x3b, 0x42, 0x49, 0x50, 0x58, 0x60, 0x67, 0x6f, 0x77,
0x80, 0x88, 0x90, 0x98, 0xa0, 0xa8, 0xaf, 0xb6, 0xbd, 0xc4, 0xcb, 0xd1, 0xd7, 0xdd, 0xe2, 0xe7,
0xeb, 0xef, 0xf3, 0xf6, 0xf9, 0xfb, 0xfd, 0xfe, 0xff, 0xff, 0xff, 0xfe, 0xfd, 0xfb, 0xf9, 0xf6,
0xf3, 0xef, 0xeb, 0xe7, 0xe2, 0xdc, 0xd7, 0xd1, 0xca, 0xc4, 0xbd, 0xb6, 0xaf, 0xa7, 0x9f, 0x98,
0x90, 0x88, 0x80, 0x77, 0x6f, 0x67, 0x5f, 0x57, 0x50, 0x49, 0x41, 0x3a, 0x34, 0x2e, 0x28, 0x22,
0x1d, 0x18, 0x13, 0xf, 0xb, 0x8, 0x5, 0x3, 0x1, 0x0, 0xff, 0xff, 0xff, 0x0, 0x1, 0x3,
0x5, 0x8, 0xb, 0xe, 0x12, 0x17, 0x1c, 0x21, 0x27, 0x2d, 0x33, 0x39, 0x40, 0x47, 0x4f, 0x56,
0x5e, 0x66, 0x6d, 0x75, 0x7d, 0x86, 0x8e, 0x96, 0x9e, 0xa6, 0xad, 0xb5, 0xbc, 0xc3, 0xc9, 0xd0,
0xd6, 0xdc, 0xe1, 0xe6, 0xea, 0xef, 0xf2, 0xf6, 0xf8, 0xfb, 0xfc, 0xfe, 0xff, 0xff, 0xff, 0xfe,
0xfd, 0xfb, 0xf9, 0xf7, 0xf4, 0xf0, 0xec, 0xe8, 0xe3, 0xde, 0xd8, 0xd2, 0xcc, 0xc5, 0xbf, 0xb7,
0xb0, 0xa9, 0xa1, 0x99, 0x91, 0x89, 0x82, 0x79, 0x71, 0x69, 0x61, 0x59, 0x52, 0x4a, 0x43, 0x3c,
0x35, 0x2f, 0x29, 0x23, 0x1e, 0x19, 0x14, 0x10, 0xc, 0x9, 0x6, 0x4, 0x2, 0x0, 0xff, 0xff,
0xff, 0x0, 0x1, 0x2, 0x4, 0x7, 0xa, 0xe, 0x11, 0x16, 0x1b, 0x20, 0x25, 0x2b, 0x31, 0x38,
0x3f, 0x46, 0x4d, 0x54, 0x5c, 0x64, 0x6c, 0x74, 0x7c, 0x85, 0x8d, 0x94, 0x9c, 0xa4, 0xac, 0xb3,
0xba, 0xc1, 0xc8, 0xce, 0xd4, 0xda, 0xe0, 0xe5, 0xe9, 0xee, 0xf1, 0xf5, 0xf8, 0xfa, 0xfc, 0xfe,
0xff, 0xff, 0xff, 0xfe, 0xfd, 0xfc, 0xfa, 0xf7, 0xf4, 0xf1, 0xed, 0xe9, 0xe4, 0xdf, 0xd9, 0xd4,
0xcd, 0xc7, 0xc0, 0xb9, 0xb2, 0xaa, 0xa3, 0x9b, 0x93, 0x8b, 0x83, 0x7a, 0x72, 0x6a, 0x63, 0x5b,
0x53, 0x4c, 0x45, 0x3e, 0x37, 0x30, 0x2a, 0x24, 0x1f, 0x1a, 0x15, 0x11, 0xd, 0xa, 0x7, 0x4,
0x2, 0x1, 0x0, 0xff, 0xff, 0x0, 0x1, 0x2, 0x4, 0x6, 0x9, 0xd, 0x11, 0x15, 0x19, 0x1f,
0x24, 0x2a, 0x30, 0x36, 0x3d, 0x44, 0x4b, 0x53, 0x5a, 0x62, 0x6a, 0x72, 0x7a, 0x83, 0x8b, 0x93,
0x9b, 0xa2, 0xaa, 0xb1, 0xb9, 0xc0, 0xc6, 0xcd, 0xd3, 0xd9, 0xde, 0xe4, 0xe8, 0xed, 0xf1, 0xf4,
0xf7, 0xfa, 0xfc, 0xfd, 0xfe, 0xff, 0xff, 0xff, 0xfe, 0xfc, 0xfa, 0xf8, 0xf5, 0xf2, 0xee, 0xea,
0xe5, 0xe0, 0xdb, 0xd5, 0xcf, 0xc8, 0xc2, 0xbb, 0xb4, 0xac, 0xa5, 0x9d, 0x95, 0x8d, 0x85, 0x7c,
0x74, 0x6c, 0x64, 0x5d, 0x55, 0x4d, 0x46, 0x3f, 0x38, 0x32, 0x2c, 0x26, 0x20, 0x1b, 0x16, 0x12,
0xe, 0xa, 0x7, 0x5, 0x3, 0x1, 0x0, 0xff, 0xff, 0xff, 0x0, 0x2, 0x3, 0x6, 0x9, 0xc,
0x10, 0x14, 0x18, 0x1d, 0x23, 0x28, 0x2f, 0x35, 0x3c, 0x42, 0x4a, 0x51, 0x59, 0x60, 0x68, 0x70,
0x78, 0x81, 0x89, 0x91, 0x99, 0xa1, 0xa8, 0xb0, 0xb7, 0xbe, 0xc5, 0xcb, 0xd2, 0xd8, 0xdd, 0xe3,
0xe7, 0xec, 0xf0, 0xf3, 0xf6, 0xf9, 0xfb, 0xfd, 0xfe, 0xff, 0xff, 0xff, 0xfe, 0xfd, 0xfb, 0xf8,
0xf6, 0xf2, 0xef, 0xeb, 0xe6, 0xe1, 0xdc, 0xd6, 0xd0, 0xca, 0xc3, 0xbc, 0xb5, 0xae, 0xa6, 0x9f,
0x97, 0x8f, 0x87, 0x7e, 0x76, 0x6e, 0x66, 0x5e, 0x57, 0x4f, 0x48, 0x41, 0x3a, 0x33, 0x2d, 0x27,
0x21, 0x1c, 0x17, 0x13, 0xf, 0xb, 0x8, 0x5, 0x3, 0x1, 0x0, 0xff, 0xff, 0xff, 0x0, 0x1,
0x3, 0x5, 0x8, 0xb, 0xf, 0x13, 0x17, 0x1c, 0x21, 0x27, 0x2d, 0x33, 0x3a, 0x41, 0x48, 0x4f,
0x57, 0x5f, 0x66, 0x6e, 0x76, 0x7e, 0x87, 0x8f, 0x97, 0x9f, 0xa6, 0xae, 0xb5, 0xbc, 0xc3, 0xca,
0xd0, 0xd6, 0xdc, 0xe1, 0xe6, 0xeb, 0xef, 0xf3, 0xf6, 0xf9, 0xfb, 0xfd, 0xfe, 0xff, 0xff, 0xff,
0xfe, 0xfd, 0xfb, 0xf9, 0xf6, 0xf3, 0xf0, 0xec, 0xe7, 0xe2, 0xdd, 0xd8, 0xd2, 0xcb, 0xc5, 0xbe,
0xb7, 0xb0, 0xa8, 0xa0, 0x99, 0x91, 0x89, 0x81, 0x78, 0x70, 0x68, 0x60, 0x58, 0x51, 0x49, 0x42,
0x3b, 0x35, 0x2e, 0x28, 0x23, 0x1d, 0x18, 0x14, 0x10, 0xc, 0x9, 0x6, 0x3, 0x2, 0x0, 0xff,
0xff, 0xff, 0x0, 0x1, 0x3, 0x5, 0x7, 0xa, 0xe, 0x12, 0x16, 0x1b, 0x20, 0x26, 0x2c, 0x32,
0x39, 0x3f, 0x46, 0x4e, 0x55, 0x5d, 0x65, 0x6c, 0x74, 0x7c, 0x85, 0x8d, 0x95, 0x9d, 0xa5, 0xac,
0xb4, 0xbb, 0xc2, 0xc9, 0xcf, 0xd5, 0xdb, 0xe0, 0xe5, 0xea, 0xee, 0xf2, 0xf5, 0xf8, 0xfa, 0xfc,
0xfe, 0xff, 0xff, 0xff, 0xfe, 0xfd, 0xfc, 0xfa, 0xf7, 0xf4, 0xf1, 0xed, 0xe8, 0xe4, 0xde, 0xd9,
0xd3, 0xcd, 0xc6, 0xbf, 0xb8, 0xb1, 0xaa, 0xa2, 0x9a, 0x93, 0x8b, 0x83, 0x7a, 0x72, 0x6a, 0x62,
0x5a, 0x53, 0x4b, 0x44, 0x3d, 0x36, 0x30, 0x2a, 0x24, 0x1e, 0x19, 0x15, 0x10, 0xd, 0x9, 0x6,
0x4, 0x2, 0x0, 0x0, 0xff, 0xff, 0x0, 0x1, 0x2, 0x4, 0x7, 0xa, 0xd, 0x11, 0x15, 0x1a,
0x1f, 0x24, 0x2a, 0x31, 0x37, 0x3e, 0x45, 0x4c, 0x53, 0x5b, 0x63, 0x6b, 0x73, 0x7b, 0x83, 0x8b,
0x93, 0x9b, 0xa3, 0xab, 0xb2, 0xb9, 0xc0, 0xc7, 0xcd, 0xd4, 0xd9, 0xdf, 0xe4, 0xe9, 0xed, 0xf1,
0xf4, 0xf7, 0xfa, 0xfc, 0xfd, 0xfe, 0xff, 0xff, 0xfe, 0xfe, 0xfc, 0xfa, 0xf8, 0xf5, 0xf1, 0xee,
0xe9, 0xe5, 0xe0, 0xda, 0xd4, 0xce, 0xc8, 0xc1, 0xba, 0xb3, 0xab, 0xa4, 0x9c, 0x94, 0x8c, 0x84,
0x7b, 0x73, 0x6c, 0x64, 0x5c, 0x54, 0x4d, 0x46, 0x3f, 0x38, 0x31, 0x2b, 0x25, 0x20, 0x1a, 0x16,
0x11, 0xd, 0xa, 0x7, 0x4, 0x2, 0x1, 0x0, 0xff, 0xff, 0xff, 0x0, 0x2, 0x4, 0x6, 0x9,
0xc, 0x10, 0x14, 0x19, 0x1e, 0x23, 0x29, 0x2f, 0x35, 0x3c, 0x43, 0x4a, 0x52, 0x59, 0x61, 0x69,
0x71, 0x79, 0x82, 0x8a, 0x92, 0x99, 0xa1, 0xa9, 0xb0, 0xb8, 0xbf, 0xc6, 0xcc, 0xd2, 0xd8, 0xde,
0xe3, 0xe8, 0xec, 0xf0, 0xf4, 0xf7, 0xf9, 0xfb, 0xfd, 0xfe, 0xff, 0xff, 0xff, 0xfe, 0xfc, 0xfb,
0xf8, 0xf5, 0xf2, 0xee, 0xea, 0xe6, 0xe1, 0xdb, 0xd6, 0xd0, 0xc9, 0xc3, 0xbc, 0xb5, 0xad, 0xa6,
0x9e, 0x96, 0x8e, 0x86, 0x7d, 0x75, 0x6d, 0x65, 0x5e, 0x56, 0x4e, 0x47, 0x40, 0x39, 0x33, 0x2c,
0x26, 0x21, 0x1c, 0x17, 0x12, 0xe, 0xb, 0x8, 0x5, 0x3, 0x1, 0x0, 0xff, 0xff, 0xff, 0x0,
0x1, 0x3, 0x5, 0x8, 0xb, 0xf, 0x13, 0x18, 0x1d, 0x22, 0x28, 0x2e, 0x34, 0x3b, 0x42, 0x49,
0x50, 0x58, 0x5f, 0x67, 0x6f, 0x77, 0x80, 0x88, 0x90, 0x98, 0xa0, 0xa7, 0xaf, 0xb6, 0xbd, 0xc4,
0xcb, 0xd1, 0xd7, 0xdd, 0xe2, 0xe7, 0xeb, 0xef, 0xf3, 0xf6, 0xf9, 0xfb, 0xfd, 0xfe, 0xff, 0xff,
0xff, 0xfe, 0xfd, 0xfb, 0xf9, 0xf6, 0xf3, 0xef, 0xeb, 0xe7, 0xe2, 0xdd, 0xd7, 0xd1, 0xcb, 0xc4,
0xbd, 0xb6, 0xaf, 0xa7, 0xa0, 0x98, 0x90, 0x88, 0x80, 0x77, 0x6f, 0x67, 0x5f, 0x58, 0x50, 0x49,
0x42, 0x3b, 0x34, 0x2e, 0x28, 0x22, 0x1d, 0x18, 0x13, 0xf, 0xc, 0x8, 0x6, 0x3, 0x1, 0x0,
0xff, 0xff, 0xff, 0x0, 0x1, 0x3, 0x5, 0x8, 0xb, 0xe, 0x12, 0x17, 0x1b, 0x21, 0x26, 0x2c,
0x33, 0x39, 0x40, 0x47, 0x4e, 0x56, 0x5d, 0x65, 0x6d, 0x75, 0x7d, 0x86, 0x8e, 0x96, 0x9e, 0xa5,
0xad, 0xb4, 0xbc, 0xc2, 0xc9, 0xcf, 0xd6, 0xdb, 0xe1, 0xe6, 0xea, 0xee, 0xf2, 0xf5, 0xf8, 0xfb,
0xfc, 0xfe, 0xff, 0xff, 0xff, 0xfe, 0xfd, 0xfb, 0xf9, 0xf7, 0xf4, 0xf0, 0xec, 0xe8, 0xe3, 0xde,
0xd8, 0xd2, 0xcc, 0xc6, 0xbf, 0xb8, 0xb1, 0xa9, 0xa1, 0x9a, 0x92, 0x8a, 0x82, 0x79, 0x71, 0x69,
0x61, 0x59, 0x52, 0x4a, 0x43, 0x3c, 0x36, 0x2f, 0x29, 0x23, 0x1e, 0x19, 0x14, 0x10, 0xc, 0x9,
0x6, 0x4, 0x2, 0x0, 0xff, 0xff, 0xff, 0x0, 0x1, 0x2, 0x4, 0x7, 0xa, 0xd, 0x11, 0x16,
0x1a, 0x20, 0x25, 0x2b, 0x31, 0x38, 0x3e, 0x45, 0x4d, 0x54, 0x5c, 0x63, 0x6b, 0x73, 0x7b, 0x84,
0x8c, 0x94, 0x9c, 0xa4, 0xab, 0xb3, 0xba, 0xc1, 0xc8, 0xce, 0xd4, 0xda, 0xdf, 0xe5, 0xe9, 0xed,
0xf1, 0xf5, 0xf8, 0xfa, 0xfc, 0xfd, 0xfe, 0xff, 0xff, 0xfe, 0xfd, 0xfc, 0xfa, 0xf7, 0xf4, 0xf1,
0xed, 0xe9, 0xe4, 0xdf, 0xda, 0xd4, 0xce, 0xc7, 0xc0, 0xb9, 0xb2, 0xab, 0xa3, 0x9b, 0x94, 0x8c,
0x84, 0x7b, 0x73, 0x6b, 0x63, 0x5b, 0x54, 0x4c, 0x45, 0x3e, 0x37, 0x31, 0x2a, 0x25, 0x1f, 0x1a,
0x15, 0x11, 0xd, 0xa, 0x7, 0x4, 0x2, 0x1, 0x0, 0xff, 0xff, 0x0, 0x0, 0x2, 0x4, 0x6,
0x9, 0xd, 0x10, 0x15, 0x19, 0x1e, 0x24, 0x2a, 0x30, 0x36, 0x3d, 0x44, 0x4b, 0x52, 0x5a, 0x62,
0x6a, 0x71, 0x79, 0x82, 0x8a, 0x92, 0x9a, 0xa2, 0xaa, 0xb1, 0xb8, 0xbf, 0xc6, 0xcd, 0xd3, 0xd9,
0xde, 0xe3, 0xe8, 0xed, 0xf0, 0xf4, 0xf7, 0xfa, 0xfc, 0xfd, 0xfe, 0xff, 0xff, 0xff, 0xfe, 0xfc,
0xfa, 0xf8, 0xf5, 0xf2, 0xee, 0xea, 0xe5, 0xe0, 0xdb, 0xd5, 0xcf, 0xc9, 0xc2, 0xbb, 0xb4, 0xac,
0xa5, 0x9d, 0x95, 0x8d, 0x85, 0x7d, 0x75, 0x6d, 0x65, 0x5d, 0x55, 0x4e, 0x47, 0x3f, 0x39, 0x32,
0x2c, 0x26, 0x20, 0x1b, 0x16, 0x12, 0xe, 0xa, 0x7, 0x5, 0x3, 0x1, 0x0, 0xff, 0xff, 0xff,
0x0, 0x2, 0x3, 0x6, 0x8, 0xc, 0xf, 0x14, 0x18, 0x1d, 0x22, 0x28, 0x2e, 0x35, 0x3b, 0x42,
0x49, 0x51, 0x58, 0x60, 0x68, 0x70, 0x78, 0x81, 0x89, 0x91, 0x98, 0xa0, 0xa8, 0xaf, 0xb7, 0xbe,
0xc5, 0xcb, 0xd1, 0xd7, 0xdd, 0xe2, 0xe7, 0xec, 0xf0, 0xf3, 0xf6, 0xf9, 0xfb, 0xfd, 0xfe, 0xff,
0xff, 0xff, 0xfe, 0xfd, 0xfb, 0xf9, 0xf6, 0xf3, 0xef, 0xeb, 0xe6, 0xe1, 0xdc, 0xd6, 0xd0, 0xca,
0xc4, 0xbd, 0xb6, 0xae, 0xa7, 0x9f, 0x97, 0x8f, 0x87, 0x7e, 0x76, 0x6e, 0x66, 0x5f, 0x57, 0x50,
0x48, 0x41, 0x3a, 0x34, 0x2d, 0x27, 0x22, 0x1c, 0x17, 0x13, 0xf, 0xb, 0x8, 0x5, 0x3, 0x1,
0x0, 0xff, 0xff, 0xff, 0x0, 0x1, 0x3, 0x5, 0x8, 0xb, 0xf, 0x13, 0x17, 0x1c, 0x21, 0x27,
0x2d, 0x33, 0x3a, 0x41, 0x48, 0x4f, 0x57, 0x5e, 0x66, 0x6e, 0x76, 0x7e, 0x87, 0x8f, 0x97, 0x9e,
0xa6, 0xae, 0xb5, 0xbc, 0xc3, 0xca, 0xd0, 0xd6, 0xdc, 0xe1, 0xe6, 0xeb, 0xef, 0xf2, 0xf6, 0xf8,
0xfb, 0xfd, 0xfe, 0xff, 0xff, 0xff, 0xfe, 0xfd, 0xfb, 0xf9, 0xf7, 0xf3, 0xf0, 0xec, 0xe7, 0xe3,
0xdd, 0xd8, 0xd2, 0xcc, 0xc5, 0xbe, 0xb7, 0xb0, 0xa8, 0xa1, 0x99, 0x91, 0x89, 0x81, 0x78, 0x70,
0x68, 0x60, 0x59, 0x51, 0x4a, 0x43, 0x3c, 0x35, 0x2f, 0x29, 0x23, 0x1d, 0x18, 0x14, 0x10, 0xc,
0x9, 0x6, 0x4, 0x2, 0x0, 0xff, 0xff, 0xff, 0x0, 0x1, 0x2, 0x5, 0x7, 0xa, 0xe, 0x12,
0x16, 0x1b, 0x20, 0x26, 0x2b, 0x32, 0x38, 0x3f, 0x46, 0x4d, 0x55, 0x5c, 0x64, 0x6c, 0x74, 0x7c,
0x85, 0x8d, 0x95, 0x9d, 0xa4, 0xac, 0xb3, 0xbb, 0xc2, 0xc8, 0xcf, 0xd5, 0xdb, 0xe0, 0xe5, 0xea,
0xee, 0xf2, 0xf5, 0xf8, 0xfa, 0xfc, 0xfe, 0xff, 0xff, 0xff, 0xfe, 0xfd, 0xfc, 0xfa, 0xf7, 0xf4,
0xf1, 0xed, 0xe8, 0xe4, 0xdf, 0xd9, 0xd3, 0xcd, 0xc7, 0xc0, 0xb9, 0xb2, 0xaa, 0xa2, 0x9b, 0x93,
0x8b, 0x83, 0x7a, 0x72, 0x6a, 0x62, 0x5a, 0x53, 0x4b, 0x44, 0x3d, 0x37, 0x30, 0x2a, 0x24, 0x1f,
0x1a, 0x15, 0x11, 0xd, 0x9, 0x6, 0x4, 0x2, 0x1, 0x0, 0xff, 0xff, 0x0, 0x1, 0x2, 0x4,
0x7, 0x9, 0xd, 0x11, 0x15, 0x1a, 0x1f, 0x24, 0x2a, 0x30, 0x37, 0x3d, 0x44, 0x4c, 0x53, 0x5b,
0x62, 0x6a, 0x72, 0x7a, 0x83, 0x8b, 0x93, 0x9b, 0xa3, 0xaa, 0xb2, 0xb9, 0xc0, 0xc7, 0xcd, 0xd3,
0xd9, 0xdf, 0xe4, 0xe9, 0xed, 0xf1, 0xf4, 0xf7, 0xfa, 0xfc, 0xfd, 0xfe, 0xff, 0xff, 0xff, 0xfe,
0xfc, 0xfa, 0xf8, 0xf5, 0xf2, 0xee, 0xea, 0xe5, 0xe0, 0xda, 0xd5, 0xcf, 0xc8, 0xc1, 0xba, 0xb3,
0xac, 0xa4, 0x9c, 0x95, 0x8d, 0x85, 0x7c, 0x74, 0x6c, 0x64, 0x5c, 0x55, 0x4d, 0x46, 0x3f, 0x38,
0x32, 0x2b, 0x25, 0x20, 0x1b, 0x16, 0x12, 0xe, 0xa, 0x7, 0x5, 0x2, 0x1, 0x0, 0xff, 0xff,
0xff, 0x0, 0x2, 0x4, 0x6, 0x9, 0xc, 0x10, 0x14, 0x19, 0x1e, 0x23, 0x29, 0x2f, 0x35, 0x3c,
0x43, 0x4a, 0x51, 0x59, 0x61, 0x68, 0x70, 0x78, 0x81, 0x89, 0x91, 0x99, 0xa1, 0xa9, 0xb0, 0xb7,
0xbe, 0xc5, 0xcc, 0xd2, 0xd8, 0xde, 0xe3, 0xe8, 0xec, 0xf0, 0xf4, 0xf7, 0xf9, 0xfb, 0xfd, 0xfe,
0xff, 0xff, 0xff, 0xfe, 0xfc, 0xfb, 0xf8, 0xf6, 0xf2, 0xef, 0xeb, 0xe6, 0xe1, 0xdc, 0xd6, 0xd0,
0xca, 0xc3, 0xbc, 0xb5, 0xad, 0xa6, 0x9e, 0x96, 0x8f, 0x87, 0x7e, 0x76, 0x6e, 0x66, 0x5e, 0x56,
0x4f, 0x48, 0x40, 0x3a, 0x33, 0x2d, 0x27, 0x21, 0x1c, 0x17, 0x13, 0xe, 0xb, 0x8, 0x5, 0x3,
0x1, 0x0, 0xff, 0xff, 0xff, 0x0, 0x1, 0x3, 0x5, 0x8, 0xb, 0xf, 0x13, 0x18, 0x1c, 0x22,
0x27, 0x2d, 0x34, 0x3a, 0x41, 0x48, 0x50, 0x57, 0x5f, 0x67, 0x6f, 0x77, 0x80, 0x87, 0x8f, 0x97,
0x9f, 0xa7, 0xae, 0xb6, 0xbd, 0xc4, 0xca, 0xd1, 0xd7, 0xdc, 0xe2, 0xe6, 0xeb, 0xef, 0xf3, 0xf6,
0xf9, 0xfb, 0xfd, 0xfe, 0xff, 0xff, 0xff, 0xfe, 0xfd, 0xfb, 0xf9, 0xf6, 0xf3, 0xf0, 0xeb, 0xe7,
0xe2, 0xdd, 0xd7, 0xd1, 0xcb, 0xc4, 0xbe, 0xb6, 0xaf, 0xa8, 0xa0, 0x98, 0x90, 0x88, 0x80, 0x77,
0x6f, 0x68, 0x60, 0x58, 0x51, 0x49, 0x42, 0x3b, 0x34, 0x2e, 0x28, 0x22, 0x1d, 0x18, 0x14, 0xf,
0xc, 0x8, 0x6, 0x3, 0x2, 0x0, 0xff, 0xff, 0xff, 0x0, 0x1, 0x3, 0x5, 0x7, 0xb, 0xe,
0x12, 0x16, 0x1b, 0x20, 0x26, 0x2c, 0x32, 0x39, 0x40, 0x47, 0x4e, 0x55, 0x5d, 0x65, 0x6d, 0x75,
0x7d, 0x86, 0x8e, 0x96, 0x9d, 0xa5, 0xad, 0xb4, 0xbb, 0xc2, 0xc9, 0xcf, 0xd5, 0xdb, 0xe0, 0xe5,
0xea, 0xee, 0xf2, 0xf5, 0xf8, 0xfa, 0xfc, 0xfe, 0xff, 0xff, 0xff, 0xfe, 0xfd, 0xfc, 0xf9, 0xf7,
0xf4, 0xf0, 0xec, 0xe8, 0xe3, 0xde, 0xd9, 0xd3, 0xcc, 0xc6, 0xbf, 0xb8, 0xb1, 0xa9, 0xa2, 0x9a,
0x92, 0x8a, 0x82, 0x79, 0x71, 0x69, 0x62, 0x5a, 0x52, 0x4b, 0x44, 0x3d, 0x36, 0x30, 0x29, 0x24,
0x1e, 0x19, 0x15, 0x10, 0xc, 0x9, 0x6, 0x4, 0x2, 0x0, 0xff, 0xff, 0xff, 0x0, 0x1, 0x2,
0x4, 0x7, 0xa, 0xd, 0x11, 0x15, 0x1a, 0x1f, 0x25, 0x2b, 0x31, 0x37, 0x3e, 0x45, 0x4c, 0x54,
0x5b, 0x63, 0x6b, 0x73, 0x7b, 0x84, 0x8c, 0x94, 0x9c, 0xa3, 0xab, 0xb2, 0xba, 0xc1, 0xc7, 0xce,
0xd4, 0xda, 0xdf, 0xe4, 0xe9, 0xed, 0xf1, 0xf5, 0xf7, 0xfa, 0xfc, 0xfd, 0xfe, 0xff, 0xff, 0xfe,
0xfd, 0xfc, 0xfa, 0xf8, 0xf5, 0xf1, 0xed, 0xe9, 0xe4, 0xdf, 0xda, 0xd4, 0xce, 0xc7, 0xc1, 0xba,
0xb3, 0xab, 0xa4, 0x9c, 0x94, 0x8c, 0x84, 0x7b, 0x73, 0x6b, 0x63, 0x5c, 0x54, 0x4c, 0x45, 0x3e,
0x37, 0x31, 0x2b, 0x25, 0x1f, 0x1a, 0x16, 0x11, 0xd, 0xa, 0x7, 0x4, 0x2, 0x1, 0x0, 0xff,
0xff, 0xff, 0x0, 0x2, 0x4, 0x6, 0x9, 0xc, 0x10, 0x14, 0x19, 0x1e, 0x23, 0x29, 0x2f, 0x36,
0x3c, 0x43, 0x4b, 0x52, 0x5a, 0x61, 0x69, 0x71, 0x79, 0x82, 0x8a, 0x92, 0x9a, 0xa2, 0xa9, 0xb1,
0xb8, 0xbf, 0xc6, 0xcc, 0xd3, 0xd8, 0xde, 0xe3, 0xe8, 0xec, 0xf0, 0xf4, 0xf7, 0xf9, 0xfc, 0xfd,
0xfe, 0xff, 0xff, 0xff, 0xfe, 0xfc, 0xfa, 0xf8, 0xf5, 0xf2, 0xee, 0xea, 0xe6, 0xe1, 0xdb, 0xd5,
0xcf, 0xc9, 0xc2, 0xbb, 0xb4, 0xad, 0xa5, 0x9e, 0x96, 0x8e, 0x86, 0x7d, 0x75, 0x6d, 0x65, 0x5d,
0x56, 0x4e, 0x47, 0x40, 0x39, 0x32, 0x2c, 0x26, 0x21, 0x1b, 0x17, 0x12, 0xe, 0xb, 0x7, 0x5,
0x3, 0x1, 0x0, 0xff, 0xff, 0xff, 0x0, 0x1, 0x3, 0x6, 0x8, 0xc, 0xf, 0x13, 0x18, 0x1d,
0x22, 0x28, 0x2e, 0x34, 0x3b, 0x42, 0x49, 0x50, 0x58, 0x60, 0x67, 0x6f, 0x77, 0x80, 0x88, 0x90,
0x98, 0xa0, 0xa8, 0xaf, 0xb6, 0xbd, 0xc4, 0xcb, 0xd1, 0xd7, 0xdd, 0xe2, 0xe7, 0xeb, 0xef, 0xf3,
0xf6, 0xf9, 0xfb, 0xfd, 0xfe, 0xff, 0xff, 0xff, 0xfe, 0xfd, 0xfb, 0xf9, 0xf6, 0xf3, 0xef, 0xeb,
0xe7, 0xe2, 0xdc, 0xd7, 0xd1, 0xca, 0xc4, 0xbd, 0xb6, 0xaf, 0xa7, 0x9f, 0x98, 0x90, 0x88, 0x80,
0x77, 0x6f, 0x67, 0x5f, 0x57, 0x50, 0x48, 0x41, 0x3a, 0x34, 0x2e, 0x28, 0x22, 0x1d, 0x18, 0x13,
0xf, 0xb, 0x8, 0x5, 0x3, 0x1, 0x0, 0xff, 0xff, 0xff, 0x0, 0x1, 0x3, 0x5, 0x8, 0xb,
0xe, 0x12, 0x17, 0x1c, 0x21, 0x27, 0x2d, 0x33, 0x39, 0x40, 0x47, 0x4f, 0x56, 0x5e, 0x66, 0x6d,
0x75, 0x7d, 0x86, 0x8e, 0x96, 0x9e, 0xa6, 0xad, 0xb5, 0xbc, 0xc3, 0xc9, 0xd0, 0xd6, 0xdc, 0xe1,
0xe6, 0xea, 0xef, 0xf2, 0xf6, 0xf8, 0xfb, 0xfc, 0xfe, 0xff, 0xff, 0xff, 0xfe, 0xfd, 0xfb, 0xf9,
0xf7, 0xf4, 0xf0, 0xec, 0xe8, 0xe3, 0xde, 0xd8, 0xd2, 0xcc, 0xc5, 0xbf, 0xb7, 0xb0, 0xa9, 0xa1,
0x99, 0x91, 0x89, 0x81, 0x79, 0x71, 0x69, 0x61, 0x59, 0x52, 0x4a, 0x43, 0x3c, 0x35, 0x2f, 0x29,
0x23, 0x1e, 0x19, 0x14, 0x10, 0xc, 0x9, 0x6, 0x4, 0x2, 0x0, 0xff, 0xff, 0xff, 0x0, 0x1,
0x2, 0x4, 0x7, 0xa, 0xe, 0x11, 0x16, 0x1b, 0x20, 0x25, 0x2b, 0x31, 0x38, 0x3f, 0x46, 0x4d,
0x54, 0x5c, 0x64, 0x6c, 0x74, 0x7c, 0x85, 0x8d, 0x94, 0x9c, 0xa4, 0xac, 0xb3, 0xba, 0xc1, 0xc8,
0xce, 0xd4, 0xda, 0xe0, 0xe5, 0xe9, 0xee, 0xf1, 0xf5, 0xf8, 0xfa, 0xfc, 0xfe, 0xfe, 0xff, 0xff,
0xfe, 0xfd, 0xfc, 0xfa, 0xf7, 0xf4, 0xf1, 0xed, 0xe9, 0xe4, 0xdf, 0xd9, 0xd4, 0xcd, 0xc7, 0xc0,
0xb9, 0xb2, 0xaa, 0xa3, 0x9b, 0x93, 0x8b, 0x83, 0x7a, 0x72, 0x6a, 0x63, 0x5b, 0x53, 0x4c, 0x45,
0x3e, 0x37, 0x30, 0x2a, 0x24, 0x1f, 0x1a, 0x15, 0x11, 0xd, 0xa, 0x7, 0x4, 0x2, 0x1, 0x0,
0xff, 0xff, 0x0, 0x1, 0x2, 0x4, 0x6, 0x9, 0xd, 0x11, 0x15, 0x19, 0x1f, 0x24, 0x2a, 0x30,
0x36, 0x3d, 0x44, 0x4b, 0x53, 0x5a, 0x62, 0x6a, 0x72, 0x7a, 0x83, 0x8b, 0x93, 0x9b, 0xa2, 0xaa,
0xb1, 0xb9, 0xc0, 0xc6, 0xcd, 0xd3, 0xd9, 0xde, 0xe4, 0xe8, 0xed, 0xf1, 0xf4, 0xf7, 0xfa, 0xfc,
0xfd, 0xfe, 0xff, 0xff, 0xff, 0xfe, 0xfc, 0xfa, 0xf8, 0xf5, 0xf2, 0xee, 0xea, 0xe5, 0xe0, 0xdb,
0xd5, 0xcf, 0xc8, 0xc2, 0xbb, 0xb4, 0xac, 0xa5, 0x9d, 0x95, 0x8d, 0x85, 0x7c, 0x74, 0x6c, 0x64,
0x5d, 0x55, 0x4d, 0x46, 0x3f, 0x38, 0x32, 0x2c, 0x26, 0x20, 0x1b, 0x16, 0x12, 0xe, 0xa, 0x7,
0x5, 0x3, 0x1, 0x0, 0xff, 0xff, 0xff, 0x0, 0x2, 0x3, 0x6, 0x9, 0xc, 0x10, 0x14, 0x18,
0x1d, 0x23, 0x28, 0x2f, 0x35, 0x3c, 0x42, 0x4a, 0x51, 0x59, 0x60, 0x68, 0x70, 0x78, 0x81, 0x89,
0x91, 0x99, 0xa1, 0xa8, 0xb0, 0xb7, 0xbe, 0xc5, 0xcb, 0xd2, 0xd8, 0xdd, 0xe3, 0xe7, 0xec, 0xf0,
0xf3, 0xf6, 0xf9, 0xfb, 0xfd, 0xfe, 0xff, 0xff, 0xff, 0xfe, 0xfd, 0xfb, 0xf8, 0xf6, 0xf3, 0xef,
0xeb, 0xe6, 0xe1, 0xdc, 0xd6, 0xd0, 0xca, 0xc3, 0xbc, 0xb5, 0xae, 0xa6, 0x9f, 0x97, 0x8f, 0x87,
0x7e, 0x76, 0x6e, 0x66, 0x5e, 0x57, 0x4f, 0x48, 0x41, 0x3a, 0x33, 0x2d, 0x27, 0x21, 0x1c, 0x17,
0x13, 0xf, 0xb, 0x8, 0x5, 0x3, 0x1, 0x0, 0xff, 0xff, 0xff, 0x0, 0x1, 0x3, 0x5, 0x8,
0xb, 0xf, 0x13, 0x17, 0x1c, 0x21, 0x27, 0x2d, 0x33, 0x3a, 0x41, 0x48, 0x4f, 0x57, 0x5f, 0x66,
0x6e, 0x76, 0x7e, 0x87, 0x8f, 0x97, 0x9f, 0xa6, 0xae, 0xb5, 0xbc, 0xc3, 0xca, 0xd0, 0xd6, 0xdc,
0xe1, 0xe6, 0xeb, 0xef, 0xf3, 0xf6, 0xf9, 0xfb, 0xfd, 0xfe, 0xff, 0xff, 0xff, 0xfe, 0xfd, 0xfb,
0xf9, 0xf6, 0xf3, 0xf0, 0xec, 0xe7, 0xe2, 0xdd, 0xd8, 0xd2, 0xcb, 0xc5, 0xbe, 0xb7, 0xb0, 0xa8,
0xa0, 0x99, 0x91, 0x89, 0x81, 0x78, 0x70, 0x68, 0x60, 0x58, 0x51, 0x49, 0x42, 0x3b, 0x35, 0x2e,
0x28, 0x23, 0x1d, 0x18, 0x14, 0x10, 0xc, 0x9, 0x6, 0x3, 0x2, 0x0, 0xff, 0xff, 0xff, 0x0,
0x1, 0x3, 0x5, 0x7, 0xa, 0xe, 0x12, 0x16, 0x1b, 0x20, 0x26, 0x2c, 0x32, 0x38, 0x3f, 0x46,
0x4e, 0x55, 0x5d, 0x65, 0x6c, 0x74, 0x7c, 0x85, 0x8d, 0x95, 0x9d, 0xa5, 0xac, 0xb4, 0xbb, 0xc2,
0xc9, 0xcf, 0xd5, 0xdb, 0xe0, 0xe5, 0xea, 0xee, 0xf2, 0xf5, 0xf8, 0xfa, 0xfc, 0xfe, 0xff, 0xff,
0xff, 0xfe, 0xfd, 0xfc, 0xfa, 0xf7, 0xf4, 0xf1, 0xed, 0xe8, 0xe4, 0xde, 0xd9, 0xd3, 0xcd, 0xc6,
0xbf, 0xb8, 0xb1, 0xaa, 0xa2, 0x9a, 0x93, 0x8b, 0x83, 0x7a, 0x72, 0x6a, 0x62, 0x5a, 0x53, 0x4b,
0x44, 0x3d, 0x36, 0x30, 0x2a, 0x24, 0x1e, 0x19, 0x15, 0x10, 0xd, 0x9, 0x6, 0x4, 0x2, 0x1,
0x0, 0xff, 0xff, 0x0, 0x1, 0x2, 0x4, 0x7, 0xa, 0xd, 0x11, 0x15, 0x1a, 0x1f, 0x25, 0x2a,
0x31, 0x37, 0x3e, 0x45, 0x4c, 0x53, 0x5b, 0x63, 0x6b, 0x73, 0x7b, 0x84, 0x8b, 0x93, 0x9b, 0xa3,
0xab, 0xb2, 0xb9, 0xc0, 0xc7, 0xce, 0xd4, 0xd9, 0xdf, 0xe4, 0xe9, 0xed, 0xf1, 0xf4, 0xf7, 0xfa,
0xfc, 0xfd, 0xfe, 0xff, 0xff, 0xfe, 0xfe, 0xfc, 0xfa, 0xf8, 0xf5, 0xf1, 0xee, 0xe9, 0xe5, 0xe0,
0xda, 0xd4, 0xce, 0xc8, 0xc1, 0xba, 0xb3, 0xab, 0xa4, 0x9c, 0x94, 0x8c, 0x84, 0x7b, 0x73, 0x6c,
0x64, 0x5c, 0x54, 0x4d, 0x46, 0x3f, 0x38, 0x31, 0x2b, 0x25, 0x20, 0x1a, 0x16, 0x11, 0xd, 0xa,
0x7, 0x4, 0x2, 0x1, 0x0, 0xff, 0xff, 0xff, 0x0, 0x2, 0x4, 0x6, 0x9, 0xc, 0x10, 0x14,
0x19, 0x1e, 0x23, 0x29, 0x2f, 0x36, 0x3c, 0x43, 0x4a, 0x52, 0x59, 0x61, 0x69, 0x71, 0x79, 0x82,
0x8a, 0x92, 0x99, 0xa1, 0xa9, 0xb0, 0xb8, 0xbf, 0xc6, 0xcc, 0xd2, 0xd8, 0xde, 0xe3, 0xe8, 0xec,
0xf0, 0xf4, 0xf7, 0xf9, 0xfb, 0xfd, 0xfe, 0xff, 0xff, 0xff, 0xfe, 0xfc, 0xfb, 0xf8, 0xf5, 0xf2,
0xee, 0xea, 0xe6, 0xe1, 0xdb, 0xd6, 0xd0, 0xc9, 0xc3, 0xbc, 0xb5, 0xad, 0xa6, 0x9e, 0x96, 0x8e,
0x86, 0x7d, 0x75, 0x6d, 0x65, 0x5e, 0x56, 0x4e, 0x47, 0x40, 0x39, 0x33, 0x2c, 0x26, 0x21, 0x1c,
0x17, 0x12, 0xe, 0xb, 0x8, 0x5, 0x3, 0x1, 0x0, 0xff, 0xff, 0xff, 0x0, 0x1, 0x3, 0x5,
0x8, 0xb, 0xf, 0x13, 0x18, 0x1d, 0x22, 0x28, 0x2e, 0x34, 0x3b, 0x42, 0x49, 0x50, 0x58, 0x5f,
0x67, 0x6f, 0x77, 0x80, 0x88, 0x90, 0x98, 0x9f, 0xa7, 0xaf, 0xb6, 0xbd, 0xc4, 0xcb, 0xd1, 0xd7,
0xdd, 0xe2, 0xe7, 0xeb, 0xef, 0xf3, 0xf6, 0xf9, 0xfb, 0xfd, 0xfe, 0xff, 0xff, 0xff, 0xfe, 0xfd,
0xfb, 0xf9, 0xf6, 0xf3, 0xef, 0xeb, 0xe7, 0xe2, 0xdd, 0xd7, 0xd1, 0xcb, 0xc4, 0xbd, 0xb6, 0xaf,
0xa7, 0xa0, 0x98, 0x90, 0x88, 0x80, 0x77, 0x6f, 0x67, 0x5f, 0x58, 0x50, 0x49, 0x42, 0x3b, 0x34,
0x2e, 0x28, 0x22, 0x1d, 0x18, 0x13, 0xf, 0xc, 0x8, 0x6, 0x3, 0x1, 0x0, 0xff, 0xff, 0xff,
0x0, 0x1, 0x3, 0x5, 0x8, 0xb, 0xe, 0x12, 0x17, 0x1c, 0x21, 0x26, 0x2c, 0x33, 0x39, 0x40,
0x47, 0x4e, 0x56, 0x5d, 0x65, 0x6d, 0x75, 0x7d, 0x86, 0x8e, 0x96, 0x9e, 0xa5, 0xad, 0xb4, 0xbc,
0xc2, 0xc9, 0xcf, 0xd6, 0xdb, 0xe1, 0xe6, 0xea, 0xee, 0xf2, 0xf5, 0xf8, 0xfb, 0xfc, 0xfe, 0xff,
0xff, 0xff, 0xfe, 0xfd, 0xfb, 0xf9, 0xf7, 0xf4, 0xf0, 0xec, 0xe8, 0xe3, 0xde, 0xd8, 0xd2, 0xcc,
0xc6, 0xbf, 0xb8, 0xb1, 0xa9, 0xa1, 0x9a, 0x92, 0x8a, 0x82, 0x79, 0x71, 0x69, 0x61, 0x59, 0x52,
0x4a, 0x43, 0x3c, 0x36, 0x2f, 0x29, 0x23, 0x1e, 0x19, 0x14, 0x10, 0xc, 0x9, 0x6, 0x4, 0x2,
0x0, 0xff, 0xff, 0xff, 0x0, 0x1, 0x2, 0x4, 0x7, 0xa, 0xd, 0x11, 0x16, 0x1a, 0x20, 0x25,
0x2b, 0x31, 0x38, 0x3e, 0x45, 0x4d, 0x54, 0x5c, 0x63, 0x6b, 0x73, 0x7b, 0x84, 0x8c, 0x94, 0x9c,
0xa4, 0xab, 0xb3, 0xba, 0xc1, 0xc8, 0xce, 0xd4, 0xda, 0xdf, 0xe5, 0xe9, 0xed, 0xf1, 0xf5, 0xf8,
0xfa, 0xfc, 0xfd, 0xfe, 0xff, 0xff, 0xfe, 0xfd, 0xfc, 0xfa, 0xf7, 0xf4, 0xf1, 0xed, 0xe9, 0xe4,
0xdf, 0xda, 0xd4, 0xce, 0xc7, 0xc0, 0xb9, 0xb2, 0xab, 0xa3, 0x9b, 0x94, 0x8c, 0x84, 0x7b, 0x73,
0x6b, 0x63, 0x5b, 0x54, 0x4c, 0x45, 0x3e, 0x37, 0x31, 0x2a, 0x25, 0x1f, 0x1a, 0x15, 0x11, 0xd,
0xa, 0x7, 0x4, 0x2, 0x1, 0x0, 0xff, 0xff, 0x0, 0x0, 0x2, 0x4, 0x6, 0x9, 0xd, 0x10,
0x15, 0x19, 0x1e, 0x24, 0x2a, 0x30, 0x36, 0x3d, 0x44, 0x4b, 0x52, 0x5a, 0x62, 0x6a, 0x71, 0x79,
0x82, 0x8a, 0x92, 0x9a, 0xa2, 0xaa, 0xb1, 0xb8, 0xbf, 0xc6, 0xcd, 0xd3, 0xd9, 0xde, 0xe3, 0xe8,
0xed, 0xf0, 0xf4, 0xf7, 0xfa, 0xfc, 0xfd, 0xfe, 0xff, 0xff, 0xff, 0xfe, 0xfc, 0xfa, 0xf8, 0xf5,
0xf2, 0xee, 0xea, 0xe5, 0xe0, 0xdb, 0xd5, 0xcf, 0xc9, 0xc2, 0xbb, 0xb4, 0xac, 0xa5, 0x9d, 0x95,
0x8d, 0x85, 0x7d, 0x75, 0x6d, 0x65, 0x5d, 0x55, 0x4e, 0x47, 0x3f, 0x39, 0x32, 0x2c, 0x26, 0x20,
0x1b, 0x16, 0x12, 0xe, 0xa, 0x7, 0x5, 0x3, 0x1, 0x0, 0xff, 0xff, 0xff, 0x0, 0x2, 0x3,
0x6, 0x8, 0xc, 0xf, 0x14, 0x18, 0x1d, 0x22, 0x28, 0x2e, 0x35, 0x3b, 0x42, 0x49, 0x51, 0x58,
0x60, 0x68, 0x70, 0x78, 0x81, 0x89, 0x91, 0x98, 0xa0, 0xa8, 0xaf, 0xb7, 0xbe, 0xc5, 0xcb, 0xd1,
0xd7, 0xdd, 0xe2, 0xe7, 0xec, 0xf0, 0xf3, 0xf6, 0xf9, 0xfb, 0xfd, 0xfe, 0xff, 0xff, 0xff, 0xfe,
0xfd, 0xfb, 0xf9, 0xf6, 0xf3, 0xef, 0xeb, 0xe6, 0xe1, 0xdc, 0xd6, 0xd0, 0xca, 0xc4, 0xbd, 0xb6,
0xae, 0xa7, 0x9f, 0x97, 0x8f, 0x87, 0x7e, 0x76, 0x6e, 0x66, 0x5f, 0x57, 0x4f, 0x48, 0x41, 0x3a,
0x34, 0x2d, 0x27, 0x22, 0x1c, 0x17, 0x13, 0xf, 0xb, 0x8, 0x5, 0x3, 0x1, 0x0, 0xff, 0xff,
0xff, 0x0, 0x1, 0x3, 0x5, 0x8, 0xb, 0xf, 0x13, 0x17, 0x1c, 0x21, 0x27, 0x2d, 0x33, 0x3a,
0x41, 0x48, 0x4f, 0x57, 0x5e, 0x66, 0x6e, 0x76, 0x7e, 0x87, 0x8f, 0x97, 0x9e, 0xa6, 0xae, 0xb5,
0xbc, 0xc3, 0xca, 0xd0, 0xd6, 0xdc, 0xe1, 0xe6, 0xeb, 0xef, 0xf2, 0xf6, 0xf8, 0xfb, 0xfd, 0xfe,
0xff, 0xff, 0xff, 0xfe, 0xfd, 0xfb, 0xf9, 0xf7, 0xf3, 0xf0, 0xec, 0xe7, 0xe3, 0xdd, 0xd8, 0xd2,
0xcc, 0xc5, 0xbe, 0xb7, 0xb0, 0xa8, 0xa1, 0x99, 0x91, 0x89, 0x81, 0x78, 0x70, 0x68, 0x60, 0x59,
0x51, 0x4a, 0x43, 0x3c, 0x35, 0x2f, 0x29, 0x23, 0x1d, 0x18, 0x14, 0x10, 0xc, 0x9, 0x6, 0x4,
0x2, 0x0, 0xff, 0xff, 0xff, 0x0, 0x1, 0x2, 0x5, 0x7, 0xa, 0xe, 0x12, 0x16, 0x1b, 0x20,
0x26, 0x2b, 0x32, 0x38, 0x3f, 0x46, 0x4d, 0x55, 0x5c, 0x64, 0x6c, 0x74, 0x7c, 0x85, 0x8d, 0x95,
0x9d, 0xa4, 0xac, 0xb3, 0xbb, 0xc2, 0xc8, 0xcf, 0xd5, 0xdb, 0xe0, 0xe5, 0xea, 0xee, 0xf2, 0xf5,
0xf8, 0xfa, 0xfc, 0xfe, 0xff, 0xff, 0xff, 0xfe, 0xfd, 0xfc, 0xfa, 0xf7, 0xf4, 0xf1, 0xed, 0xe8,
0xe4, 0xdf, 0xd9, 0xd3, 0xcd, 0xc7, 0xc0, 0xb9, 0xb2, 0xaa, 0xa2, 0x9b, 0x93, 0x8b, 0x83, 0x7a,
0x72, 0x6a, 0x62, 0x5a, 0x53, 0x4b, 0x44, 0x3d, 0x37, 0x30, 0x2a, 0x24, 0x1f, 0x1a, 0x15, 0x11,
0xd, 0x9, 0x6, 0x4, 0x2, 0x1, 0x0, 0xff, 0xff, 0x0, 0x1, 0x2, 0x4, 0x7, 0x9, 0xd,
0x11, 0x15, 0x1a, 0x1f, 0x24, 0x2a, 0x30, 0x37, 0x3d, 0x44, 0x4c, 0x53, 0x5b, 0x62, 0x6a, 0x72,
0x7a, 0x83, 0x8b, 0x93, 0x9b, 0xa3, 0xaa, 0xb2, 0xb9, 0xc0, 0xc7, 0xcd, 0xd3, 0xd9, 0xdf, 0xe4,
0xe9, 0xed, 0xf1, 0xf4, 0xf7, 0xfa, 0xfc, 0xfd, 0xfe, 0xff, 0xff, 0xff, 0xfe, 0xfc, 0xfa, 0xf8,
0xf5, 0xf2, 0xee, 0xea, 0xe5, 0xe0, 0xda, 0xd5, 0xce, 0xc8, 0xc1, 0xba, 0xb3, 0xac, 0xa4, 0x9c,
0x95, 0x8d, 0x85, 0x7c, 0x74, 0x6c, 0x64, 0x5c, 0x55, 0x4d, 0x46, 0x3f, 0x38, 0x32, 0x2b, 0x25,
0x20, 0x1b, 0x16, 0x12, 0xe, 0xa, 0x7, 0x5, 0x2, 0x1, 0x0, 0xff, 0xff, 0xff, 0x0, 0x2,
0x4, 0x6, 0x9, 0xc, 0x10, 0x14, 0x19, 0x1e, 0x23, 0x29, 0x2f, 0x35, 0x3c, 0x43, 0x4a, 0x51,
0x59, 0x61, 0x68, 0x70, 0x78, 0x81, 0x89, 0x91, 0x99, 0xa1, 0xa9, 0xb0, 0xb7, 0xbe, 0xc5, 0xcc,
0xd2, 0xd8, 0xde, 0xe3, 0xe8, 0xec, 0xf0, 0xf4, 0xf7, 0xf9, 0xfb, 0xfd, 0xfe, 0xff, 0xff, 0xff,
0xfe, 0xfc, 0xfb, 0xf8, 0xf6, 0xf2, 0xef, 0xeb, 0xe6, 0xe1, 0xdc, 0xd6, 0xd0, 0xca, 0xc3, 0xbc,
0xb5, 0xad, 0xa6, 0x9e, 0x96, 0x8f, 0x87, 0x7e, 0x76, 0x6e, 0x66, 0x5e, 0x56, 0x4f, 0x48, 0x40,
0x3a, 0x33, 0x2d, 0x27, 0x21, 0x1c, 0x17, 0x13, 0xe, 0xb, 0x8, 0x5, 0x3, 0x1, 0x0, 0xff,
0xff, 0xff, 0x0, 0x1, 0x3, 0x5, 0x8, 0xb, 0xf, 0x13, 0x18, 0x1c, 0x22, 0x27, 0x2d, 0x34,
0x3a, 0x41, 0x48, 0x50, 0x57, 0x5f, 0x67, 0x6f, 0x77, 0x80, 0x87, 0x8f, 0x97, 0x9f, 0xa7, 0xae,
0xb6, 0xbd, 0xc4, 0xca, 0xd1, 0xd7, 0xdc, 0xe2, 0xe6, 0xeb, 0xef, 0xf3, 0xf6, 0xf9, 0xfb, 0xfd,
0xfe, 0xff, 0xff, 0xff, 0xfe, 0xfd, 0xfb, 0xf9, 0xf6, 0xf3, 0xf0, 0xeb, 0xe7, 0xe2, 0xdd, 0xd7,
0xd1, 0xcb, 0xc4, 0xbe, 0xb6, 0xaf, 0xa8, 0xa0, 0x98, 0x90, 0x88, 0x80, 0x77, 0x6f, 0x68, 0x60,
0x58, 0x51, 0x49, 0x42, 0x3b, 0x34, 0x2e, 0x28, 0x22, 0x1d, 0x18, 0x14, 0xf, 0xc, 0x8, 0x6,
0x3, 0x2, 0x0, 0xff, 0xff, 0xff, 0x0, 0x1, 0x3, 0x5, 0x7, 0xb, 0xe, 0x12, 0x16, 0x1b,
0x20, 0x26, 0x2c, 0x32, 0x39, 0x40, 0x47, 0x4e, 0x55, 0x5d, 0x65, 0x6d, 0x75, 0x7d, 0x86, 0x8e,
0x96, 0x9d, 0xa5, 0xad, 0xb4, 0xbb, 0xc2, 0xc9, 0xcf, 0xd5, 0xdb, 0xe0, 0xe5, 0xea, 0xee, 0xf2,
0xf5, 0xf8, 0xfa, 0xfc, 0xfe, 0xff, 0xff, 0xff, 0xfe, 0xfd, 0xfc, 0xf9, 0xf7, 0xf4, 0xf0, 0xec,
0xe8, 0xe3, 0xde, 0xd9, 0xd3, 0xcd, 0xc6, 0xbf, 0xb8, 0xb1, 0xa9, 0xa2, 0x9a, 0x92, 0x8a, 0x82,
0x79, 0x71, 0x69, 0x62, 0x5a, 0x52, 0x4b, 0x44, 0x3d, 0x36, 0x30, 0x29, 0x24, 0x1e, 0x19, 0x14,
0x10, 0xc, 0x9, 0x6, 0x4, 0x2, 0x0, 0xff, 0xff, 0xff, 0x0, 0x1, 0x2, 0x4, 0x7, 0xa,
0xd, 0x11, 0x15, 0x1a, 0x1f, 0x25, 0x2b, 0x31, 0x37, 0x3e, 0x45, 0x4c, 0x54, 0x5b, 0x63, 0x6b,
0x73, 0x7b, 0x84, 0x8c, 0x94, 0x9c, 0xa3, 0xab, 0xb2, 0xba, 0xc1, 0xc7, 0xce, 0xd4, 0xda, 0xdf,
0xe4, 0xe9, 0xed, 0xf1, 0xf5, 0xf7, 0xfa, 0xfc, 0xfd, 0xfe, 0xff, 0xff, 0xfe, 0xfd, 0xfc, 0xfa,
0xf8, 0xf5, 0xf1, 0xed, 0xe9, 0xe4, 0xdf, 0xda, 0xd4, 0xce, 0xc7, 0xc1, 0xba, 0xb3, 0xab, 0xa4,
0x9c, 0x94, 0x8c, 0x84, 0x7b, 0x73, 0x6b, 0x63, 0x5c, 0x54, 0x4c, 0x45, 0x3e, 0x37, 0x31, 0x2b,
0x25, 0x1f, 0x1a, 0x16, 0x11, 0xd, 0xa, 0x7, 0x4, 0x2, 0x1, 0x0, 0xff, 0xff, 0xff, 0x0,
0x2, 0x4, 0x6, 0x9, 0xc, 0x10, 0x14, 0x19, 0x1e, 0x23, 0x29, 0x2f, 0x36, 0x3c, 0x43, 0x4b,
0x52, 0x5a, 0x61, 0x69, 0x71, 0x79, 0x82, 0x8a, 0x92, 0x9a, 0xa2, 0xa9, 0xb1, 0xb8, 0xbf, 0xc6,
0xcc, 0xd3, 0xd8, 0xde, 0xe3, 0xe8, 0xec, 0xf0, 0xf4, 0xf7, 0xf9, 0xfc, 0xfd, 0xfe, 0xff, 0xff,
0xff, 0xfe, 0xfc, 0xfa, 0xf8, 0xf5, 0xf2, 0xee, 0xea, 0xe6, 0xe1, 0xdb, 0xd5, 0xcf, 0xc9, 0xc2,
0xbb, 0xb4, 0xad, 0xa5, 0x9e, 0x96, 0x8e, 0x86, 0x7d, 0x75, 0x6d, 0x65, 0x5d, 0x56, 0x4e, 0x47,
0x40, 0x39, 0x32, 0x2c, 0x26, 0x21, 0x1b, 0x17, 0x12, 0xe, 0xb, 0x7, 0x5, 0x3, 0x1, 0x0,
0xff, 0xff, 0xff, 0x0, 0x1, 0x3, 0x6, 0x8, 0xc, 0xf, 0x13, 0x18, 0x1d, 0x22, 0x28, 0x2e,
0x34, 0x3b, 0x42, 0x49, 0x50, 0x58, 0x60, 0x67, 0x6f, 0x77, 0x80, 0x88, 0x90, 0x98, 0xa0, 0xa8,
0xaf, 0xb6, 0xbd, 0xc4, 0xcb, 0xd1, 0xd7, 0xdd, 0xe2, 0xe7, 0xeb, 0xef, 0xf3, 0xf6, 0xf9, 0xfb,
0xfd, 0xfe, 0xff, 0xff, 0xff, 0xfe, 0xfd, 0xfb, 0xf9, 0xf6, 0xf3, 0xef, 0xeb, 0xe7, 0xe2, 0xdc,
0xd7, 0xd1, 0xca, 0xc4, 0xbd, 0xb6, 0xaf, 0xa7, 0x9f, 0x98, 0x90, 0x88, 0x80, 0x77, 0x6f, 0x67,
0x5f, 0x57, 0x50, 0x48, 0x41, 0x3a, 0x34, 0x2e, 0x28, 0x22, 0x1d, 0x18, 0x13, 0xf, 0xb, 0x8,
0x5, 0x3, 0x1, 0x0, 0xff, 0xff, 0xff, 0x0, 0x1, 0x3, 0x5, 0x8, 0xb, 0xe, 0x12, 0x17,
0x1c, 0x21, 0x27, 0x2d, 0x33, 0x39, 0x40, 0x47, 0x4f, 0x56, 0x5e, 0x66, 0x6d, 0x75, 0x7d, 0x86,
0x8e, 0x96, 0x9e, 0xa6, 0xad, 0xb5, 0xbc, 0xc3, 0xc9, 0xd0, 0xd6, 0xdc, 0xe1, 0xe6, 0xea, 0xef,
0xf2, 0xf6, 0xf8, 0xfb, 0xfc, 0xfe, 0xff, 0xff, 0xff, 0xfe, 0xfd, 0xfb, 0xf9, 0xf7, 0xf4, 0xf0,
0xec, 0xe8, 0xe3, 0xde, 0xd8, 0xd2, 0xcc, 0xc5, 0xbf, 0xb7, 0xb0, 0xa9, 0xa1, 0x99, 0x91, 0x89,
0x81, 0x79, 0x71, 0x69, 0x61, 0x59, 0x52, 0x4a, 0x43, 0x3c, 0x35, 0x2f, 0x29, 0x23, 0x1e, 0x19,
0x14, 0x10, 0xc, 0x9, 0x6, 0x4, 0x2, 0x0, 0xff, 0xff, 0xff, 0x0, 0x1, 0x2, 0x4, 0x7,
0xa, 0xe, 0x11, 0x16, 0x1b, 0x20, 0x25, 0x2b, 0x31, 0x38, 0x3f, 0x46, 0x4d, 0x54, 0x5c, 0x64,
0x6c, 0x74, 0x7c, 0x85, 0x8d, 0x94, 0x9c, 0xa4, 0xac, 0xb3, 0xba, 0xc1, 0xc8, 0xce, 0xd4, 0xda,
0xe0, 0xe5, 0xe9, 0xee, 0xf1, 0xf5, 0xf8, 0xfa, 0xfc, 0xfe, 0xfe, 0xff, 0xff, 0xfe, 0xfd, 0xfc,
0xfa, 0xf7, 0xf4, 0xf1, 0xed, 0xe9, 0xe4, 0xdf, 0xd9, 0xd4, 0xcd, 0xc7, 0xc0, 0xb9, 0xb2, 0xaa,
0xa3, 0x9b, 0x93, 0x8b, 0x83, 0x7a, 0x72, 0x6a, 0x63, 0x5b, 0x53, 0x4c, 0x45, 0x3e, 0x37, 0x30,
0x2a, 0x24, 0x1f, 0x1a, 0x15, 0x11, 0xd, 0xa, 0x7, 0x4, 0x2, 0x1, 0x0, 0xff, 0xff, 0x0,
0x1, 0x2, 0x4, 0x6, 0x9, 0xd, 0x11, 0x15, 0x19, 0x1f, 0x24, 0x2a, 0x30, 0x36, 0x3d, 0x44,
0x4b, 0x53, 0x5a, 0x62, 0x6a, 0x72, 0x7a, 0x83, 0x8b, 0x93, 0x9b, 0xa2, 0xaa, 0xb1, 0xb9, 0xc0,
0xc6, 0xcd, 0xd3, 0xd9, 0xde, 0xe4, 0xe8, 0xed, 0xf1, 0xf4, 0xf7, 0xfa, 0xfc, 0xfd, 0xfe, 0xff,
0xff, 0xff, 0xfe, 0xfc, 0xfa, 0xf8, 0xf5, 0xf2, 0xee, 0xea, 0xe5, 0xe0, 0xdb, 0xd5, 0xcf, 0xc8,
0xc2, 0xbb, 0xb4, 0xac, 0xa5, 0x9d, 0x95, 0x8d, 0x85, 0x7c, 0x74, 0x6c, 0x64, 0x5d, 0x55, 0x4d,
0x46, 0x3f, 0x38, 0x32, 0x2c, 0x26, 0x20, 0x1b, 0x16, 0x12, 0xe, 0xa, 0x7, 0x5, 0x3, 0x1,
0x0, 0xff, 0xff, 0xff, 0x0, 0x2, 0x3, 0x6, 0x9, 0xc, 0x10, 0x14, 0x18, 0x1d, 0x23, 0x28,
0x2f, 0x35, 0x3c, 0x42, 0x4a, 0x51, 0x59, 0x60, 0x68, 0x70, 0x78, 0x81, 0x89, 0x91, 0x99, 0xa1,
0xa8, 0xb0, 0xb7, 0xbe, 0xc5, 0xcb, 0xd2, 0xd8, 0xdd, 0xe3, 0xe7, 0xec, 0xf0, 0xf3, 0xf6, 0xf9,
0xfb, 0xfd, 0xfe, 0xff, 0xff, 0xff, 0xfe, 0xfd, 0xfb, 0xf8, 0xf6, 0xf2, 0xef, 0xeb, 0xe6, 0xe1,
0xdc, 0xd6, 0xd0, 0xca, 0xc3, 0xbc, 0xb5, 0xae, 0xa6, 0x9f, 0x97, 0x8f, 0x87, 0x7e, 0x76, 0x6e,
0x66, 0x5e, 0x57, 0x4f, 0x48, 0x41, 0x3a, 0x33, 0x2d, 0x27, 0x21, 0x1c, 0x17, 0x13, 0xf, 0xb,
0x8, 0x5, 0x3, 0x1, 0x0, 0xff, 0xff, 0xff, 0x0, 0x1, 0x3, 0x5, 0x8, 0xb, 0xf, 0x13,
0x17, 0x1c, 0x21, 0x27, 0x2d, 0x33, 0x3a, 0x41, 0x48, 0x4f, 0x57, 0x5f, 0x66, 0x6e, 0x76, 0x7e,
0x87, 0x8f, 0x97, 0x9f, 0xa6, 0xae, 0xb5, 0xbc, 0xc3, 0xca, 0xd0, 0xd6, 0xdc, 0xe1, 0xe6, 0xeb,
0xef, 0xf3, 0xf6, 0xf9, 0xfb, 0xfd, 0xfe, 0xff, 0xff, 0xff, 0xfe, 0xfd, 0xfb, 0xf9, 0xf6, 0xf3,
0xf0, 0xec, 0xe7, 0xe2, 0xdd, 0xd8, 0xd2, 0xcb, 0xc5, 0xbe, 0xb7, 0xb0, 0xa8, 0xa0, 0x99, 0x91,
0x89, 0x81, 0x78, 0x70, 0x68, 0x60, 0x58, 0x51, 0x49, 0x42, 0x3b, 0x35, 0x2e, 0x28, 0x23, 0x1d,
0x18, 0x14, 0x10, 0xc, 0x9, 0x6, 0x3, 0x2, 0x0, 0xff, 0xff, 0xff, 0x0, 0x1, 0x3, 0x5,
0x7, 0xa, 0xe, 0x12, 0x16, 0x1b, 0x20, 0x26, 0x2c, 0x32, 0x38, 0x3f, 0x46, 0x4e, 0x55, 0x5d,
0x65, 0x6c, 0x74, 0x7c, 0x85, 0x8d, 0x95, 0x9d, 0xa5, 0xac, 0xb4, 0xbb, 0xc2, 0xc9, 0xcf, 0xd5,
0xdb, 0xe0, 0xe5, 0xea, 0xee, 0xf2, 0xf5, 0xf8, 0xfa, 0xfc, 0xfe, 0xff, 0xff, 0xff, 0xfe, 0xfd,
0xfc, 0xfa, 0xf7, 0xf4, 0xf1, 0xed, 0xe8, 0xe4, 0xde, 0xd9, 0xd3, 0xcd, 0xc6, 0xbf, 0xb8, 0xb1,
0xaa, 0xa2, 0x9a, 0x93, 0x8b, 0x83, 0x7a, 0x72, 0x6a, 0x62, 0x5a, 0x53, 0x4b, 0x44, 0x3d, 0x36,
0x30, 0x2a, 0x24, 0x1e, 0x19, 0x15, 0x10, 0xd, 0x9, 0x6, 0x4, 0x2, 0x1, 0x0, 0xff, 0xff,
0x0, 0x1, 0x2, 0x4, 0x7, 0xa, 0xd, 0x11, 0x15, 0x1a, 0x1f, 0x25, 0x2a, 0x31, 0x37, 0x3e,
0x45, 0x4c, 0x53, 0x5b, 0x63, 0x6b, 0x73, 0x7b, 0x84, 0x8b, 0x93, 0x9b, 0xa3, 0xab, 0xb2, 0xb9,
0xc0, 0xc7, 0xcd, 0xd4, 0xda, 0xdf, 0xe4, 0xe9, 0xed, 0xf1, 0xf4, 0xf7, 0xfa, 0xfc, 0xfd, 0xfe,
0xff, 0xff, 0xfe, 0xfe, 0xfc, 0xfa, 0xf8, 0xf5, 0xf1, 0xee, 0xe9, 0xe5, 0xe0, 0xda, 0xd4, 0xce,
0xc8, 0xc1, 0xba, 0xb3, 0xab, 0xa4, 0x9c, 0x94, 0x8c, 0x84, 0x7b, 0x73, 0x6b, 0x64, 0x5c, 0x54,
0x4d, 0x46, 0x3f, 0x38, 0x31, 0x2b, 0x25, 0x20, 0x1a, 0x16, 0x11, 0xd, 0xa, 0x7, 0x4, 0x2,
0x1, 0x0, 0xff, 0xff, 0xff, 0x0, 0x2, 0x4, 0x6, 0x9, 0xc, 0x10, 0x14, 0x19, 0x1e, 0x23,
0x29, 0x2f, 0x35, 0x3c, 0x43, 0x4a, 0x52, 0x59, 0x61, 0x69, 0x71, 0x79, 0x82, 0x8a, 0x92, 0x99,
0xa1, 0xa9, 0xb0, 0xb8, 0xbf, 0xc6, 0xcc, 0xd2, 0xd8, 0xde, 0xe3, 0xe8, 0xec, 0xf0, 0xf4, 0xf7,
0xf9, 0xfb, 0xfd, 0xfe, 0xff, 0xff, 0xff, 0xfe, 0xfc, 0xfb, 0xf8, 0xf5, 0xf2, 0xee, 0xea, 0xe6,
0xe1, 0xdb, 0xd6, 0xd0, 0xc9, 0xc3, 0xbc, 0xb5, 0xad, 0xa6, 0x9e, 0x96, 0x8e, 0x86, 0x7d, 0x75,
0x6d, 0x65, 0x5e, 0x56, 0x4e, 0x47, 0x40, 0x39, 0x33, 0x2c, 0x26, 0x21, 0x1c, 0x17, 0x12, 0xe,
0xb, 0x8, 0x5, 0x3, 0x1, 0x0, 0xff, 0xff, 0xff, 0x0, 0x1, 0x3, 0x5, 0x8, 0xb, 0xf,
0x13, 0x18, 0x1d, 0x22, 0x28, 0x2e, 0x34, 0x3b, 0x42, 0x49, 0x50, 0x58, 0x5f, 0x67, 0x6f, 0x77,
0x80, 0x88, 0x90, 0x98, 0x9f, 0xa7, 0xaf, 0xb6, 0xbd, 0xc4, 0xcb, 0xd1, 0xd7, 0xdd, 0xe2, 0xe7,
0xeb, 0xef, 0xf3, 0xf6, 0xf9, 0xfb, 0xfd, 0xfe, 0xff, 0xff, 0xff, 0xfe, 0xfd, 0xfb, 0xf9, 0xf6,
0xf3, 0xef, 0xeb, 0xe7, 0xe2, 0xdd, 0xd7, 0xd1, 0xcb, 0xc4, 0xbd, 0xb6, 0xaf, 0xa7, 0xa0, 0x98,
0x90, 0x88, 0x80, 0x77, 0x6f, 0x67, 0x5f, 0x58, 0x50, 0x49, 0x42, 0x3b, 0x34, 0x2e, 0x28, 0x22,
0x1d, 0x18, 0x13, 0xf, 0xc, 0x8, 0x6, 0x3, 0x1, 0x0, 0xff, 0xff, 0xff, 0x0, 0x1, 0x3,
0x5, 0x8, 0xb, 0xe, 0x12, 0x17, 0x1c, 0x21, 0x26, 0x2c, 0x33, 0x39, 0x40, 0x47, 0x4e, 0x56,
0x5d, 0x65, 0x6d, 0x75, 0x7d, 0x86, 0x8e, 0x96, 0x9e, 0xa5, 0xad, 0xb4, 0xbc, 0xc2, 0xc9, 0xcf,
0xd6, 0xdb, 0xe1, 0xe6, 0xea, 0xee, 0xf2, 0xf5, 0xf8, 0xfb, 0xfc, 0xfe, 0xff, 0xff, 0xff, 0xfe,
0xfd, 0xfb, 0xf9, 0xf7, 0xf4, 0xf0, 0xec, 0xe8, 0xe3, 0xde, 0xd8, 0xd2, 0xcc, 0xc6, 0xbf, 0xb8,
0xb1, 0xa9, 0xa1, 0x9a, 0x92, 0x8a, 0x82, 0x79, 0x71, 0x69, 0x61, 0x59, 0x52, 0x4a, 0x43, 0x3c,
0x36, 0x2f, 0x29, 0x23, 0x1e, 0x19, 0x14, 0x10, 0xc, 0x9, 0x6, 0x4, 0x2, 0x0, 0xff, 0xff,
0xff, 0x0, 0x1, 0x2, 0x4, 0x7, 0xa, 0xd, 0x11, 0x16, 0x1a, 0x20, 0x25, 0x2b, 0x31, 0x38,
0x3e, 0x45, 0x4d, 0x54, 0x5c, 0x63, 0x6b, 0x73, 0x7b, 0x84, 0x8c, 0x94, 0x9c, 0xa4, 0xab, 0xb3,
0xba, 0xc1, 0xc8, 0xce, 0xd4, 0xda, 0xdf, 0xe5, 0xe9, 0xed, 0xf1, 0xf5, 0xf8, 0xfa, 0xfc, 0xfd,
0xfe, 0xff, 0xff, 0xfe, 0xfd, 0xfc, 0xfa, 0xf7, 0xf4, 0xf1, 0xed, 0xe9, 0xe4, 0xdf, 0xda, 0xd4,
0xce, 0xc7, 0xc0, 0xb9, 0xb2, 0xab, 0xa3, 0x9b, 0x94, 0x8c, 0x84, 0x7b, 0x73, 0x6b, 0x63, 0x5b,
0x54, 0x4c, 0x45, 0x3e, 0x37, 0x31, 0x2a, 0x25, 0x1f, 0x1a, 0x15, 0x11, 0xd, 0xa, 0x7, 0x4,
0x2, 0x1, 0x0, 0xff, 0xff, 0x0, 0x0, 0x2, 0x4, 0x6, 0x9, 0xd, 0x10, 0x15, 0x19, 0x1e,
0x24, 0x2a, 0x30, 0x36, 0x3d, 0x44, 0x4b, 0x52, 0x5a, 0x62, 0x6a, 0x71, 0x79, 0x82, 0x8a, 0x92,
0x9a, 0xa2, 0xaa, 0xb1, 0xb8, 0xbf, 0xc6, 0xcd, 0xd3, 0xd9, 0xde, 0xe3, 0xe8, 0xed, 0xf0, 0xf4,
0xf7, 0xfa, 0xfc, 0xfd, 0xfe, 0xff, 0xff, 0xff, 0xfe, 0xfc, 0xfa, 0xf8, 0xf5, 0xf2, 0xee, 0xea,
0xe5, 0xe0, 0xdb, 0xd5, 0xcf, 0xc9, 0xc2, 0xbb, 0xb4, 0xac, 0xa5, 0x9d, 0x95, 0x8d, 0x86, 0x7d,
0x75, 0x6d, 0x65, 0x5d, 0x55, 0x4e, 0x47, 0x3f, 0x39, 0x32, 0x2c, 0x26, 0x20, 0x1b, 0x16, 0x12,
0xe, 0xa, 0x7, 0x5, 0x3, 0x1, 0x0, 0xff, 0xff, 0xff, 0x0, 0x2, 0x3, 0x6, 0x8, 0xc,
0xf, 0x14, 0x18, 0x1d, 0x22, 0x28, 0x2e, 0x35, 0x3b, 0x42, 0x49, 0x51, 0x58, 0x60, 0x68, 0x70,
0x78, 0x81, 0x89, 0x91, 0x98, 0xa0, 0xa8, 0xaf, 0xb7, 0xbe, 0xc5, 0xcb, 0xd1, 0xd7, 0xdd, 0xe2,
0xe7, 0xec, 0xf0, 0xf3, 0xf6, 0xf9, 0xfb, 0xfd, 0xfe, 0xff, 0xff, 0xff, 0xfe, 0xfd, 0xfb, 0xf9,
0xf6, 0xf3, 0xef, 0xeb, 0xe6, 0xe1, 0xdc, 0xd6, 0xd0, 0xca, 0xc4, 0xbd, 0xb5, 0xae, 0xa7, 0x9f,
0x97, 0x8f, 0x87, 0x7e, 0x76, 0x6e, 0x66, 0x5f, 0x57, 0x50, 0x48, 0x41, 0x3a, 0x34, 0x2d, 0x27,
0x22, 0x1c, 0x17, 0x13, 0xf, 0xb, 0x8, 0x5, 0x3, 0x1, 0x0, 0xff, 0xff, 0xff, 0x0, 0x1,
0x3, 0x5, 0x8, 0xb, 0xf, 0x13, 0x17, 0x1c, 0x21, 0x27, 0x2d, 0x33, 0x3a, 0x41, 0x48, 0x4f,
0x56, 0x5e, 0x66, 0x6e, 0x76, 0x7e, 0x87, 0x8f, 0x97, 0x9e, 0xa6, 0xae, 0xb5, 0xbc, 0xc3, 0xca,
0xd0, 0xd6, 0xdc, 0xe1, 0xe6, 0xeb, 0xef, 0xf2, 0xf6, 0xf8, 0xfb, 0xfd, 0xfe, 0xff, 0xff, 0xff,
0xfe, 0xfd, 0xfb, 0xf9, 0xf7, 0xf3, 0xf0, 0xec, 0xe7, 0xe3, 0xdd, 0xd8, 0xd2, 0xcc, 0xc5, 0xbe,
0xb7, 0xb0, 0xa8, 0xa1, 0x99, 0x91, 0x89, 0x81, 0x78, 0x70, 0x68, 0x60, 0x59, 0x51, 0x4a, 0x43,
0x3c, 0x35, 0x2f, 0x29, 0x23, 0x1d, 0x18, 0x14, 0x10, 0xc, 0x9, 0x6, 0x4, 0x2, 0x0, 0xff,
0xff, 0xff, 0x0, 0x1, 0x2, 0x5, 0x7, 0xa, 0xe, 0x12, 0x16, 0x1b, 0x20, 0x26, 0x2b, 0x32,
0x38, 0x3f, 0x46, 0x4d, 0x55, 0x5c, 0x64, 0x6c, 0x74, 0x7c, 0x85, 0x8d, 0x95, 0x9d, 0xa4, 0xac,
0xb3, 0xbb, 0xc2, 0xc8, 0xcf, 0xd5, 0xdb, 0xe0, 0xe5, 0xea, 0xee, 0xf2, 0xf5, 0xf8, 0xfa, 0xfc,
0xfe, 0xff, 0xff, 0xff, 0xfe, 0xfd, 0xfc, 0xfa, 0xf7, 0xf4, 0xf1, 0xed, 0xe8, 0xe4, 0xdf, 0xd9,
0xd3, 0xcd, 0xc7, 0xc0, 0xb9, 0xb2, 0xaa, 0xa2, 0x9b, 0x93, 0x8b, 0x83, 0x7a, 0x72, 0x6a, 0x62,
0x5a, 0x53, 0x4b, 0x44, 0x3d, 0x37, 0x30, 0x2a, 0x24, 0x1f, 0x1a, 0x15, 0x11, 0xd, 0x9, 0x6,
0x4, 0x2, 0x1, 0x0, 0xff, 0xff, 0x0, 0x1, 0x2, 0x4, 0x7, 0x9, 0xd, 0x11, 0x15, 0x1a,
0x1f, 0x24, 0x2a, 0x30, 0x37, 0x3d, 0x44, 0x4c, 0x53, 0x5b, 0x62, 0x6a, 0x72, 0x7a, 0x83, 0x8b,
0x93, 0x9b, 0xa3, 0xaa, 0xb2, 0xb9, 0xc0, 0xc7, 0xcd, 0xd3, 0xd9, 0xdf, 0xe4, 0xe9, 0xed, 0xf1,
0xf4, 0xf7, 0xfa, 0xfc, 0xfd, 0xfe, 0xff, 0xff, 0xff, 0xfe, 0xfc, 0xfa, 0xf8, 0xf5, 0xf2, 0xee,
0xea, 0xe5, 0xe0, 0xda, 0xd5, 0xcf, 0xc8, 0xc1, 0xba, 0xb3, 0xac, 0xa4, 0x9c, 0x95, 0x8d, 0x85,
0x7c, 0x74, 0x6c, 0x64, 0x5c, 0x55, 0x4d, 0x46, 0x3f, 0x38, 0x32, 0x2b, 0x25, 0x20, 0x1b, 0x16,
0x12, 0xe, 0xa, 0x7, 0x5, 0x2, 0x1, 0x0, 0xff, 0xff, 0xff, 0x0, 0x2, 0x4, 0x6, 0x9,
0xc, 0x10, 0x14, 0x19, 0x1e, 0x23, 0x29, 0x2f, 0x35, 0x3c, 0x43, 0x4a, 0x51, 0x59, 0x61, 0x68,
0x70, 0x78, 0x81, 0x89, 0x91, 0x99, 0xa1, 0xa9, 0xb0, 0xb7, 0xbe, 0xc5, 0xcc, 0xd2, 0xd8, 0xde,
0xe3, 0xe8, 0xec, 0xf0, 0xf4, 0xf7, 0xf9, 0xfb, 0xfd, 0xfe, 0xff, 0xff, 0xff, 0xfe, 0xfc, 0xfb,
0xf8, 0xf6, 0xf2, 0xef, 0xeb, 0xe6, 0xe1, 0xdc, 0xd6, 0xd0, 0xca, 0xc3, 0xbc, 0xb5, 0xad, 0xa6,
0x9e, 0x96, 0x8f, 0x87, 0x7e, 0x76, 0x6e, 0x66, 0x5e, 0x56, 0x4f, 0x48, 0x40, 0x3a, 0x33, 0x2d,
0x27, 0x21, 0x1c, 0x17, 0x13, 0xe, 0xb, 0x8, 0x5, 0x3, 0x1, 0x0, 0xff, 0xff, 0xff, 0x0,
0x1, 0x3, 0x5, 0x8, 0xb, 0xf, 0x13, 0x18, 0x1c, 0x22, 0x27, 0x2d, 0x34, 0x3a, 0x41, 0x48,
0x50, 0x57, 0x5f, 0x67, 0x6f, 0x77, 0x7e, 0x88, 0x8f, 0x97, 0x9f, 0xa7, 0xae, 0xb6, 0xbd, 0xc4,
0xca, 0xd1, 0xd7, 0xdc, 0xe2, 0xe6, 0xeb, 0xef, 0xf3, 0xf6, 0xf9, 0xfb, 0xfd, 0xfe, 0xff, 0xff,
0xff, 0xfe, 0xfd, 0xfb, 0xf9, 0xf6, 0xf3, 0xf0, 0xeb, 0xe7, 0xe2, 0xdd, 0xd7, 0xd1, 0xcb, 0xc4,
0xbe, 0xb7, 0xaf, 0xa8, 0xa0, 0x98, 0x90, 0x88, 0x80, 0x77, 0x6f, 0x68, 0x60, 0x58, 0x51, 0x49,
0x42, 0x3b, 0x34, 0x2e, 0x28, 0x22, 0x1d, 0x18, 0x14, 0xf, 0xc, 0x8, 0x6, 0x3, 0x2, 0x0,
0xff, 0xff, 0xff, 0x0, 0x1, 0x3, 0x5, 0x7, 0xb, 0xe, 0x12, 0x16, 0x1b, 0x20, 0x26, 0x2c,
0x32, 0x39, 0x40, 0x47, 0x4e, 0x55, 0x5d, 0x65, 0x6d, 0x75, 0x7d, 0x86, 0x8e, 0x96, 0x9d, 0xa5,
0xad, 0xb4, 0xbb, 0xc2, 0xc9, 0xcf, 0xd5, 0xdb, 0xe0, 0xe5, 0xea, 0xee, 0xf2, 0xf5, 0xf8, 0xfa,
0xfc, 0xfe, 0xff, 0xff, 0xff, 0xfe, 0xfd, 0xfc, 0xf9, 0xf7, 0xf4, 0xf0, 0xec, 0xe8, 0xe3, 0xde,
0xd9, 0xd3, 0xcc, 0xc6, 0xbf, 0xb8, 0xb1, 0xa9, 0xa2, 0x9a, 0x92, 0x8a, 0x82, 0x79, 0x71, 0x69,
0x61, 0x5a, 0x52, 0x4b, 0x44, 0x3d, 0x36, 0x2f, 0x29, 0x24, 0x1e, 0x19, 0x14, 0x10, 0xc, 0x9,
0x6, 0x4, 0x2, 0x0, 0xff, 0xff, 0xff, 0x0, 0x1, 0x2, 0x4, 0x7, 0xa, 0xd, 0x11, 0x15,
0x1a, 0x1f, 0x25, 0x2b, 0x31, 0x37, 0x3e, 0x45, 0x4c, 0x54, 0x5b, 0x63, 0x6b, 0x73, 0x7b, 0x84,
0x8c, 0x94, 0x9c, 0xa3, 0xab, 0xb2, 0xba, 0xc1, 0xc7, 0xce, 0xd4, 0xda, 0xdf, 0xe4, 0xe9, 0xed,
0xf1, 0xf5, 0xf7, 0xfa, 0xfc, 0xfd, 0xfe, 0xff, 0xff, 0xfe, 0xfd, 0xfc, 0xfa, 0xf8, 0xf5, 0xf1,
0xed, 0xe9, 0xe4, 0xdf, 0xda, 0xd4, 0xce, 0xc7, 0xc1, 0xba, 0xb3, 0xab, 0xa4, 0x9c, 0x94, 0x8c,
0x84, 0x7b, 0x73, 0x6b, 0x63, 0x5c, 0x54, 0x4c, 0x45, 0x3e, 0x37, 0x31, 0x2b, 0x25, 0x1f, 0x1a,
0x16, 0x11, 0xd, 0xa, 0x7, 0x4, 0x2, 0x1, 0x0, 0xff, 0xff, 0xff, 0x0, 0x2, 0x4, 0x6,
0x9, 0xc, 0x10, 0x14, 0x19, 0x1e, 0x23, 0x29, 0x2f, 0x36, 0x3c, 0x43, 0x4b, 0x52, 0x5a, 0x61,
0x69, 0x71, 0x79, 0x82, 0x8a, 0x92, 0x9a, 0xa2, 0xa9, 0xb1, 0xb8, 0xbf, 0xc6, 0xcc, 0xd3, 0xd8,
0xde, 0xe3, 0xe8, 0xec, 0xf0, 0xf4, 0xf7, 0xf9, 0xfc, 0xfd, 0xfe, 0xff, 0xff, 0xff, 0xfe, 0xfc,
0xfa, 0xf8, 0xf5, 0xf2, 0xee, 0xea, 0xe6, 0xe1, 0xdb, 0xd5, 0xcf, 0xc9, 0xc2, 0xbb, 0xb4, 0xad,
0xa5, 0x9e, 0x96, 0x8e, 0x86, 0x7d, 0x75, 0x6d, 0x65, 0x5d, 0x56, 0x4e, 0x47, 0x40, 0x39, 0x32,
0x2c, 0x26, 0x21, 0x1b, 0x17, 0x12, 0xe, 0xb, 0x7, 0x5, 0x3, 0x1, 0x0, 0xff, 0xff, 0xff,
0x0, 0x1, 0x3, 0x6, 0x8, 0xc, 0xf, 0x13, 0x18, 0x1d, 0x22, 0x28, 0x2e, 0x34, 0x3b, 0x42,
0x49, 0x50, 0x58, 0x60, 0x67, 0x6f, 0x77, 0x80, 0x88, 0x90, 0x98, 0xa0, 0xa8, 0xaf, 0xb6, 0xbd,
0xc4, 0xcb, 0xd1, 0xd7, 0xdd, 0xe2, 0xe7, 0xeb, 0xef, 0xf3, 0xf6, 0xf9, 0xfb, 0xfd, 0xfe, 0xff,
0xff, 0xff, 0xfe, 0xfd, 0xfb, 0xf9, 0xf6, 0xf3, 0xef, 0xeb, 0xe7, 0xe2, 0xdc, 0xd7, 0xd1, 0xca,
0xc4, 0xbd, 0xb6, 0xae, 0xa7, 0x9f, 0x98, 0x90, 0x88, 0x80, 0x77, 0x6f, 0x67, 0x5f, 0x57, 0x50,
0x49, 0x41, 0x3a, 0x34, 0x2e, 0x28, 0x22, 0x1d, 0x18, 0x13, 0xf, 0xb, 0x8, 0x5, 0x3, 0x1,
0x0, 0xff, 0xff, 0xff, 0x0, 0x1, 0x3, 0x5, 0x8, 0xb, 0xe, 0x12, 0x17, 0x1c, 0x21, 0x27,
0x2d, 0x33, 0x39, 0x40, 0x47, 0x4f, 0x56, 0x5e, 0x66, 0x6d, 0x75, 0x7d, 0x86, 0x8e, 0x96, 0x9e,
0xa6, 0xad, 0xb5, 0xbc, 0xc3, 0xc9, 0xd0, 0xd6, 0xdc, 0xe1, 0xe6, 0xea, 0xef, 0xf2, 0xf6, 0xf8,
0xfb, 0xfc, 0xfe, 0xff, 0xff, 0xff, 0xfe, 0xfd, 0xfb, 0xf9, 0xf7, 0xf4, 0xf0, 0xec, 0xe8, 0xe3,
0xde, 0xd8, 0xd2, 0xcc, 0xc5, 0xbf, 0xb7, 0xb0, 0xa9, 0xa1, 0x99, 0x91, 0x89, 0x81, 0x79, 0x71,
0x69, 0x61, 0x59, 0x52, 0x4a, 0x43, 0x3c, 0x35, 0x2f, 0x29, 0x23, 0x1e, 0x19, 0x14, 0x10, 0xc,
0x9, 0x6, 0x4, 0x2, 0x0, 0xff, 0xff, 0xff, 0x0, 0x1, 0x2, 0x4, 0x7, 0xa, 0xe, 0x11,
0x16, 0x1b, 0x20, 0x25, 0x2b, 0x31, 0x38, 0x3f, 0x46, 0x4d, 0x54, 0x5c, 0x64, 0x6c, 0x74, 0x7c,
0x85, 0x8d, 0x94, 0x9c, 0xa4, 0xac, 0xb3, 0xba, 0xc1, 0xc8, 0xce, 0xd4, 0xda, 0xe0, 0xe5, 0xe9,
0xee, 0xf1, 0xf5, 0xf8, 0xfa, 0xfc, 0xfe, 0xfe, 0xff, 0xff, 0xfe, 0xfd, 0xfc, 0xfa, 0xf7, 0xf4,
0xf1, 0xed, 0xe9, 0xe4, 0xdf, 0xd9, 0xd4, 0xcd, 0xc7, 0xc0, 0xb9, 0xb2, 0xaa, 0xa3, 0x9b, 0x93,
0x8b, 0x83, 0x7a, 0x72, 0x6a, 0x63, 0x5b, 0x53, 0x4c, 0x45, 0x3e, 0x37, 0x30, 0x2a, 0x24, 0x1f,
0x1a, 0x15, 0x11, 0xd, 0xa, 0x7, 0x4, 0x2, 0x1, 0x0, 0xff, 0xff, 0x0, 0x1, 0x2, 0x4,
0x6, 0x9, 0xd, 0x11, 0x15, 0x19, 0x1f, 0x24, 0x2a, 0x30, 0x36, 0x3d, 0x44, 0x4b, 0x53, 0x5a,
0x62, 0x6a, 0x72, 0x7a, 0x83, 0x8b, 0x93, 0x9b, 0xa2, 0xaa, 0xb1, 0xb9, 0xc0, 0xc6, 0xcd, 0xd3,
0xd9, 0xde, 0xe4, 0xe8, 0xed, 0xf1, 0xf4, 0xf7, 0xfa, 0xfc, 0xfd, 0xfe, 0xff, 0xff, 0xff, 0xfe,
0xfc, 0xfa, 0xf8, 0xf5, 0xf2, 0xee, 0xea, 0xe5, 0xe0, 0xdb, 0xd5, 0xcf, 0xc8, 0xc2, 0xbb, 0xb4,
0xac, 0xa5, 0x9d, 0x95, 0x8d, 0x85, 0x7c, 0x74, 0x6c, 0x64, 0x5d, 0x55, 0x4d, 0x46, 0x3f, 0x38,
0x32, 0x2c, 0x26, 0x20, 0x1b, 0x16, 0x12, 0xe, 0xa, 0x7, 0x5, 0x3, 0x1, 0x0, 0xff, 0xff,
0xff, 0x0, 0x2, 0x3, 0x6, 0x9, 0xc, 0x10, 0x14, 0x18, 0x1d, 0x23, 0x28, 0x2f, 0x35, 0x3c,
0x42, 0x4a, 0x51, 0x59, 0x60, 0x68, 0x70, 0x78, 0x81, 0x89, 0x91, 0x99, 0xa1, 0xa8, 0xb0, 0xb7,
0xbe, 0xc5, 0xcb, 0xd2, 0xd8, 0xdd, 0xe2, 0xe7, 0xec, 0xf0, 0xf3, 0xf6, 0xf9, 0xfb, 0xfd, 0xfe,
0xff, 0xff, 0xff, 0xfe, 0xfd, 0xfb, 0xf8, 0xf6, 0xf2, 0xef, 0xeb, 0xe6, 0xe1, 0xdc, 0xd6, 0xd0,
0xca, 0xc3, 0xbc, 0xb5, 0xae, 0xa6, 0x9f, 0x97, 0x8f, 0x87, 0x7e, 0x76, 0x6e, 0x66, 0x5e, 0x57,
0x4f, 0x48, 0x41, 0x3a, 0x33, 0x2d, 0x27, 0x21, 0x1c, 0x17, 0x13, 0xf, 0xb, 0x8, 0x5, 0x3,
0x1, 0x0, 0xff, 0xff, 0xff, 0x0, 0x1, 0x3, 0x5, 0x8, 0xb, 0xf, 0x13, 0x17, 0x1c, 0x21,
0x27, 0x2d, 0x33, 0x3a, 0x41, 0x48, 0x4f, 0x57, 0x5f, 0x66, 0x6e, 0x76, 0x7e, 0x87, 0x8f, 0x97,
0x9f, 0xa6, 0xae, 0xb5, 0xbc, 0xc3, 0xca, 0xd0, 0xd6, 0xdc, 0xe1, 0xe6, 0xeb, 0xef, 0xf3, 0xf6,
0xf9, 0xfb, 0xfd, 0xfe, 0xff, 0xff, 0xff, 0xfe, 0xfd, 0xfb, 0xf9, 0xf6, 0xf3, 0xf0, 0xec, 0xe7,
0xe2, 0xdd, 0xd8, 0xd2, 0xcb, 0xc5, 0xbe, 0xb7, 0xb0, 0xa8, 0xa0, 0x99, 0x91, 0x89, 0x81, 0x78,
0x70, 0x68, 0x60, 0x58, 0x51, 0x49, 0x42, 0x3b, 0x35, 0x2e, 0x28, 0x23, 0x1d, 0x18, 0x14, 0x10,
0xc, 0x9, 0x6, 0x3, 0x2, 0x0, 0xff, 0xff, 0xff, 0x0, 0x1, 0x3, 0x5, 0x7, 0xa, 0xe,
0x12, 0x16, 0x1b, 0x20, 0x26, 0x2c, 0x32, 0x38, 0x3f, 0x46, 0x4e, 0x55, 0x5d, 0x65, 0x6c, 0x74,
0x7c, 0x85, 0x8d, 0x95, 0x9d, 0xa5, 0xac, 0xb4, 0xbb, 0xc2, 0xc9, 0xcf, 0xd5, 0xdb, 0xe0, 0xe5,
0xea, 0xee, 0xf2, 0xf5, 0xf8, 0xfa, 0xfc, 0xfe, 0xff, 0xff, 0xff, 0xfe, 0xfd, 0xfc, 0xfa, 0xf7,
0xf4, 0xf1, 0xed, 0xe8, 0xe4, 0xde, 0xd9, 0xd3, 0xcd, 0xc6, 0xbf, 0xb8, 0xb1, 0xaa, 0xa2, 0x9a,
0x93, 0x8b, 0x83, 0x7a, 0x72, 0x6a, 0x62, 0x5a, 0x53, 0x4b, 0x44, 0x3d, 0x36, 0x30, 0x2a, 0x24,
0x1e, 0x19, 0x15, 0x10, 0xd, 0x9, 0x6, 0x4, 0x2, 0x1, 0x0, 0xff, 0xff, 0x0, 0x1, 0x2,
0x4, 0x7, 0xa, 0xd, 0x11, 0x15, 0x1a, 0x1f, 0x25, 0x2a, 0x31, 0x37, 0x3e, 0x45, 0x4c, 0x53,
0x5b, 0x63, 0x6b, 0x73, 0x7b, 0x83, 0x8b, 0x93, 0x9b, 0xa3, 0xab, 0xb2, 0xb9, 0xc0, 0xc7, 0xce,
0xd4, 0xda, 0xdf, 0xe4, 0xe9, 0xed, 0xf1, 0xf4, 0xf7, 0xfa, 0xfc, 0xfd, 0xfe, 0xff, 0xff, 0xfe,
0xfe, 0xfc, 0xfa, 0xf8, 0xf5, 0xf1, 0xee, 0xe9, 0xe5, 0xe0, 0xda, 0xd4, 0xce, 0xc8, 0xc1, 0xba,
0xb3, 0xab, 0xa4, 0x9c, 0x94, 0x8c, 0x84, 0x7b, 0x73, 0x6b, 0x64, 0x5c, 0x54, 0x4d, 0x46, 0x3f,
0x38, 0x31, 0x2b, 0x25, 0x20, 0x1a, 0x16, 0x11, 0xd, 0xa, 0x7, 0x4, 0x2, 0x1, 0x0, 0xff,
0xff, 0xff, 0x0, 0x2, 0x4, 0x6, 0x9, 0xc, 0x10, 0x14, 0x19, 0x1e, 0x23, 0x29, 0x2f, 0x35,
0x3c, 0x43, 0x4a, 0x52, 0x59, 0x61, 0x69, 0x71, 0x79, 0x82, 0x8a, 0x92, 0x99, 0xa1, 0xa9, 0xb0,
0xb8, 0xbf, 0xc6, 0xcc, 0xd2, 0xd8, 0xde, 0xe3, 0xe8, 0xec, 0xf0, 0xf4, 0xf7, 0xf9, 0xfb, 0xfd,
0xfe, 0xff, 0xff, 0xff, 0xfe, 0xfc, 0xfb, 0xf8, 0xf5, 0xf2, 0xee, 0xea, 0xe6, 0xe1, 0xdb, 0xd6,
0xd0, 0xc9, 0xc3, 0xbc, 0xb5, 0xad, 0xa6, 0x9e, 0x96, 0x8e, 0x86, 0x7d, 0x75, 0x6d, 0x65, 0x5e,
0x56, 0x4f, 0x47, 0x40, 0x39, 0x33, 0x2c, 0x26, 0x21, 0x1c, 0x17, 0x12, 0xe, 0xb, 0x8, 0x5,
0x3, 0x1, 0x0, 0xff, 0xff, 0xff, 0x0, 0x1, 0x3, 0x5, 0x8, 0xb, 0xf, 0x13, 0x18, 0x1d,
0x22, 0x28, 0x2e, 0x34, 0x3b, 0x42, 0x49, 0x50, 0x58, 0x5f, 0x67, 0x6f, 0x77, 0x80, 0x88, 0x90,
0x98, 0x9f, 0xa7, 0xaf, 0xb6, 0xbd, 0xc4, 0xcb, 0xd1, 0xd7, 0xdd, 0xe2, 0xe7, 0xeb, 0xef, 0xf3,
0xf6, 0xf9, 0xfb, 0xfd, 0xfe, 0xff, 0xff, 0xff, 0xfe, 0xfd, 0xfb, 0xf9, 0xf6, 0xf3, 0xef, 0xeb,
0xe7, 0xe2, 0xdd, 0xd7, 0xd1, 0xcb, 0xc4, 0xbd, 0xb6, 0xaf, 0xa7, 0xa0, 0x98, 0x90, 0x88, 0x80,
0x77, 0x6f, 0x67, 0x5f, 0x58, 0x50, 0x49, 0x42, 0x3b, 0x34, 0x2e, 0x28, 0x22, 0x1d, 0x18, 0x13,
0xf, 0xc, 0x8, 0x6, 0x3, 0x1, 0x0, 0xff, 0xff, 0xff, 0x0, 0x1, 0x3, 0x5, 0x8, 0xb,
0xe, 0x12, 0x17, 0x1c, 0x21, 0x26, 0x2c, 0x33, 0x39, 0x40, 0x47, 0x4e, 0x56, 0x5d, 0x65, 0x6d,
0x75, 0x7d, 0x86, 0x8e, 0x96, 0x9e, 0xa5, 0xad, 0xb4, 0xbc, 0xc2, 0xc9, 0xcf, 0xd6, 0xdb, 0xe1,
0xe6, 0xea, 0xee, 0xf2, 0xf5, 0xf8, 0xfb, 0xfc, 0xfe, 0xff, 0xff, 0xff, 0xfe, 0xfd, 0xfb, 0xf9,
0xf7, 0xf4, 0xf0, 0xec, 0xe8, 0xe3, 0xde, 0xd8, 0xd2, 0xcc, 0xc6, 0xbf, 0xb8, 0xb1, 0xa9, 0xa1,
0x9a, 0x92, 0x8a, 0x82, 0x79, 0x71, 0x69, 0x61, 0x59, 0x52, 0x4a, 0x43, 0x3c, 0x36, 0x2f, 0x29,
0x23, 0x1e, 0x19, 0x14, 0x10, 0xc, 0x9, 0x6, 0x4, 0x2, 0x0, 0xff, 0xff, 0xff, 0x0, 0x1,
0x2, 0x4, 0x7, 0xa, 0xd, 0x11, 0x16, 0x1a, 0x20, 0x25, 0x2b, 0x31, 0x38, 0x3e, 0x45, 0x4d,
0x54, 0x5c, 0x63, 0x6b, 0x73, 0x7b, 0x84, 0x8c, 0x94, 0x9c, 0xa4, 0xab, 0xb3, 0xba, 0xc1, 0xc8,
0xce, 0xd4, 0xda, 0xdf, 0xe5, 0xe9, 0xed, 0xf1, 0xf5, 0xf8, 0xfa, 0xfc, 0xfd, 0xfe, 0xff, 0xff,
0xfe, 0xfd, 0xfc, 0xfa, 0xf7, 0xf4, 0xf1, 0xed, 0xe9, 0xe4, 0xdf, 0xda, 0xd4, 0xce, 0xc7, 0xc0,
0xb9, 0xb2, 0xab, 0xa3, 0x9b, 0x94, 0x8c, 0x84, 0x7b, 0x73, 0x6b, 0x63, 0x5b, 0x54, 0x4c, 0x45,
0x3e, 0x37, 0x31, 0x2a, 0x25, 0x1f, 0x1a, 0x15, 0x11, 0xd, 0xa, 0x7, 0x4, 0x2, 0x1, 0x0,
0xff, 0xff, 0x0, 0x0, 0x2, 0x4, 0x6, 0x9, 0xd, 0x10, 0x15, 0x19, 0x1e, 0x24, 0x2a, 0x30,
0x36, 0x3d, 0x44, 0x4b, 0x52, 0x5a, 0x62, 0x6a, 0x71, 0x79, 0x82, 0x8a, 0x92, 0x9a, 0xa2, 0xaa,
0xb1, 0xb8, 0xbf, 0xc6, 0xcd, 0xd3, 0xd9, 0xde, 0xe3, 0xe8, 0xed, 0xf0, 0xf4, 0xf7, 0xfa, 0xfc,
0xfd, 0xfe, 0xff, 0xff, 0xff, 0xfe, 0xfc, 0xfa, 0xf8, 0xf5, 0xf2, 0xee, 0xea, 0xe5, 0xe0, 0xdb,
0xd5, 0xcf, 0xc9, 0xc2, 0xbb, 0xb4, 0xac, 0xa5, 0x9d, 0x95, 0x8d, 0x85, 0x7d, 0x75, 0x6d, 0x65,
0x5d, 0x55, 0x4e, 0x47, 0x3f, 0x39, 0x32, 0x2c, 0x26, 0x20, 0x1b, 0x16, 0x12, 0xe, 0xa, 0x7,
0x5, 0x3, 0x1, 0x0, 0xff, 0xff, 0xff, 0x0, 0x2, 0x3, 0x6, 0x8, 0xc, 0xf, 0x14, 0x18,
0x1d, 0x22, 0x28, 0x2e, 0x35, 0x3b, 0x42, 0x49, 0x51, 0x58, 0x60, 0x68, 0x70, 0x78, 0x81, 0x89,
0x91, 0x98, 0xa0, 0xa8, 0xaf, 0xb7, 0xbe, 0xc5, 0xcb, 0xd1, 0xd7, 0xdd, 0xe2, 0xe7, 0xec, 0xf0,
0xf3, 0xf6, 0xf9, 0xfb, 0xfd, 0xfe, 0xff, 0xff, 0xff, 0xfe, 0xfd, 0xfb, 0xf9, 0xf6, 0xf3, 0xef,
0xeb, 0xe6, 0xe1, 0xdc, 0xd6, 0xd0, 0xca, 0xc4, 0xbd, 0xb6, 0xae, 0xa7, 0x9f, 0x97, 0x8f, 0x87,
0x7e, 0x76, 0x6e, 0x66, 0x5f, 0x57, 0x50, 0x48, 0x41, 0x3a, 0x34, 0x2d, 0x27, 0x22, 0x1c, 0x17,
0x13, 0xf, 0xb, 0x8, 0x5, 0x3, 0x1, 0x0, 0xff, 0xff, 0xff, 0x0, 0x1, 0x3, 0x5, 0x8,
0xb, 0xf, 0x13, 0x17, 0x1c, 0x21, 0x27, 0x2d, 0x33, 0x3a, 0x41, 0x48, 0x4f, 0x57, 0x5e, 0x66,
0x6e, 0x76, 0x7e, 0x87, 0x8f, 0x97, 0x9e, 0xa6, 0xae, 0xb5, 0xbc, 0xc3, 0xca, 0xd0, 0xd6, 0xdc,
0xe1, 0xe6, 0xeb, 0xef, 0xf2, 0xf6, 0xf8, 0xfb, 0xfd, 0xfe, 0xff, 0xff, 0xff, 0xfe, 0xfd, 0xfb,
0xf9, 0xf7, 0xf3, 0xf0, 0xec, 0xe7, 0xe3, 0xdd, 0xd8, 0xd2, 0xcc, 0xc5, 0xbe, 0xb7, 0xb0, 0xa8,
0xa1, 0x99, 0x91, 0x89, 0x81, 0x78, 0x70, 0x68, 0x60, 0x59, 0x51, 0x4a, 0x43, 0x3c, 0x35, 0x2f,
0x29, 0x23, 0x1d, 0x18, 0x14, 0x10, 0xc, 0x9, 0x6, 0x4, 0x2, 0x0, 0xff, 0xff, 0xff, 0x0,
0x1, 0x2, 0x5, 0x7, 0xa, 0xe, 0x12, 0x16, 0x1b, 0x20, 0x26, 0x2b, 0x32, 0x38, 0x3f, 0x46,
0x4d, 0x55, 0x5c, 0x64, 0x6c, 0x74, 0x7c, 0x85, 0x8d, 0x95, 0x9d, 0xa4, 0xac, 0xb3, 0xbb, 0xc2,
0xc8, 0xcf, 0xd5, 0xdb, 0xe0, 0xe5, 0xea, 0xee, 0xf2, 0xf5, 0xf8, 0xfa, 0xfc, 0xfe, 0xff, 0xff,
0xff, 0xfe, 0xfd, 0xfc, 0xfa, 0xf7, 0xf4, 0xf1, 0xed, 0xe8, 0xe4, 0xdf, 0xd9, 0xd3, 0xcd, 0xc7,
0xc0, 0xb9, 0xb2, 0xaa, 0xa2, 0x9b, 0x93, 0x8b, 0x83, 0x7a, 0x72, 0x6a, 0x62, 0x5a, 0x53, 0x4b,
0x44, 0x3d, 0x37, 0x30, 0x2a, 0x24, 0x1f, 0x1a, 0x15, 0x11, 0xd, 0x9, 0x6, 0x4, 0x2, 0x1,
0x0, 0xff, 0xff, 0x0, 0x1, 0x2, 0x4, 0x7, 0x9, 0xd, 0x11, 0x15, 0x1a, 0x1f, 0x24, 0x2a,
0x30, 0x37, 0x3d, 0x44, 0x4c, 0x53, 0x5b, 0x62, 0x6a, 0x72, 0x7a, 0x83, 0x8b, 0x93, 0x9b, 0xa3,
0xaa, 0xb2, 0xb9, 0xc0, 0xc7, 0xcd, 0xd3, 0xd9, 0xdf, 0xe4, 0xe9, 0xed, 0xf1, 0xf4, 0xf7, 0xfa,
0xfc, 0xfd, 0xfe, 0xff, 0xff, 0xff, 0xfe, 0xfc, 0xfa, 0xf8, 0xf5, 0xf2, 0xee, 0xea, 0xe5, 0xe0,
0xda, 0xd5, 0xce, 0xc8, 0xc1, 0xba, 0xb3, 0xac, 0xa4, 0x9c, 0x95, 0x8d, 0x85, 0x7c, 0x74, 0x6c,
0x64, 0x5c, 0x55, 0x4d, 0x46, 0x3f, 0x38, 0x32, 0x2b, 0x25, 0x20, 0x1b, 0x16, 0x12, 0xe, 0xa,
0x7, 0x5, 0x2, 0x1, 0x0, 0xff, 0xff, 0xff, 0x0, 0x2, 0x4, 0x6, 0x9, 0xc, 0x10, 0x14,
0x19, 0x1e, 0x23, 0x29, 0x2f, 0x35, 0x3c, 0x43, 0x4a, 0x51, 0x59, 0x61, 0x68, 0x70, 0x78, 0x81,
0x89, 0x91, 0x99, 0xa1, 0xa9, 0xb0, 0xb7, 0xbe, 0xc5, 0xcc, 0xd2, 0xd8, 0xde, 0xe3, 0xe8, 0xec,
0xf0, 0xf4, 0xf7, 0xf9, 0xfb, 0xfd, 0xfe, 0xff, 0xff, 0xff, 0xfe, 0xfc, 0xfb, 0xf8, 0xf6, 0xf2,
0xef, 0xeb, 0xe6, 0xe1, 0xdc, 0xd6, 0xd0, 0xca, 0xc3, 0xbc, 0xb5, 0xad, 0xa6, 0x9e, 0x96, 0x8f,
0x87, 0x7e, 0x76, 0x6e, 0x66, 0x5e, 0x56, 0x4f, 0x48, 0x40, 0x3a, 0x33, 0x2d, 0x27, 0x21, 0x1c,
0x17, 0x13, 0xf, 0xb, 0x8, 0x5, 0x3, 0x1, 0x0, 0xff, 0xff, 0xff, 0x0, 0x1, 0x3, 0x5,
0x8, 0xb, 0xf, 0x13, 0x18, 0x1c, 0x22, 0x27, 0x2d, 0x34, 0x3a, 0x41, 0x48, 0x50, 0x57, 0x5f,
0x67, 0x6f, 0x77, 0x80, 0x87, 0x8f, 0x97, 0x9f, 0xa7, 0xae, 0xb6, 0xbd, 0xc4, 0xca, 0xd1, 0xd7,
0xdc, 0xe2, 0xe6, 0xeb, 0xef, 0xf3, 0xf6, 0xf9, 0xfb, 0xfd, 0xfe, 0xff, 0xff, 0xff, 0xfe, 0xfd,
0xfb, 0xf9, 0xf6, 0xf3, 0xf0, 0xeb, 0xe7, 0xe2, 0xdd, 0xd7, 0xd1, 0xcb, 0xc4, 0xbe, 0xb6, 0xaf,
0xa8, 0xa0, 0x98, 0x90, 0x88, 0x80, 0x77, 0x6f, 0x68, 0x60, 0x58, 0x51, 0x49, 0x42, 0x3b, 0x34,
0x2e, 0x28, 0x22, 0x1d, 0x18, 0x13, 0xf, 0xc, 0x8, 0x6, 0x3, 0x2, 0x0, 0xff, 0xff, 0xff,
0x0, 0x1, 0x3, 0x5, 0x7, 0xb, 0xe, 0x12, 0x16, 0x1b, 0x20, 0x26, 0x2c, 0x32, 0x39, 0x40,
0x47, 0x4e, 0x55, 0x5d, 0x65, 0x6d, 0x75, 0x7d, 0x86, 0x8e, 0x96, 0x9d, 0xa5, 0xad, 0xb4, 0xbb,
0xc2, 0xc9, 0xcf, 0xd5, 0xdb, 0xe0, 0xe5, 0xea, 0xee, 0xf2, 0xf5, 0xf8, 0xfa, 0xfc, 0xfe, 0xff,
0xff, 0xff, 0xfe, 0xfd, 0xfc, 0xf9, 0xf7, 0xf4, 0xf0, 0xec, 0xe8, 0xe3, 0xde, 0xd9, 0xd3, 0xcc,
0xc6, 0xbf, 0xb8, 0xb1, 0xa9, 0xa2, 0x9a, 0x92, 0x8a, 0x82, 0x79, 0x71, 0x69, 0x62, 0x5a, 0x52,
0x4b, 0x44, 0x3d, 0x36, 0x30, 0x29, 0x24, 0x1e, 0x19, 0x15, 0x10, 0xc, 0x9, 0x6, 0x4, 0x2,
0x0, 0xff, 0xff, 0xff, 0x0, 0x1, 0x2, 0x4, 0x7, 0xa, 0xd, 0x11, 0x15, 0x1a, 0x1f, 0x25,
0x2b, 0x31, 0x37, 0x3e, 0x45, 0x4c, 0x54, 0x5b, 0x63, 0x6b, 0x73, 0x7b, 0x84, 0x8c, 0x94, 0x9c,
0xa3, 0xab, 0xb2, 0xba, 0xc1, 0xc7, 0xce, 0xd4, 0xda, 0xdf, 0xe4, 0xe9, 0xed, 0xf1, 0xf5, 0xf7,
0xfa, 0xfc, 0xfd, 0xfe, 0xff, 0xff, 0xfe, 0xfd, 0xfc, 0xfa, 0xf8, 0xf5, 0xf1, 0xed, 0xe9, 0xe4,
0xdf, 0xda, 0xd4, 0xce, 0xc7, 0xc1, 0xba, 0xb3, 0xab, 0xa4, 0x9c, 0x94, 0x8c, 0x84, 0x7b, 0x73,
0x6b, 0x63, 0x5c, 0x54, 0x4c, 0x45, 0x3e, 0x37, 0x31, 0x2b, 0x25, 0x1f, 0x1a, 0x16, 0x11, 0xd,
0xa, 0x7, 0x4, 0x2, 0x1, 0x0, 0xff, 0xff, 0xff, 0x0, 0x2, 0x4, 0x6, 0x9, 0xc, 0x10,
0x14, 0x19, 0x1e, 0x23, 0x29, 0x2f, 0x36, 0x3c, 0x43, 0x4b, 0x52, 0x5a, 0x61, 0x69, 0x71, 0x79,
0x82, 0x8a, 0x92, 0x9a, 0xa2, 0xa9, 0xb1, 0xb8, 0xbf, 0xc6, 0xcc, 0xd3, 0xd8, 0xde, 0xe3, 0xe8,
0xec, 0xf0, 0xf4, 0xf7, 0xf9, 0xfc, 0xfd, 0xfe, 0xff, 0xff, 0xff, 0xfe, 0xfc, 0xfa, 0xf8, 0xf5,
0xf2, 0xee, 0xea, 0xe6, 0xe1, 0xdb, 0xd5, 0xcf, 0xc9, 0xc2, 0xbb, 0xb4, 0xad, 0xa5, 0x9e, 0x96,
0x8e, 0x86, 0x7d, 0x75, 0x6d, 0x65, 0x5d, 0x56, 0x4e, 0x47, 0x40, 0x39, 0x32, 0x2c, 0x26, 0x21,
0x1b, 0x17, 0x12, 0xe, 0xb, 0x7, 0x5, 0x3, 0x1, 0x0, 0xff, 0xff, 0xff, 0x0, 0x1, 0x3,
0x6, 0x8, 0xc, 0xf, 0x13, 0x18, 0x1d, 0x22, 0x28, 0x2e, 0x34, 0x3b, 0x42, 0x49, 0x50, 0x58,
0x60, 0x67, 0x6f, 0x77, 0x80, 0x88, 0x90, 0x98, 0xa0, 0xa8, 0xaf, 0xb6, 0xbd, 0xc4, 0xcb, 0xd1,
0xd7, 0xdd, 0xe2, 0xe7, 0xeb, 0xef, 0xf3, 0xf6, 0xf9, 0xfb, 0xfd, 0xfe, 0xff, 0xff, 0xff, 0xfe,
0xfd, 0xfb, 0xf9, 0xf6, 0xf3, 0xef, 0xeb, 0xe7, 0xe2, 0xdc, 0xd7, 0xd1, 0xca, 0xc4, 0xbd, 0xb6,
0xae, 0xa7, 0x9f, 0x98, 0x90, 0x88, 0x80, 0x77, 0x6f, 0x67, 0x5f, 0x57, 0x50, 0x49, 0x41, 0x3a,
0x34, 0x2e, 0x28, 0x22, 0x1d, 0x18, 0x13, 0xf, 0xb, 0x8, 0x5, 0x3, 0x1, 0x0, 0xff, 0xff,
0xff, 0x0, 0x1, 0x3, 0x5, 0x8, 0xb, 0xe, 0x12, 0x17, 0x1c, 0x21, 0x27, 0x2d, 0x33, 0x39,
0x40, 0x47, 0x4f, 0x56, 0x5e, 0x66, 0x6d, 0x75, 0x7d, 0x86, 0x8e, 0x96, 0x9e, 0xa6, 0xad, 0xb5,
0xbc, 0xc3, 0xc9, 0xd0, 0xd6, 0xdc, 0xe1, 0xe6, 0xea, 0xef, 0xf2, 0xf6, 0xf8, 0xfb, 0xfc, 0xfe,
0xff, 0xff, 0xff, 0xfe, 0xfd, 0xfb, 0xf9, 0xf7, 0xf4, 0xf0, 0xec, 0xe8, 0xe3, 0xde, 0xd8, 0xd2,
0xcc, 0xc5, 0xbf, 0xb7, 0xb0, 0xa9, 0xa1, 0x99, 0x91, 0x89, 0x82, 0x79, 0x71, 0x69, 0x61, 0x59,
0x52, 0x4a, 0x43, 0x3c, 0x35, 0x2f, 0x29, 0x23, 0x1e, 0x19, 0x14, 0x10, 0xc, 0x9, 0x6, 0x4,
0x2, 0x0, 0xff, 0xff, 0xff, 0x0, 0x1, 0x2, 0x4, 0x7, 0xa, 0xe, 0x11, 0x16, 0x1b, 0x20,
0x25, 0x2b, 0x31, 0x38, 0x3f, 0x46, 0x4d, 0x54, 0x5c, 0x64, 0x6c, 0x74, 0x7c, 0x85, 0x8d, 0x94,
0x9c, 0xa4, 0xac, 0xb3, 0xba, 0xc1, 0xc8, 0xce, 0xd4, 0xda, 0xe0, 0xe5, 0xe9, 0xee, 0xf1, 0xf5,
0xf8, 0xfa, 0xfc, 0xfe, 0xfe, 0xff, 0xff, 0xfe, 0xfd, 0xfc, 0xfa, 0xf7, 0xf4, 0xf1, 0xed, 0xe9,
0xe4, 0xdf, 0xd9, 0xd4, 0xcd, 0xc7, 0xc0, 0xb9, 0xb2, 0xaa, 0xa3, 0x9b, 0x93, 0x8b, 0x83, 0x7a,
0x72, 0x6a, 0x63, 0x5b, 0x53, 0x4c, 0x45, 0x3e, 0x37, 0x30, 0x2a, 0x24, 0x1f, 0x1a, 0x15, 0x11,
0xd, 0xa, 0x7, 0x4, 0x2, 0x1, 0x0, 0xff, 0xff, 0x0, 0x1, 0x2, 0x4, 0x6, 0x9, 0xd,
0x11, 0x15, 0x19, 0x1f, 0x24, 0x2a, 0x30, 0x36, 0x3d, 0x44, 0x4b, 0x53, 0x5a, 0x62, 0x6a, 0x72,
0x7a, 0x83, 0x8b, 0x93, 0x9b, 0xa2, 0xaa, 0xb1, 0xb9, 0xc0, 0xc6, 0xcd, 0xd3, 0xd9, 0xde, 0xe4,
0xe8, 0xed, 0xf1, 0xf4, 0xf7, 0xfa, 0xfc, 0xfd, 0xfe, 0xff, 0xff, 0xff, 0xfe, 0xfc, 0xfa, 0xf8,
0xf5, 0xf2, 0xee, 0xea, 0xe5, 0xe0, 0xdb, 0xd5, 0xcf, 0xc8, 0xc2, 0xbb, 0xb4, 0xac, 0xa5, 0x9d,
0x95, 0x8d, 0x85, 0x7c, 0x74, 0x6c, 0x64, 0x5d, 0x55, 0x4d, 0x46, 0x3f, 0x38, 0x32, 0x2c, 0x26,
0x20, 0x1b, 0x16, 0x12, 0xe, 0xa, 0x7, 0x5, 0x3, 0x1, 0x0, 0xff, 0xff, 0xff, 0x0, 0x2,
0x3, 0x6, 0x9, 0xc, 0x10, 0x14, 0x18, 0x1d, 0x23, 0x28, 0x2f, 0x35, 0x3c, 0x42, 0x4a, 0x51,
0x59, 0x60, 0x68, 0x70, 0x78, 0x81, 0x89, 0x91, 0x99, 0xa1, 0xa8, 0xb0, 0xb7, 0xbe, 0xc5, 0xcb,
0xd2, 0xd8, 0xdd, 0xe3, 0xe7, 0xec, 0xf0, 0xf3, 0xf6, 0xf9, 0xfb, 0xfd, 0xfe, 0xff, 0xff, 0xff,
0xfe, 0xfd, 0xfb, 0xf8, 0xf6, 0xf2, 0xef, 0xeb, 0xe6, 0xe1, 0xdc, 0xd6, 0xd0, 0xca, 0xc3, 0xbc,
0xb5, 0xae, 0xa6, 0x9f, 0x97, 0x8f, 0x87, 0x7e, 0x76, 0x6e, 0x66, 0x5e, 0x57, 0x4f, 0x48, 0x41,
0x3a, 0x33, 0x2d, 0x27, 0x21, 0x1c, 0x17, 0x13, 0xf, 0xb, 0x8, 0x5, 0x3, 0x1, 0x0, 0xff,
0xff, 0xff, 0x0, 0x1, 0x3, 0x5, 0x8, 0xb, 0xf, 0x13, 0x17, 0x1c, 0x21, 0x27, 0x2d, 0x33,
0x3a, 0x41, 0x48, 0x4f, 0x57, 0x5f, 0x66, 0x6e, 0x76, 0x7e, 0x87, 0x8f, 0x97, 0x9f, 0xa6, 0xae,
0xb5, 0xbc, 0xc3, 0xca, 0xd0, 0xd6, 0xdc, 0xe1, 0xe6, 0xeb, 0xef, 0xf3, 0xf6, 0xf9, 0xfb, 0xfd,
0xfe, 0xff, 0xff, 0xff, 0xfe, 0xfd, 0xfb, 0xf9, 0xf6, 0xf3, 0xf0, 0xec, 0xe7, 0xe2, 0xdd, 0xd8,
0xd2, 0xcb, 0xc5, 0xbe, 0xb7, 0xb0, 0xa8, 0xa0, 0x99, 0x91, 0x89, 0x81, 0x78, 0x70, 0x68, 0x60,
0x58, 0x51, 0x49, 0x42, 0x3b, 0x35, 0x2e, 0x28, 0x23, 0x1d, 0x18, 0x14, 0x10, 0xc, 0x9, 0x6,
0x3, 0x2, 0x0, 0xff, 0xff, 0xff, 0x0, 0x1, 0x3, 0x5, 0x7, 0xa, 0xe, 0x12, 0x16, 0x1b,
0x20, 0x26, 0x2c, 0x32, 0x38, 0x3f, 0x46, 0x4e, 0x55, 0x5d, 0x65, 0x6c, 0x74, 0x7c, 0x85, 0x8d,
0x95, 0x9d, 0xa5, 0xac, 0xb4, 0xbb, 0xc2, 0xc9, 0xcf, 0xd5, 0xdb, 0xe0, 0xe5, 0xea, 0xee, 0xf2,
0xf5, 0xf8, 0xfa, 0xfc, 0xfe, 0xff, 0xff, 0xff, 0xfe, 0xfd, 0xfc, 0xfa, 0xf7, 0xf4, 0xf1, 0xed,
0xe8, 0xe4, 0xde, 0xd9, 0xd3, 0xcd, 0xc6, 0xbf, 0xb8, 0xb1, 0xaa, 0xa2, 0x9a, 0x93, 0x8b, 0x83,
0x7a, 0x72, 0x6a, 0x62, 0x5a, 0x53, 0x4b, 0x44, 0x3d, 0x36, 0x30, 0x2a, 0x24, 0x1e, 0x19, 0x15,
0x10, 0xd, 0x9, 0x6, 0x4, 0x2, 0x1, 0x0, 0xff, 0xff, 0x0, 0x1, 0x2, 0x4, 0x7, 0xa,
0xd, 0x11, 0x15, 0x1a, 0x1f, 0x25, 0x2a, 0x31, 0x37, 0x3e, 0x45, 0x4c, 0x53, 0x5b, 0x63, 0x6b,
0x73, 0x7a, 0x84, 0x8b, 0x93, 0x9b, 0xa3, 0xab, 0xb2, 0xb9, 0xc0, 0xc7, 0xce, 0xd4, 0xda, 0xdf,
0xe4, 0xe9, 0xed, 0xf1, 0xf4, 0xf7, 0xfa, 0xfc, 0xfd, 0xfe, 0xff, 0xff, 0xfe, 0xfe, 0xfc, 0xfa,
0xf8, 0xf5, 0xf1, 0xee, 0xe9, 0xe5, 0xe0, 0xda, 0xd4, 0xce, 0xc8, 0xc1, 0xba, 0xb3, 0xab, 0xa4,
0x9c, 0x94, 0x8c, 0x84, 0x7b, 0x73, 0x6c, 0x64, 0x5c, 0x54, 0x4d, 0x46, 0x3f, 0x38, 0x31, 0x2b,
0x25, 0x20, 0x1a, 0x16, 0x11, 0xd, 0xa, 0x7, 0x4, 0x2, 0x1, 0x0, 0xff, 0xff, 0xff, 0x0,
0x2, 0x4, 0x6, 0x9, 0xc, 0x10, 0x14, 0x19, 0x1e, 0x23, 0x29, 0x2f, 0x35, 0x3c, 0x43, 0x4a,
0x52, 0x59, 0x61, 0x69, 0x71, 0x79, 0x82, 0x8a, 0x92, 0x99, 0xa1, 0xa9, 0xb0, 0xb8, 0xbf, 0xc6,
0xcc, 0xd2, 0xd8, 0xde, 0xe3, 0xe8, 0xec, 0xf0, 0xf4, 0xf7, 0xf9, 0xfb, 0xfd, 0xfe, 0xff, 0xff,
0xff, 0xfe, 0xfc, 0xfb, 0xf8, 0xf5, 0xf2, 0xee, 0xea, 0xe6, 0xe1, 0xdb, 0xd6, 0xd0, 0xc9, 0xc3,
0xbc, 0xb5, 0xad, 0xa6, 0x9e, 0x96, 0x8e, 0x86, 0x7d, 0x75, 0x6d, 0x65, 0x5e, 0x56, 0x4e, 0x47,
0x40, 0x39, 0x33, 0x2c, 0x26, 0x21, 0x1c, 0x17, 0x12, 0xe, 0xb, 0x8, 0x5, 0x3, 0x1, 0x0,
0xff, 0xff, 0xff, 0x0, 0x1, 0x3, 0x5, 0x8, 0xb, 0xf, 0x13, 0x18, 0x1d, 0x22, 0x28, 0x2e,
0x34, 0x3b, 0x42, 0x49, 0x50, 0x58, 0x5f, 0x67, 0x6f, 0x77, 0x80, 0x88, 0x90, 0x98, 0x9f, 0xa7,
0xaf, 0xb6, 0xbd, 0xc4, 0xcb, 0xd1, 0xd7, 0xdd, 0xe2, 0xe7, 0xeb, 0xef, 0xf3, 0xf6, 0xf9, 0xfb,
0xfd, 0xfe, 0xff, 0xff, 0xff, 0xfe, 0xfd, 0xfb, 0xf9, 0xf6, 0xf3, 0xef, 0xeb, 0xe7, 0xe2, 0xdd,
0xd7, 0xd1, 0xcb, 0xc4, 0xbd, 0xb6, 0xaf, 0xa7, 0xa0, 0x98, 0x90, 0x88, 0x80, 0x77, 0x6f, 0x67,
0x5f, 0x58, 0x50, 0x49, 0x42, 0x3b, 0x34, 0x2e, 0x28, 0x22, 0x1d, 0x18, 0x13, 0xf, 0xb, 0x8,
0x6, 0x3, 0x1, 0x0, 0xff, 0xff, 0xff, 0x0, 0x1, 0x3, 0x5, 0x8, 0xb, 0xe, 0x12, 0x17,
0x1b, 0x21, 0x26, 0x2c, 0x33, 0x39, 0x40, 0x47, 0x4e, 0x56, 0x5d, 0x65, 0x6d, 0x75, 0x7d, 0x86,
0x8e, 0x96, 0x9e, 0xa5, 0xad, 0xb4, 0xbc, 0xc2, 0xc9, 0xcf, 0xd6, 0xdb, 0xe1, 0xe6, 0xea, 0xee,
0xf2, 0xf5, 0xf8, 0xfb, 0xfc, 0xfe, 0xff, 0xff, 0xff, 0xfe, 0xfd, 0xfb, 0xf9, 0xf7, 0xf4, 0xf0,
0xec, 0xe8, 0xe3, 0xde, 0xd8, 0xd2, 0xcc, 0xc6, 0xbf, 0xb8, 0xb1, 0xa9, 0xa1, 0x9a, 0x92, 0x8a,
0x82, 0x79, 0x71, 0x69, 0x61, 0x59, 0x52, 0x4a, 0x43, 0x3c, 0x36, 0x2f, 0x29, 0x23, 0x1e, 0x19,
0x14, 0x10, 0xc, 0x9, 0x6, 0x4, 0x2, 0x0, 0xff, 0xff, 0xff, 0x0, 0x1, 0x2, 0x4, 0x7,
0xa, 0xd, 0x11, 0x16, 0x1a, 0x20, 0x25, 0x2b, 0x31, 0x38, 0x3e, 0x45, 0x4d, 0x54, 0x5c, 0x63,
0x6b, 0x73, 0x7b, 0x84, 0x8c, 0x94, 0x9c, 0xa4, 0xab, 0xb3, 0xba, 0xc1, 0xc8, 0xce, 0xd4, 0xda,
0xdf, 0xe5, 0xe9, 0xed, 0xf1, 0xf5, 0xf8, 0xfa, 0xfc, 0xfe, 0xfe, 0xff, 0xff, 0xfe, 0xfd, 0xfc,
0xfa, 0xf7, 0xf4, 0xf1, 0xed, 0xe9, 0xe4, 0xdf, 0xda, 0xd4, 0xce, 0xc7, 0xc0, 0xb9, 0xb2, 0xab,
0xa3, 0x9b, 0x94, 0x8c, 0x84, 0x7b, 0x73, 0x6b, 0x63, 0x5b, 0x54, 0x4c, 0x45, 0x3e, 0x37, 0x31,
0x2a, 0x25, 0x1f, 0x1a, 0x15, 0x11, 0xd, 0xa, 0x7, 0x4, 0x2, 0x1, 0x0, 0xff, 0xff, 0xff,
0x0, 0x2, 0x4, 0x6, 0x9, 0xd, 0x10, 0x15, 0x19, 0x1e, 0x24, 0x2a, 0x30, 0x36, 0x3d, 0x44,
0x4b, 0x52, 0x5a, 0x62, 0x6a, 0x71, 0x79, 0x82, 0x8a, 0x92, 0x9a, 0xa2, 0xaa, 0xb1, 0xb8, 0xbf,
0xc6, 0xcd, 0xd3, 0xd9, 0xde, 0xe3, 0xe8, 0xed, 0xf0, 0xf4, 0xf7, 0xfa, 0xfc, 0xfd, 0xfe, 0xff,
0xff, 0xff, 0xfe, 0xfc, 0xfa, 0xf8, 0xf5, 0xf2, 0xee, 0xea, 0xe5, 0xe0, 0xdb, 0xd5, 0xcf, 0xc9,
0xc2, 0xbb, 0xb4, 0xac, 0xa5, 0x9d, 0x95, 0x8d, 0x85, 0x7d, 0x75, 0x6d, 0x65, 0x5d, 0x55, 0x4e,
0x47, 0x3f, 0x39, 0x32, 0x2c, 0x26, 0x20, 0x1b, 0x16, 0x12, 0xe, 0xa, 0x7, 0x5, 0x3, 0x1,
0x0, 0xff, 0xff, 0xff, 0x0, 0x2, 0x3, 0x6, 0x8, 0xc, 0xf, 0x14, 0x18, 0x1d, 0x22, 0x28,
0x2e, 0x35, 0x3b, 0x42, 0x49, 0x51, 0x58, 0x60, 0x68, 0x70, 0x78, 0x81, 0x89, 0x91, 0x98, 0xa0,
0xa8, 0xaf, 0xb7, 0xbe, 0xc5, 0xcb, 0xd1, 0xd7, 0xdd, 0xe2, 0xe7, 0xec, 0xf0, 0xf3, 0xf6, 0xf9,
0xfb, 0xfd, 0xfe, 0xff, 0xff, 0xff, 0xfe, 0xfd, 0xfb, 0xf9, 0xf6, 0xf3, 0xef, 0xeb, 0xe6, 0xe1,
0xdc, 0xd6, 0xd0, 0xca, 0xc4, 0xbd, 0xb6, 0xae, 0xa7, 0x9f, 0x97, 0x8f, 0x87, 0x7e, 0x76, 0x6e,
0x67, 0x5f, 0x57, 0x4f, 0x48, 0x41, 0x3a, 0x34, 0x2d, 0x27, 0x22, 0x1c, 0x17, 0x13, 0xf, 0xb,
0x8, 0x5, 0x3, 0x1, 0x0, 0xff, 0xff, 0xff, 0x0, 0x1, 0x3, 0x5, 0x8, 0xb, 0xf, 0x13,
0x17, 0x1c, 0x21, 0x27, 0x2d, 0x33, 0x3a, 0x41, 0x48, 0x4f, 0x56, 0x5e, 0x66, 0x6e, 0x76, 0x7e,
0x87, 0x8f, 0x97, 0x9e, 0xa6, 0xae, 0xb5, 0xbc, 0xc3, 0xca, 0xd0, 0xd6, 0xdc, 0xe1, 0xe6, 0xeb,
0xef, 0xf2, 0xf6, 0xf8, 0xfb, 0xfd, 0xfe, 0xff, 0xff, 0xff, 0xfe, 0xfd, 0xfb, 0xf9, 0xf6, 0xf3,
0xf0, 0xec, 0xe7, 0xe3, 0xdd, 0xd8, 0xd2, 0xcc, 0xc5, 0xbe, 0xb7, 0xb0, 0xa8, 0xa1, 0x99, 0x91,
0x89, 0x81, 0x78, 0x70, 0x68, 0x60, 0x59, 0x51, 0x4a, 0x43, 0x3c, 0x35, 0x2f, 0x29, 0x23, 0x1d,
0x18, 0x14, 0x10, 0xc, 0x9, 0x6, 0x4, 0x2, 0x0, 0xff, 0xff, 0xff, 0x0, 0x1, 0x2, 0x5,
0x7, 0xa, 0xe, 0x12, 0x16, 0x1b, 0x20, 0x26, 0x2b, 0x32, 0x38, 0x3f, 0x46, 0x4d, 0x55, 0x5c,
0x64, 0x6c, 0x74, 0x7c, 0x85, 0x8d, 0x95, 0x9d, 0xa4, 0xac, 0xb3, 0xbb, 0xc2, 0xc8, 0xcf, 0xd5,
0xdb, 0xe0, 0xe5, 0xea, 0xee, 0xf2, 0xf5, 0xf8, 0xfa, 0xfc, 0xfe, 0xff, 0xff, 0xff, 0xfe, 0xfd,
0xfc, 0xfa, 0xf7, 0xf4, 0xf1, 0xed, 0xe8, 0xe4, 0xdf, 0xd9, 0xd3, 0xcd, 0xc7, 0xc0, 0xb9, 0xb2,
0xaa, 0xa2, 0x9b, 0x93, 0x8b, 0x83, 0x7a, 0x72, 0x6a, 0x62, 0x5a, 0x53, 0x4b, 0x44, 0x3d, 0x37,
0x30, 0x2a, 0x24, 0x1f, 0x1a, 0x15, 0x11, 0xd, 0x9, 0x6, 0x4, 0x2, 0x1, 0x0, 0xff, 0xff,
0x0, 0x1, 0x2, 0x4, 0x7, 0x9, 0xd, 0x11, 0x15, 0x1a, 0x1f, 0x24, 0x2a, 0x30, 0x37, 0x3d,
0x44, 0x4c, 0x53, 0x5b, 0x62, 0x6a, 0x72, 0x7a, 0x83, 0x8b, 0x93, 0x9b, 0xa3, 0xaa, 0xb2, 0xb9,
0xc0, 0xc7, 0xcd, 0xd3, 0xd9, 0xdf, 0xe4, 0xe9, 0xed, 0xf1, 0xf4, 0xf7, 0xfa, 0xfc, 0xfd, 0xfe,
0xff, 0xff, 0xff, 0xfe, 0xfc, 0xfa, 0xf8, 0xf5, 0xf2, 0xee, 0xea, 0xe5, 0xe0, 0xda, 0xd5, 0xcf,
0xc8, 0xc1, 0xba, 0xb3, 0xac, 0xa4, 0x9c, 0x95, 0x8d, 0x85, 0x7c, 0x74, 0x6c, 0x64, 0x5c, 0x55,
0x4d, 0x46, 0x3f, 0x38, 0x32, 0x2b, 0x25, 0x20, 0x1b, 0x16, 0x12, 0xe, 0xa, 0x7, 0x5, 0x2,
0x1, 0x0, 0xff, 0xff, 0xff, 0x0, 0x2, 0x4, 0x6, 0x9, 0xc, 0x10, 0x14, 0x19, 0x1e, 0x23,
0x29, 0x2f, 0x35, 0x3c, 0x43, 0x4a, 0x51, 0x59, 0x61, 0x68, 0x70, 0x78, 0x81, 0x89, 0x91, 0x99,
0xa1, 0xa9, 0xb0, 0xb7, 0xbe, 0xc5, 0xcc, 0xd2, 0xd8, 0xde, 0xe3, 0xe8, 0xec, 0xf0, 0xf3, 0xf7,
0xf9, 0xfb, 0xfd, 0xfe, 0xff, 0xff, 0xff, 0xfe, 0xfd, 0xfb, 0xf8, 0xf6, 0xf2, 0xef, 0xeb, 0xe6,
0xe1, 0xdc, 0xd6, 0xd0, 0xca, 0xc3, 0xbc, 0xb5, 0xad, 0xa6, 0x9e, 0x96, 0x8f, 0x87, 0x7e, 0x76,
0x6e, 0x66, 0x5e, 0x56, 0x4f, 0x48, 0x40, 0x3a, 0x33, 0x2d, 0x27, 0x21, 0x1c, 0x17, 0x13, 0xe,
0xb, 0x8, 0x5, 0x3, 0x1, 0x0, 0xff, 0xff, 0xff, 0x0, 0x1, 0x3, 0x5, 0x8, 0xb, 0xf,
0x13, 0x18, 0x1c, 0x22, 0x27, 0x2d, 0x34, 0x3a, 0x41, 0x48, 0x50, 0x57, 0x5f, 0x67, 0x6f, 0x77,
0x80, 0x87, 0x8f, 0x97, 0x9f, 0xa7, 0xae, 0xb6, 0xbd, 0xc4, 0xca, 0xd1, 0xd7, 0xdc, 0xe2, 0xe6,
0xeb, 0xef, 0xf3, 0xf6, 0xf9, 0xfb, 0xfd, 0xfe, 0xff, 0xff, 0xff, 0xfe, 0xfd, 0xfb, 0xf9, 0xf6,
0xf3, 0xf0, 0xeb, 0xe7, 0xe2, 0xdd, 0xd7, 0xd1, 0xcb, 0xc4, 0xbe, 0xb6, 0xaf, 0xa8, 0xa0, 0x98,
0x90, 0x88, 0x80, 0x77, 0x6f, 0x68, 0x60, 0x58, 0x51, 0x49, 0x42, 0x3b, 0x34, 0x2e, 0x28, 0x22,
0x1d, 0x18, 0x13, 0xf, 0xc, 0x8, 0x6, 0x3, 0x2, 0x0, 0xff, 0xff, 0xff, 0x0, 0x1, 0x3,
0x5, 0x7, 0xb, 0xe, 0x12, 0x16, 0x1b, 0x20, 0x26, 0x2c, 0x32, 0x39, 0x40, 0x47, 0x4e, 0x55,
0x5d, 0x65, 0x6d, 0x75, 0x7d, 0x86, 0x8e, 0x96, 0x9d, 0xa5, 0xad, 0xb4, 0xbb, 0xc2, 0xc9, 0xcf,
0xd5, 0xdb, 0xe0, 0xe5, 0xea, 0xee, 0xf2, 0xf5, 0xf8, 0xfa, 0xfc, 0xfe, 0xff, 0xff, 0xff, 0xfe,
0xfd, 0xfc, 0xf9, 0xf7, 0xf4, 0xf0, 0xec, 0xe8, 0xe3, 0xde, 0xd9, 0xd3, 0xcc, 0xc6, 0xbf, 0xb8,
0xb1, 0xa9, 0xa2, 0x9a, 0x92, 0x8a, 0x82, 0x79, 0x71, 0x69, 0x62, 0x5a, 0x52, 0x4b, 0x44, 0x3d,
0x36, 0x30, 0x29, 0x24, 0x1e, 0x19, 0x14, 0x10, 0xc, 0x9, 0x6, 0x4, 0x2, 0x0, 0x0, 0xff,
0xff, 0x0, 0x1, 0x2, 0x4, 0x7, 0xa, 0xd, 0x11, 0x15, 0x1a, 0x1f, 0x25, 0x2b, 0x31, 0x37,
0x3e, 0x45, 0x4c, 0x54, 0x5b, 0x63, 0x6b, 0x73, 0x7b, 0x84, 0x8c, 0x94, 0x9c, 0xa3, 0xab, 0xb2,
0xba, 0xc1, 0xc7, 0xce, 0xd4, 0xda, 0xdf, 0xe4, 0xe9, 0xed, 0xf1, 0xf5, 0xf7, 0xfa, 0xfc, 0xfd,
0xfe, 0xff, 0xff, 0xfe, 0xfd, 0xfc, 0xfa, 0xf8, 0xf5, 0xf1, 0xed, 0xe9, 0xe4, 0xdf, 0xda, 0xd4,
0xce, 0xc7, 0xc1, 0xba, 0xb3, 0xab, 0xa4, 0x9c, 0x94, 0x8c, 0x84, 0x7b, 0x73, 0x6b, 0x63, 0x5c,
0x54, 0x4c, 0x45, 0x3e, 0x37, 0x31, 0x2b, 0x25, 0x1f, 0x1a, 0x16, 0x11, 0xd, 0xa, 0x7, 0x4,
0x2, 0x1, 0x0, 0xff, 0xff, 0xff, 0x0, 0x2, 0x4, 0x6, 0x9, 0xc, 0x10, 0x14, 0x19, 0x1e,
0x23, 0x29, 0x2f, 0x36, 0x3c, 0x43, 0x4b, 0x52, 0x5a, 0x61, 0x69, 0x71, 0x79, 0x82, 0x8a, 0x92,
0x9a, 0xa2, 0xa9, 0xb1, 0xb8, 0xbf, 0xc6, 0xcc, 0xd3, 0xd8, 0xde, 0xe3, 0xe8, 0xec, 0xf0, 0xf4,
0xf7, 0xf9, 0xfc, 0xfd, 0xfe, 0xff, 0xff, 0xff, 0xfe, 0xfc, 0xfa, 0xf8, 0xf5, 0xf2, 0xee, 0xea,
0xe6, 0xe1, 0xdb, 0xd5, 0xcf, 0xc9, 0xc2, 0xbb, 0xb4, 0xad, 0xa5, 0x9e, 0x96, 0x8e, 0x86, 0x7d,
0x75, 0x6d, 0x65, 0x5d, 0x56, 0x4e, 0x47, 0x40, 0x39, 0x32, 0x2c, 0x26, 0x21, 0x1b, 0x17, 0x12,
0xe, 0xb, 0x7, 0x5, 0x3, 0x1, 0x0, 0xff, 0xff, 0xff, 0x0, 0x1, 0x3, 0x6, 0x8, 0xc,
0xf, 0x13, 0x18, 0x1d, 0x22, 0x28, 0x2e, 0x34, 0x3b, 0x42, 0x49, 0x50, 0x58, 0x60, 0x67, 0x6f,
0x77, 0x80, 0x88, 0x90, 0x98, 0xa0, 0xa7, 0xaf, 0xb6, 0xbd, 0xc4, 0xcb, 0xd1, 0xd7, 0xdd, 0xe2,
0xe7, 0xeb, 0xef, 0xf3, 0xf6, 0xf9, 0xfb, 0xfd, 0xfe, 0xff, 0xff, 0xff, 0xfe, 0xfd, 0xfb, 0xf9,
0xf6, 0xf3, 0xef, 0xeb, 0xe7, 0xe2, 0xdc, 0xd7, 0xd1, 0xca, 0xc4, 0xbd, 0xb6, 0xaf, 0xa7, 0x9f,
0x98, 0x90, 0x88, 0x80, 0x77, 0x6f, 0x67, 0x5f, 0x57, 0x50, 0x49, 0x41, 0x3a, 0x34, 0x2e, 0x28,
0x22, 0x1d, 0x18, 0x13, 0xf, 0xb, 0x8, 0x5, 0x3, 0x1, 0x0, 0xff, 0xff, 0xff, 0x0, 0x1,
0x3, 0x5, 0x8, 0xb, 0xe, 0x12, 0x17, 0x1c, 0x21, 0x27, 0x2d, 0x33, 0x39, 0x40, 0x47, 0x4f,
0x56, 0x5e, 0x66, 0x6d, 0x75, 0x7d, 0x86, 0x8e, 0x96, 0x9e, 0xa6, 0xad, 0xb5, 0xbc, 0xc3, 0xc9,
0xd0, 0xd6, 0xdc, 0xe1, 0xe6, 0xea, 0xef, 0xf2, 0xf6, 0xf8, 0xfb, 0xfc, 0xfe, 0xff, 0xff, 0xff,
0xfe, 0xfd, 0xfb, 0xf9, 0xf7, 0xf4, 0xf0, 0xec, 0xe8, 0xe3, 0xde, 0xd8, 0xd2, 0xcc, 0xc5, 0xbf,
0xb7, 0xb0, 0xa9, 0xa1, 0x99, 0x91, 0x89, 0x82, 0x79, 0x71, 0x69, 0x61, 0x59, 0x52, 0x4a, 0x43,
0x3c, 0x35, 0x2f, 0x29, 0x23, 0x1e, 0x19, 0x14, 0x10, 0xc, 0x9, 0x6, 0x4, 0x2, 0x0, 0xff,
0xff, 0xff, 0x0, 0x1, 0x2, 0x4, 0x7, 0xa, 0xe, 0x11, 0x16, 0x1b, 0x20, 0x25, 0x2b, 0x31,
0x38, 0x3f, 0x46, 0x4d, 0x54, 0x5c, 0x64, 0x6c, 0x74, 0x7c, 0x85, 0x8d, 0x94, 0x9c, 0xa4, 0xac,
0xb3, 0xba, 0xc1, 0xc8, 0xce, 0xd4, 0xda, 0xe0, 0xe5, 0xe9, 0xee, 0xf1, 0xf5, 0xf8, 0xfa, 0xfc,
0xfe, 0xfe, 0xff, 0xff, 0xfe, 0xfd, 0xfc, 0xfa, 0xf7, 0xf4, 0xf1, 0xed, 0xe9, 0xe4, 0xdf, 0xd9,
0xd4, 0xcd, 0xc7, 0xc0, 0xb9, 0xb2, 0xaa, 0xa3, 0x9b, 0x93, 0x8b, 0x83, 0x7a, 0x72, 0x6a, 0x63,
0x5b, 0x53, 0x4c, 0x45, 0x3e, 0x37, 0x30, 0x2a, 0x24, 0x1f, 0x1a, 0x15, 0x11, 0xd, 0xa, 0x7,
0x4, 0x2, 0x1, 0x0, 0xff, 0xff, 0x0, 0x1, 0x2, 0x4, 0x6, 0x9, 0xd, 0x11, 0x15, 0x19,
0x1f, 0x24, 0x2a, 0x30, 0x36, 0x3d, 0x44, 0x4b, 0x53, 0x5a, 0x62, 0x6a, 0x72, 0x7a, 0x83, 0x8b,
0x93, 0x9b, 0xa2, 0xaa, 0xb1, 0xb9, 0xc0, 0xc6, 0xcd, 0xd3, 0xd9, 0xdf, 0xe4, 0xe8, 0xed, 0xf1,
0xf4, 0xf7, 0xfa, 0xfc, 0xfd, 0xfe, 0xff, 0xff, 0xff, 0xfe, 0xfc, 0xfa, 0xf8, 0xf5, 0xf2, 0xee,
0xea, 0xe5, 0xe0, 0xdb, 0xd5, 0xcf, 0xc8, 0xc2, 0xbb, 0xb4, 0xac, 0xa5, 0x9d, 0x95, 0x8d, 0x85,
0x7c, 0x74, 0x6c, 0x64, 0x5d, 0x55, 0x4d, 0x46, 0x3f, 0x38, 0x32, 0x2c, 0x26, 0x20, 0x1b, 0x16,
0x12, 0xe, 0xa, 0x7, 0x5, 0x3, 0x1, 0x0, 0xff, 0xff, 0xff, 0x0, 0x2, 0x3, 0x6, 0x9,
0xc, 0x10, 0x14, 0x18, 0x1d, 0x23, 0x28, 0x2f, 0x35, 0x3c, 0x43, 0x4a, 0x51, 0x59, 0x60, 0x68,
0x70, 0x78, 0x81, 0x89, 0x91, 0x99, 0xa1, 0xa8, 0xb0, 0xb7, 0xbe, 0xc5, 0xcb, 0xd2, 0xd8, 0xdd,
0xe3, 0xe7, 0xec, 0xf0, 0xf3, 0xf6, 0xf9, 0xfb, 0xfd, 0xfe, 0xff, 0xff, 0xff, 0xfe, 0xfd, 0xfb,
0xf8, 0xf6, 0xf2, 0xef, 0xeb, 0xe6, 0xe1, 0xdc, 0xd6, 0xd0, 0xca, 0xc3, 0xbc, 0xb5, 0xae, 0xa6,
0x9f, 0x97, 0x8f, 0x87, 0x7e, 0x76, 0x6e, 0x66, 0x5e, 0x57, 0x4f, 0x48, 0x41, 0x3a, 0x33, 0x2d,
0x27, 0x21, 0x1c, 0x17, 0x13, 0xf, 0xb, 0x8, 0x5, 0x3, 0x1, 0x0, 0xff, 0xff, 0xff, 0x0,
0x1, 0x3, 0x5, 0x8, 0xb, 0xf, 0x13, 0x17, 0x1c, 0x21, 0x27, 0x2d, 0x33, 0x3a, 0x41, 0x48,
0x4f, 0x57, 0x5f, 0x66, 0x6e, 0x76, 0x7e, 0x87, 0x8f, 0x97, 0x9f, 0xa6, 0xae, 0xb5, 0xbc, 0xc3,
0xca, 0xd0, 0xd6, 0xdc, 0xe1, 0xe6, 0xeb, 0xef, 0xf3, 0xf6, 0xf9, 0xfb, 0xfd, 0xfe, 0xff, 0xff,
0xff, 0xfe, 0xfd, 0xfb, 0xf9, 0xf6, 0xf3, 0xf0, 0xec, 0xe7, 0xe2, 0xdd, 0xd8, 0xd2, 0xcb, 0xc5,
0xbe, 0xb7, 0xb0, 0xa8, 0xa0, 0x99, 0x91, 0x89, 0x81, 0x78, 0x70, 0x68, 0x60, 0x58, 0x51, 0x49,
0x42, 0x3b, 0x35, 0x2e, 0x28, 0x23, 0x1d, 0x18, 0x14, 0x10, 0xc, 0x9, 0x6, 0x3, 0x2, 0x0,
0xff, 0xff, 0xff, 0x0, 0x1, 0x3, 0x5, 0x7, 0xa, 0xe, 0x12, 0x16, 0x1b, 0x20, 0x26, 0x2c,
0x32, 0x38, 0x3f, 0x46, 0x4e, 0x55, 0x5d, 0x65, 0x6c, 0x74, 0x7c, 0x85, 0x8d, 0x95, 0x9d, 0xa5,
0xac, 0xb4, 0xbb, 0xc2, 0xc9, 0xcf, 0xd5, 0xdb, 0xe0, 0xe5, 0xea, 0xee, 0xf2, 0xf5, 0xf8, 0xfa,
0xfc, 0xfe, 0xff, 0xff, 0xff, 0xfe, 0xfd, 0xfc, 0xfa, 0xf7, 0xf4, 0xf1, 0xed, 0xe8, 0xe4, 0xde,
0xd9, 0xd3, 0xcd, 0xc6, 0xbf, 0xb8, 0xb1, 0xaa, 0xa2, 0x9a, 0x93, 0x8b, 0x83, 0x7a, 0x72, 0x6a,
0x62, 0x5a, 0x53, 0x4b, 0x44, 0x3d, 0x36, 0x30, 0x2a, 0x24, 0x1e, 0x19, 0x15, 0x10, 0xd, 0x9,
0x6, 0x4, 0x2, 0x0, 0x0, 0xff, 0xff, 0x0, 0x1, 0x2, 0x4, 0x7, 0xa, 0xd, 0x11, 0x15,
0x1a, 0x1f, 0x25, 0x2a, 0x31, 0x37, 0x3e, 0x45, 0x4c, 0x53, 0x5b, 0x63, 0x6b, 0x73, 0x7b, 0x83,
0x8b, 0x93, 0x9b, 0xa3, 0xab, 0xb2, 0xb9, 0xc0, 0xc7, 0xcd, 0xd4, 0xd9, 0xdf, 0xe4, 0xe9, 0xed,
0xf1, 0xf4, 0xf7, 0xfa, 0xfc, 0xfd, 0xfe, 0xff, 0xff, 0xfe, 0xfe, 0xfc, 0xfa, 0xf8, 0xf5, 0xf1,
0xee, 0xe9, 0xe5, 0xe0, 0xda, 0xd4, 0xce, 0xc8, 0xc1, 0xba, 0xb3, 0xab, 0xa4, 0x9c, 0x94, 0x8c,
0x84, 0x7b, 0x73, 0x6b, 0x64, 0x5c, 0x54, 0x4d, 0x46, 0x3f, 0x38, 0x31, 0x2b, 0x25, 0x20, 0x1a,
0x16, 0x11, 0xd, 0xa, 0x7, 0x4, 0x2, 0x1, 0x0, 0xff, 0xff, 0xff, 0x0, 0x2, 0x4, 0x6,
0x9, 0xc, 0x10, 0x14, 0x19, 0x1e, 0x23, 0x29, 0x2f, 0x35, 0x3c, 0x43, 0x4a, 0x52, 0x59, 0x61,
0x69, 0x71, 0x79, 0x82, 0x8a, 0x92, 0x99, 0xa1, 0xa9, 0xb0, 0xb8, 0xbf, 0xc6, 0xcc, 0xd2, 0xd8,
0xde, 0xe3, 0xe8, 0xec, 0xf0, 0xf4, 0xf7, 0xf9, 0xfb, 0xfd, 0xfe, 0xff, 0xff, 0xff, 0xfe, 0xfc,
0xfb, 0xf8, 0xf5, 0xf2, 0xee, 0xea, 0xe6, 0xe1, 0xdb, 0xd6, 0xd0, 0xc9, 0xc3, 0xbc, 0xb5, 0xad,
0xa6, 0x9e, 0x96, 0x8e, 0x86, 0x7d, 0x75, 0x6d, 0x65, 0x5e, 0x56, 0x4e, 0x47, 0x40, 0x39, 0x33,
0x2c, 0x26, 0x21, 0x1c, 0x17, 0x12, 0xe, 0xb, 0x8, 0x5, 0x3, 0x1, 0x0, 0xff, 0xff, 0xff,
0x0, 0x1, 0x3, 0x5, 0x8, 0xb, 0xf, 0x13, 0x18, 0x1d, 0x22, 0x28, 0x2e, 0x34, 0x3b, 0x42,
0x49, 0x50, 0x58, 0x5f, 0x67, 0x6f, 0x77, 0x80, 0x88, 0x90, 0x98, 0x9f, 0xa7, 0xaf, 0xb6, 0xbd,
0xc4, 0xcb, 0xd1, 0xd7, 0xdd, 0xe2, 0xe7, 0xeb, 0xef, 0xf3, 0xf6, 0xf9, 0xfb, 0xfd, 0xfe, 0xff,
0xff, 0xff, 0xfe, 0xfd, 0xfb, 0xf9, 0xf6, 0xf3, 0xef, 0xeb, 0xe7, 0xe2, 0xdd, 0xd7, 0xd1, 0xcb,
0xc4, 0xbd, 0xb6, 0xaf, 0xa7, 0xa0, 0x98, 0x90, 0x88, 0x80, 0x77, 0x6f, 0x67, 0x5f, 0x58, 0x50,
0x49, 0x42, 0x3b, 0x34, 0x2e, 0x28, 0x22, 0x1d, 0x18, 0x13, 0xf, 0xc, 0x8, 0x6, 0x3, 0x1,
0x0, 0xff, 0xff, 0xff, 0x0, 0x1, 0x3, 0x5, 0x8, 0xb, 0xe, 0x12, 0x17, 0x1c, 0x21, 0x26,
0x2c, 0x33, 0x39, 0x40, 0x47, 0x4e, 0x56, 0x5d, 0x65, 0x6d, 0x75, 0x7d, 0x86, 0x8e, 0x96, 0x9e,
0xa5, 0xad, 0xb4, 0xbc, 0xc2, 0xc9, 0xcf, 0xd6, 0xdb, 0xe1, 0xe6, 0xea, 0xee, 0xf2, 0xf5, 0xf8,
0xfb, 0xfc, 0xfe, 0xff, 0xff, 0xff, 0xfe, 0xfd, 0xfb, 0xf9, 0xf7, 0xf4, 0xf0, 0xec, 0xe8, 0xe3,
0xde, 0xd8, 0xd2, 0xcc, 0xc6, 0xbf, 0xb8, 0xb1, 0xa9, 0xa1, 0x9a, 0x92, 0x8a, 0x82, 0x79, 0x71,
0x69, 0x61, 0x59, 0x52, 0x4a, 0x43, 0x3c, 0x36, 0x2f, 0x29, 0x23, 0x1e, 0x19, 0x14, 0x10, 0xc,
0x9, 0x6, 0x4, 0x2, 0x0, 0xff, 0xff, 0xff, 0x0, 0x1, 0x2, 0x4, 0x7, 0xa, 0xd, 0x11,
0x16, 0x1a, 0x20, 0x25, 0x2b, 0x31, 0x38, 0x3e, 0x45, 0x4d, 0x54, 0x5c, 0x63, 0x6b, 0x73, 0x7b,
0x84, 0x8c, 0x94, 0x9c, 0xa4, 0xab, 0xb3, 0xba, 0xc1, 0xc8, 0xce, 0xd4, 0xda, 0xdf, 0xe5, 0xe9,
0xed, 0xf1, 0xf5, 0xf8, 0xfa, 0xfc, 0xfd, 0xfe, 0xff, 0xff, 0xfe, 0xfd, 0xfc, 0xfa, 0xf7, 0xf4,
0xf1, 0xed, 0xe9, 0xe4, 0xdf, 0xda, 0xd4, 0xce, 0xc7, 0xc0, 0xb9, 0xb2, 0xab, 0xa3, 0x9b, 0x94,
0x8c, 0x84, 0x7b, 0x73, 0x6b, 0x63, 0x5b, 0x54, 0x4c, 0x45, 0x3e, 0x37, 0x31, 0x2a, 0x25, 0x1f,
0x1a, 0x15, 0x11, 0xd, 0xa, 0x7, 0x4, 0x2, 0x1, 0x0, 0xff, 0xff, 0x0, 0x0, 0x2, 0x4,
0x6, 0x9, 0xd, 0x10, 0x15, 0x19, 0x1e, 0x24, 0x2a, 0x30, 0x36, 0x3d, 0x44, 0x4b, 0x52, 0x5a,
0x62, 0x6a, 0x71, 0x79, 0x82, 0x8a, 0x92, 0x9a, 0xa2, 0xaa, 0xb1, 0xb8, 0xbf, 0xc6, 0xcd, 0xd3,
0xd9, 0xde, 0xe3, 0xe8, 0xed, 0xf0, 0xf4, 0xf7, 0xfa, 0xfc, 0xfd, 0xfe, 0xff, 0xff, 0xff, 0xfe,
0xfc, 0xfa, 0xf8, 0xf5, 0xf2, 0xee, 0xea, 0xe5, 0xe0, 0xdb, 0xd5, 0xcf, 0xc9, 0xc2, 0xbb, 0xb4,
0xac, 0xa5, 0x9d, 0x95, 0x8d, 0x85, 0x7d, 0x75, 0x6d, 0x65, 0x5d, 0x55, 0x4e, 0x47, 0x3f, 0x39,
0x32, 0x2c, 0x26, 0x20, 0x1b, 0x16, 0x12, 0xe, 0xa, 0x7, 0x5, 0x3, 0x1, 0x0, 0xff, 0xff,
0xff, 0x0, 0x2, 0x3, 0x6, 0x8, 0xc, 0xf, 0x14, 0x18, 0x1d, 0x22, 0x28, 0x2e, 0x35, 0x3b,
0x42, 0x49, 0x51, 0x58, 0x60, 0x68, 0x70, 0x78, 0x81, 0x89, 0x91, 0x98, 0xa0, 0xa8, 0xaf, 0xb7,
0xbe, 0xc5, 0xcb, 0xd1, 0xd7, 0xdd, 0xe2, 0xe7, 0xec, 0xf0, 0xf3, 0xf6, 0xf9, 0xfb, 0xfd, 0xfe,
0xff, 0xff, 0xff, 0xfe, 0xfd, 0xfb, 0xf9, 0xf6, 0xf3, 0xef, 0xeb, 0xe6, 0xe1, 0xdc, 0xd6, 0xd0,
0xca, 0xc4, 0xbd, 0xb6, 0xae, 0xa7, 0x9f, 0x97, 0x8f, 0x87, 0x7e, 0x76, 0x6e, 0x66, 0x5f, 0x57,
0x50, 0x48, 0x41, 0x3a, 0x34, 0x2d, 0x27, 0x22, 0x1c, 0x17, 0x13, 0xf, 0xb, 0x8, 0x5, 0x3,
0x1, 0x0, 0xff, 0xff, 0xff, 0x0, 0x1, 0x3, 0x5, 0x8, 0xb, 0xf, 0x13, 0x17, 0x1c, 0x21,
0x27, 0x2d, 0x33, 0x3a, 0x41, 0x48, 0x4f, 0x57, 0x5e, 0x66, 0x6e, 0x76, 0x7e, 0x87, 0x8f, 0x97,
0x9e, 0xa6, 0xae, 0xb5, 0xbc, 0xc3, 0xca, 0xd0, 0xd6, 0xdc, 0xe1, 0xe6, 0xeb, 0xef, 0xf2, 0xf6,
0xf8, 0xfb, 0xfd, 0xfe, 0xff, 0xff, 0xff, 0xfe, 0xfd, 0xfb, 0xf9, 0xf7, 0xf3, 0xf0, 0xec, 0xe7,
0xe3, 0xdd, 0xd8, 0xd2, 0xcc, 0xc5, 0xbe, 0xb7, 0xb0, 0xa8, 0xa1, 0x99, 0x91, 0x89, 0x81, 0x78,
0x70, 0x68, 0x60, 0x59, 0x51, 0x4a, 0x43, 0x3c, 0x35, 0x2f, 0x29, 0x23, 0x1d, 0x18, 0x14, 0x10,
0xc, 0x9, 0x6, 0x4, 0x2, 0x0, 0xff, 0xff, 0xff, 0x0, 0x1, 0x2, 0x5, 0x7, 0xa, 0xe,
0x12, 0x16, 0x1b, 0x20, 0x26, 0x2b, 0x32, 0x38, 0x3f, 0x46, 0x4d, 0x55, 0x5c, 0x64, 0x6c, 0x74,
0x7c, 0x85, 0x8d, 0x95, 0x9d, 0xa4, 0xac, 0xb3, 0xbb, 0xc2, 0xc8, 0xcf, 0xd5, 0xdb, 0xe0, 0xe5,
0xea, 0xee, 0xf2, 0xf5, 0xf8, 0xfa, 0xfc, 0xfe, 0xff, 0xff, 0xff, 0xfe, 0xfd, 0xfc, 0xfa, 0xf7,
0xf4, 0xf1, 0xed, 0xe8, 0xe4, 0xdf, 0xd9, 0xd3, 0xcd, 0xc7, 0xc0, 0xb9, 0xb2, 0xaa, 0xa2, 0x9b,
0x93, 0x8b, 0x83, 0x7a, 0x72, 0x6a, 0x62, 0x5a, 0x53, 0x4b, 0x44, 0x3d, 0x37, 0x30, 0x2a, 0x24,
0x1f, 0x1a, 0x15, 0x11, 0xd, 0x9, 0x6, 0x4, 0x2, 0x1, 0x0, 0xff, 0xff, 0x0, 0x1, 0x2,
0x4, 0x7, 0x9, 0xd, 0x11, 0x15, 0x1a, 0x1f, 0x24, 0x2a, 0x30, 0x37, 0x3d, 0x44, 0x4c, 0x53,
0x5b, 0x62, 0x6a, 0x72, 0x7a, 0x83, 0x8b, 0x93, 0x9b, 0xa3, 0xaa, 0xb2, 0xb9, 0xc0, 0xc7, 0xcd,
0xd3, 0xd9, 0xdf, 0xe4, 0xe9, 0xed, 0xf1, 0xf4, 0xf7, 0xfa, 0xfc, 0xfd, 0xfe, 0xff, 0xff, 0xff,
0xfe, 0xfc, 0xfa, 0xf8, 0xf5, 0xf2, 0xee, 0xea, 0xe5, 0xe0, 0xda, 0xd5, 0xcf, 0xc8, 0xc1, 0xba,
0xb3, 0xac, 0xa4, 0x9c, 0x95, 0x8d, 0x85, 0x7c, 0x74, 0x6c, 0x64, 0x5c, 0x55, 0x4d, 0x46, 0x3f,
0x38, 0x32, 0x2b, 0x25, 0x20, 0x1b, 0x16, 0x12, 0xe, 0xa, 0x7, 0x5, 0x2, 0x1, 0x0, 0xff,
0xff, 0xff, 0x0, 0x2, 0x4, 0x6, 0x9, 0xc, 0x10, 0x14, 0x19, 0x1e, 0x23, 0x29, 0x2f, 0x35,
0x3c, 0x43, 0x4a, 0x51, 0x59, 0x61, 0x68, 0x70, 0x78, 0x81, 0x89, 0x91, 0x99, 0xa1, 0xa9, 0xb0,
0xb7, 0xbe, 0xc5, 0xcc, 0xd2, 0xd8, 0xde, 0xe3, 0xe8, 0xec, 0xf0, 0xf3, 0xf7, 0xf9, 0xfb, 0xfd,
0xfe, 0xff, 0xff, 0xff, 0xfe, 0xfd, 0xfb, 0xf8, 0xf6, 0xf2, 0xef, 0xeb, 0xe6, 0xe1, 0xdc, 0xd6,
0xd0, 0xca, 0xc3, 0xbc, 0xb5, 0xae, 0xa6, 0x9e, 0x96, 0x8f, 0x87, 0x7e, 0x76, 0x6e, 0x66, 0x5e,
0x56, 0x4f, 0x48, 0x40, 0x3a, 0x33, 0x2d, 0x27, 0x21, 0x1c, 0x17, 0x13, 0xe, 0xb, 0x8, 0x5,
0x3, 0x1, 0x0, 0xff, 0xff, 0xff, 0x0, 0x1, 0x3, 0x5, 0x8, 0xb, 0xf, 0x13, 0x18, 0x1c,
0x22, 0x27, 0x2d, 0x34, 0x3a, 0x41, 0x48, 0x50, 0x57, 0x5f, 0x67, 0x6f, 0x77, 0x80, 0x87, 0x8f,
0x97, 0x9f, 0xa7, 0xae, 0xb6, 0xbd, 0xc4, 0xca, 0xd1, 0xd7, 0xdc, 0xe2, 0xe6, 0xeb, 0xef, 0xf3,
0xf6, 0xf9, 0xfb, 0xfd, 0xfe, 0xff, 0xff, 0xff, 0xfe, 0xfd, 0xfb, 0xf9, 0xf6, 0xf3, 0xf0, 0xeb,
0xe7, 0xe2, 0xdd, 0xd7, 0xd1, 0xcb, 0xc4, 0xbe, 0xb7, 0xaf, 0xa8, 0xa0, 0x98, 0x90, 0x88, 0x80,
0x77, 0x6f, 0x68, 0x60, 0x58, 0x51, 0x49, 0x42, 0x3b, 0x34, 0x2e, 0x28, 0x22, 0x1d, 0x18, 0x13,
0xf, 0xc, 0x8, 0x6, 0x3, 0x2, 0x0, 0xff, 0xff, 0xff, 0x0, 0x1, 0x3, 0x5, 0x7, 0xb,
0xe, 0x12, 0x16, 0x1b, 0x20, 0x26, 0x2c, 0x32, 0x39, 0x40, 0x47, 0x4e, 0x55, 0x5d, 0x65, 0x6d,
0x75, 0x7d, 0x86, 0x8e, 0x96, 0x9d, 0xa5, 0xad, 0xb4, 0xbb, 0xc2, 0xc9, 0xcf, 0xd5, 0xdb, 0xe0,
0xe5, 0xea, 0xee, 0xf2, 0xf5, 0xf8, 0xfa, 0xfc, 0xfe, 0xff, 0xff, 0xff, 0xfe, 0xfd, 0xfc, 0xf9,
0xf7, 0xf4, 0xf0, 0xec, 0xe8, 0xe3, 0xde, 0xd9, 0xd3, 0xcc, 0xc6, 0xbf, 0xb8, 0xb1, 0xa9, 0xa2,
0x9a, 0x92, 0x8a, 0x82, 0x79, 0x71, 0x69, 0x62, 0x5a, 0x52, 0x4b, 0x44, 0x3d, 0x36, 0x2f, 0x29,
0x24, 0x1e, 0x19, 0x15, 0x10, 0xc, 0x9, 0x6, 0x4, 0x2, 0x0, 0xff, 0xff, 0xff, 0x0, 0x1,
0x2, 0x4, 0x7, 0xa, 0xd, 0x11, 0x15, 0x1a, 0x1f, 0x25, 0x2b, 0x31, 0x37, 0x3e, 0x45, 0x4c,
0x54, 0x5b, 0x63, 0x6b, 0x73, 0x7b, 0x84, 0x8c, 0x94, 0x9c, 0xa3, 0xab, 0xb2, 0xba, 0xc1, 0xc7,
0xce, 0xd4, 0xda, 0xdf, 0xe4, 0xe9, 0xed, 0xf1, 0xf5, 0xf7, 0xfa, 0xfc, 0xfd, 0xfe, 0xff, 0xff,
0xfe, 0xfd, 0xfc, 0xfa, 0xf8, 0xf5, 0xf1, 0xed, 0xe9, 0xe4, 0xdf, 0xda, 0xd4, 0xce, 0xc7, 0xc1,
0xba, 0xb3, 0xab, 0xa4, 0x9c, 0x94, 0x8c, 0x84, 0x7b, 0x73, 0x6b, 0x63, 0x5c, 0x54, 0x4c, 0x45,
0x3e, 0x37, 0x31, 0x2b, 0x25, 0x1f, 0x1a, 0x16, 0x11, 0xd, 0xa, 0x7, 0x4, 0x2, 0x1, 0x0,
0xff, 0xff, 0xff, 0x0, 0x2, 0x4, 0x6, 0x9, 0xc, 0x10, 0x14, 0x19, 0x1e, 0x23, 0x29, 0x2f,
0x36, 0x3c, 0x43, 0x4b, 0x52, 0x5a, 0x61, 0x69, 0x71, 0x79, 0x82, 0x8a, 0x92, 0x9a, 0xa2, 0xa9,
0xb1, 0xb8, 0xbf, 0xc6, 0xcc, 0xd3, 0xd8, 0xde, 0xe3, 0xe8, 0xec, 0xf0, 0xf4, 0xf7, 0xf9, 0xfc,
0xfd, 0xfe, 0xff, 0xff, 0xff, 0xfe, 0xfc, 0xfa, 0xf8, 0xf5, 0xf2, 0xee, 0xea, 0xe6, 0xe1, 0xdb,
0xd5, 0xcf, 0xc9, 0xc2, 0xbb, 0xb4, 0xad, 0xa5, 0x9e, 0x96, 0x8e, 0x86, 0x7d, 0x75, 0x6d, 0x65,
0x5d, 0x56, 0x4e, 0x47, 0x40, 0x39, 0x32, 0x2c, 0x26, 0x21, 0x1b, 0x17, 0x12, 0xe, 0xb, 0x8,
0x5, 0x3, 0x1, 0x0, 0xff, 0xff, 0xff, 0x0, 0x1, 0x3, 0x6, 0x8, 0xc, 0xf, 0x13, 0x18,
0x1d, 0x22, 0x28, 0x2e, 0x34, 0x3b, 0x42, 0x49, 0x50, 0x58, 0x60, 0x67, 0x6f, 0x77, 0x80, 0x88,
0x90, 0x98, 0xa0, 0xa7, 0xaf, 0xb6, 0xbd, 0xc4, 0xcb, 0xd1, 0xd7, 0xdd, 0xe2, 0xe7, 0xeb, 0xef,
0xf3, 0xf6, 0xf9, 0xfb, 0xfd, 0xfe, 0xff, 0xff, 0xff, 0xfe, 0xfd, 0xfb, 0xf9, 0xf6, 0xf3, 0xef,
0xeb, 0xe7, 0xe2, 0xdc, 0xd7, 0xd1, 0xca, 0xc4, 0xbd, 0xb6, 0xaf, 0xa7, 0x9f, 0x98, 0x90, 0x88,
0x80, 0x77, 0x6f, 0x67, 0x5f, 0x57, 0x50, 0x49, 0x41, 0x3a, 0x34, 0x2e, 0x28, 0x22, 0x1d, 0x18,
0x13, 0xf, 0xb, 0x8, 0x5, 0x3, 0x1, 0x0, 0xff, 0xff, 0xff, 0x0, 0x1, 0x3, 0x5, 0x8,
0xb, 0xe, 0x12, 0x17, 0x1c, 0x21, 0x27, 0x2d, 0x33, 0x39, 0x40, 0x47, 0x4f, 0x56, 0x5e, 0x66,
0x6d, 0x75, 0x7d, 0x86, 0x8e, 0x96, 0x9e, 0xa6, 0xad, 0xb5, 0xbc, 0xc3, 0xc9, 0xd0, 0xd6, 0xdc,
0xe1, 0xe6, 0xea, 0xef, 0xf2, 0xf6, 0xf8, 0xfb, 0xfc, 0xfe, 0xff, 0xff, 0xff, 0xfe, 0xfd, 0xfb,
0xf9, 0xf7, 0xf4, 0xf0, 0xec, 0xe8, 0xe3, 0xde, 0xd8, 0xd2, 0xcc, 0xc5, 0xbf, 0xb7, 0xb0, 0xa9,
0xa1, 0x99, 0x91, 0x89, 0x81, 0x79, 0x71, 0x69, 0x61, 0x59, 0x52, 0x4a, 0x43, 0x3c, 0x35, 0x2f,
0x29, 0x23, 0x1e, 0x19, 0x14, 0x10, 0xc, 0x9, 0x6, 0x4, 0x2, 0x0, 0xff, 0xff, 0xff, 0x0,
0x1, 0x2, 0x4, 0x7, 0xa, 0xe, 0x11, 0x16, 0x1b, 0x20, 0x25, 0x2b, 0x31, 0x38, 0x3f, 0x46,
0x4d, 0x54, 0x5c, 0x64, 0x6c, 0x74, 0x7c, 0x85, 0x8d, 0x94, 0x9c, 0xa4, 0xac, 0xb3, 0xba, 0xc1,
0xc8, 0xce, 0xd4, 0xda, 0xe0, 0xe5, 0xe9, 0xee, 0xf1, 0xf5, 0xf8, 0xfa, 0xfc, 0xfe, 0xfe, 0xff,
0xff, 0xfe, 0xfd, 0xfc, 0xfa, 0xf7, 0xf4, 0xf1, 0xed, 0xe9, 0xe4, 0xdf, 0xd9, 0xd4, 0xcd, 0xc7,
0xc0, 0xb9, 0xb2, 0xaa, 0xa3, 0x9b, 0x93, 0x8b, 0x83, 0x7a, 0x72, 0x6a, 0x63, 0x5b, 0x53, 0x4c,
0x45, 0x3e, 0x37, 0x30, 0x2a, 0x24, 0x1f, 0x1a, 0x15, 0x11, 0xd, 0xa, 0x7, 0x4, 0x2, 0x1,
0x0, 0xff, 0xff, 0x0, 0x1, 0x2, 0x4, 0x6, 0x9, 0xd, 0x11, 0x15, 0x19, 0x1f, 0x24, 0x2a,
0x30, 0x36, 0x3d, 0x44, 0x4b, 0x53, 0x5a, 0x62, 0x6a, 0x72, 0x7a, 0x83, 0x8b, 0x93, 0x9b, 0xa2,
0xaa, 0xb1, 0xb9, 0xc0, 0xc6, 0xcd, 0xd3, 0xd9, 0xdf, 0xe4, 0xe8, 0xed, 0xf1, 0xf4, 0xf7, 0xfa,
0xfc, 0xfd, 0xfe, 0xff, 0xff, 0xff, 0xfe, 0xfc, 0xfa, 0xf8, 0xf5, 0xf2, 0xee, 0xea, 0xe5, 0xe0,
0xdb, 0xd5, 0xcf, 0xc8, 0xc2, 0xbb, 0xb4, 0xac, 0xa5, 0x9d, 0x95, 0x8d, 0x85, 0x7c, 0x74, 0x6c,
0x64, 0x5d, 0x55, 0x4d, 0x46, 0x3f, 0x38, 0x32, 0x2c, 0x26, 0x20, 0x1b, 0x16, 0x12, 0xe, 0xa,
0x7, 0x5, 0x3, 0x1, 0x0, 0xff, 0xff, 0xff, 0x0, 0x2, 0x3, 0x6, 0x9, 0xc, 0x10, 0x14,
0x18, 0x1d, 0x23, 0x28, 0x2f, 0x35, 0x3c, 0x42, 0x4a, 0x51, 0x59, 0x60, 0x68, 0x70, 0x78, 0x81,
0x89, 0x91, 0x99, 0xa1, 0xa8, 0xb0, 0xb7, 0xbe, 0xc5, 0xcb, 0xd2, 0xd8, 0xdd, 0xe3, 0xe7, 0xec,
0xf0, 0xf3, 0xf6, 0xf9, 0xfb, 0xfd, 0xfe, 0xff, 0xff, 0xff, 0xfe, 0xfd, 0xfb, 0xf8, 0xf6, 0xf2,
0xef, 0xeb, 0xe6, 0xe1, 0xdc, 0xd6, 0xd0, 0xca, 0xc3, 0xbc, 0xb5, 0xae, 0xa6, 0x9f, 0x97, 0x8f,
0x87, 0x7e, 0x76, 0x6e, 0x66, 0x5e, 0x57, 0x4f, 0x48, 0x41, 0x3a, 0x33, 0x2d, 0x27, 0x21, 0x1c,
0x17, 0x13, 0xf, 0xb, 0x8, 0x5, 0x3, 0x1, 0x0, 0xff, 0xff, 0xff, 0x0, 0x1, 0x3, 0x5,
0x8, 0xb, 0xf, 0x13, 0x17, 0x1c, 0x21, 0x27, 0x2d, 0x33, 0x3a, 0x41, 0x48, 0x4f, 0x57, 0x5f,
0x66, 0x6e, 0x76, 0x7e, 0x87, 0x8f, 0x97, 0x9f, 0xa6, 0xae, 0xb5, 0xbc, 0xc3, 0xca, 0xd0, 0xd6,
0xdc, 0xe1, 0xe6, 0xeb, 0xef, 0xf3, 0xf6, 0xf9, 0xfb, 0xfd, 0xfe, 0xff, 0xff, 0xff, 0xfe, 0xfd,
0xfb, 0xf9, 0xf6, 0xf3, 0xf0, 0xec, 0xe7, 0xe2, 0xdd, 0xd8, 0xd2, 0xcb, 0xc5, 0xbe, 0xb7, 0xb0,
0xa8, 0xa0, 0x99, 0x91, 0x89, 0x81, 0x78, 0x70, 0x68, 0x60, 0x58, 0x51, 0x49, 0x42, 0x3b, 0x35,
0x2e, 0x28, 0x23, 0x1d, 0x18, 0x14, 0x10, 0xc, 0x9, 0x6, 0x3, 0x2, 0x0, 0xff, 0xff, 0xff,
0x0, 0x1, 0x3, 0x5, 0x7, 0xa, 0xe, 0x12, 0x16, 0x1b, 0x20, 0x26, 0x2c, 0x32, 0x38, 0x3f,
0x46, 0x4e, 0x55, 0x5d, 0x65, 0x6c, 0x74, 0x7c, 0x85, 0x8d, 0x95, 0x9d, 0xa5, 0xac, 0xb4, 0xbb,
0xc2, 0xc9, 0xcf, 0xd5, 0xdb, 0xe0, 0xe5, 0xea, 0xee, 0xf2, 0xf5, 0xf8, 0xfa, 0xfc, 0xfe, 0xff,
0xff, 0xff, 0xfe, 0xfd, 0xfc, 0xfa, 0xf7, 0xf4, 0xf1, 0xed, 0xe8, 0xe4, 0xde, 0xd9, 0xd3, 0xcd,
0xc6, 0xbf, 0xb8, 0xb1, 0xaa, 0xa2, 0x9a, 0x92, 0x8b, 0x83, 0x7a, 0x72, 0x6a, 0x62, 0x5a, 0x53,
0x4b, 0x44, 0x3d, 0x36, 0x30, 0x2a, 0x24, 0x1e, 0x19, 0x15, 0x10, 0xd, 0x9, 0x6, 0x4, 0x2,
0x1, 0x0, 0xff, 0xff, 0x0, 0x1, 0x2, 0x4, 0x7, 0xa, 0xd, 0x11, 0x15, 0x1a, 0x1f, 0x25,
0x2a, 0x31, 0x37, 0x3e, 0x45, 0x4c, 0x53, 0x5b, 0x63, 0x6b, 0x73, 0x7b, 0x84, 0x8b, 0x93, 0x9b,
0xa3, 0xab, 0xb2, 0xb9, 0xc0, 0xc7, 0xcd, 0xd4, 0xd9, 0xdf, 0xe4, 0xe9, 0xed, 0xf1, 0xf4, 0xf7,
0xfa, 0xfc, 0xfd, 0xfe, 0xff, 0xff, 0xfe, 0xfe, 0xfc, 0xfa, 0xf8, 0xf5, 0xf1, 0xee, 0xe9, 0xe5,
0xe0, 0xda, 0xd4, 0xce, 0xc8, 0xc1, 0xba, 0xb3, 0xab, 0xa4, 0x9c, 0x94, 0x8c, 0x84, 0x7b, 0x73,
0x6b, 0x64, 0x5c, 0x54, 0x4d, 0x46, 0x3f, 0x38, 0x31, 0x2b, 0x25, 0x20, 0x1a, 0x16, 0x11, 0xd,
0xa, 0x7, 0x4, 0x2, 0x1, 0x0, 0xff, 0xff, 0xff, 0x0, 0x2, 0x4, 0x6, 0x9, 0xc, 0x10,
0x14, 0x19, 0x1e, 0x23, 0x29, 0x2f, 0x35, 0x3c, 0x43, 0x4a, 0x52, 0x59, 0x61, 0x69, 0x71, 0x79,
0x82, 0x8a, 0x92, 0x99, 0xa1, 0xa9, 0xb0, 0xb8, 0xbf, 0xc6, 0xcc, 0xd2, 0xd8, 0xde, 0xe3, 0xe8,
0xec, 0xf0, 0xf4, 0xf7, 0xf9, 0xfb, 0xfd, 0xfe, 0xff, 0xff, 0xff, 0xfe, 0xfc, 0xfb, 0xf8, 0xf5,
0xf2, 0xee, 0xea, 0xe6, 0xe1, 0xdb, 0xd6, 0xd0, 0xc9, 0xc3, 0xbc, 0xb5, 0xad, 0xa6, 0x9e, 0x96,
0x8e, 0x86, 0x7d, 0x75, 0x6d, 0x65, 0x5e, 0x56, 0x4e, 0x47, 0x40, 0x39, 0x33, 0x2c, 0x26, 0x21,
0x1c, 0x17, 0x12, 0xe, 0xb, 0x8, 0x5, 0x3, 0x1, 0x0, 0xff, 0xff, 0xff, 0x0, 0x1, 0x3,
0x5, 0x8, 0xb, 0xf, 0x13, 0x18, 0x1d, 0x22, 0x28, 0x2e, 0x34, 0x3b, 0x42, 0x49, 0x50, 0x58,
0x5f, 0x67, 0x6f, 0x77, 0x80, 0x88, 0x90, 0x98, 0x9f, 0xa7, 0xaf, 0xb6, 0xbd, 0xc4, 0xcb, 0xd1,
0xd7, 0xdd, 0xe2, 0xe7, 0xeb, 0xef, 0xf3, 0xf6, 0xf9, 0xfb, 0xfd, 0xfe, 0xff, 0xff, 0xff, 0xfe,
0xfd, 0xfb, 0xf9, 0xf6, 0xf3, 0xef, 0xeb, 0xe7, 0xe2, 0xdd, 0xd7, 0xd1, 0xcb, 0xc4, 0xbd, 0xb6,
0xaf, 0xa7, 0xa0, 0x98, 0x90, 0x88, 0x80, 0x77, 0x6f, 0x67, 0x5f, 0x58, 0x50, 0x49, 0x42, 0x3b,
0x34, 0x2e, 0x28, 0x22, 0x1d, 0x18, 0x13, 0xf, 0xc, 0x8, 0x6, 0x3, 0x1, 0x0, 0xff, 0xff,
0xff, 0x0, 0x1, 0x3, 0x5, 0x8, 0xb, 0xe, 0x12, 0x17, 0x1c, 0x21, 0x26, 0x2c, 0x33, 0x39,
0x40, 0x47, 0x4e, 0x56, 0x5d, 0x65, 0x6d, 0x75, 0x7d, 0x86, 0x8e, 0x96, 0x9e, 0xa5, 0xad, 0xb4,
0xbc, 0xc2, 0xc9, 0xcf, 0xd6, 0xdb, 0xe1, 0xe6, 0xea, 0xee, 0xf2, 0xf5, 0xf8, 0xfb, 0xfc, 0xfe,
0xff, 0xff, 0xff, 0xfe, 0xfd, 0xfb, 0xf9, 0xf7, 0xf4, 0xf0, 0xec, 0xe8, 0xe3, 0xde, 0xd8, 0xd2,
0xcc, 0xc6, 0xbf, 0xb8, 0xb1, 0xa9, 0xa1, 0x9a, 0x92, 0x8a, 0x82, 0x79, 0x71, 0x69, 0x61, 0x59,
0x52, 0x4a, 0x43, 0x3c, 0x36, 0x2f, 0x29, 0x23, 0x1e, 0x19, 0x14, 0x10, 0xc, 0x9, 0x6, 0x4,
0x2, 0x0, 0xff, 0xff, 0xff, 0x0, 0x1, 0x2, 0x4, 0x7, 0xa, 0xd, 0x11, 0x16, 0x1a, 0x20,
0x25, 0x2b, 0x31, 0x38, 0x3e, 0x45, 0x4d, 0x54, 0x5c, 0x63, 0x6b, 0x73, 0x7b, 0x84, 0x8c, 0x94,
0x9c, 0xa4, 0xab, 0xb3, 0xba, 0xc1, 0xc8, 0xce, 0xd4, 0xda, 0xdf, 0xe5, 0xe9, 0xed, 0xf1, 0xf5,
0xf8, 0xfa, 0xfc, 0xfd, 0xfe, 0xff, 0xff, 0xfe, 0xfd, 0xfc, 0xfa, 0xf7, 0xf4, 0xf1, 0xed, 0xe9,
0xe4, 0xdf, 0xda, 0xd4, 0xce, 0xc7, 0xc0, 0xb9, 0xb2, 0xab, 0xa3, 0x9b, 0x94, 0x8c, 0x84, 0x7b,
0x73, 0x6b, 0x63, 0x5b, 0x54, 0x4c, 0x45, 0x3e, 0x37, 0x31, 0x2a, 0x25, 0x1f, 0x1a, 0x15, 0x11,
0xd, 0xa, 0x7, 0x4, 0x2, 0x1, 0x0, 0xff, 0xff, 0x0, 0x0, 0x2, 0x4, 0x6, 0x9, 0xd,
0x10, 0x15, 0x19, 0x1e, 0x24, 0x2a, 0x30, 0x36, 0x3d, 0x44, 0x4b, 0x52, 0x5a, 0x62, 0x6a, 0x71,
0x79, 0x82, 0x8a, 0x92, 0x9a, 0xa2, 0xaa, 0xb1, 0xb8, 0xbf, 0xc6, 0xcd, 0xd3, 0xd9, 0xde, 0xe3,
0xe8, 0xed, 0xf0, 0xf4, 0xf7, 0xfa, 0xfc, 0xfd, 0xfe, 0xff, 0xff, 0xff, 0xfe, 0xfc, 0xfa, 0xf8,
0xf5, 0xf2, 0xee, 0xea, 0xe5, 0xe0, 0xdb, 0xd5, 0xcf, 0xc9, 0xc2, 0xbb, 0xb4, 0xac, 0xa5, 0x9d,
0x95, 0x8d, 0x85, 0x7d, 0x75, 0x6d, 0x65, 0x5d, 0x55, 0x4e, 0x47, 0x3f, 0x39, 0x32, 0x2c, 0x26,
0x20, 0x1b, 0x16, 0x12, 0xe, 0xa, 0x7, 0x5, 0x3, 0x1, 0x0, 0xff, 0xff, 0xff, 0x0, 0x2,
0x3, 0x6, 0x8, 0xc, 0xf, 0x14, 0x18, 0x1d, 0x22, 0x28, 0x2e, 0x35, 0x3b, 0x42, 0x49, 0x51,
0x58, 0x60, 0x68, 0x70, 0x78, 0x81, 0x89, 0x91, 0x98, 0xa0, 0xa8, 0xaf, 0xb7, 0xbe, 0xc5, 0xcb,
0xd1, 0xd7, 0xdd, 0xe2, 0xe7, 0xec, 0xf0, 0xf3, 0xf6, 0xf9, 0xfb, 0xfd, 0xfe, 0xff, 0xff, 0xff,
0xfe, 0xfd, 0xfb, 0xf9, 0xf6, 0xf3, 0xef, 0xeb, 0xe6, 0xe1, 0xdc, 0xd6, 0xd0, 0xca, 0xc4, 0xbd,
0xb6, 0xae, 0xa7, 0x9f, 0x97, 0x8f, 0x87, 0x7e, 0x76, 0x6e, 0x66, 0x5f, 0x57, 0x50, 0x48, 0x41,
0x3a, 0x34, 0x2d, 0x27, 0x22, 0x1c, 0x17, 0x13, 0xf, 0xb, 0x8, 0x5, 0x3, 0x1, 0x0, 0xff,
0xff, 0xff, 0x0, 0x1, 0x3, 0x5, 0x8, 0xb, 0xf, 0x13, 0x17, 0x1c, 0x21, 0x27, 0x2d, 0x33,
0x3a, 0x41, 0x48, 0x4f, 0x57, 0x5e, 0x66, 0x6e, 0x76, 0x7e, 0x87, 0x8f, 0x97, 0x9e, 0xa6, 0xae,
0xb5, 0xbc, 0xc3, 0xca, 0xd0, 0xd6, 0xdc, 0xe1, 0xe6, 0xeb, 0xef, 0xf2, 0xf6, 0xf8, 0xfb, 0xfd,
0xfe, 0xff, 0xff, 0xff, 0xfe, 0xfd, 0xfb, 0xf9, 0xf7, 0xf3, 0xf0, 0xec, 0xe7, 0xe3, 0xdd, 0xd8,
0xd2, 0xcc, 0xc5, 0xbe, 0xb7, 0xb0, 0xa8, 0xa1, 0x99, 0x91, 0x89, 0x81, 0x78, 0x70, 0x68, 0x60,
0x59, 0x51, 0x4a, 0x43, 0x3c, 0x35, 0x2f, 0x29, 0x23, 0x1d, 0x18, 0x14, 0x10, 0xc, 0x9, 0x6,
0x4, 0x2, 0x0, 0xff, 0xff, 0xff, 0x0, 0x1, 0x2, 0x5, 0x7, 0xa, 0xe, 0x12, 0x16, 0x1b,
0x20, 0x26, 0x2b, 0x32, 0x38, 0x3f, 0x46, 0x4d, 0x55, 0x5c, 0x64, 0x6c, 0x74, 0x7c, 0x85, 0x8d,
0x95, 0x9d, 0xa4, 0xac, 0xb3, 0xbb, 0xc2, 0xc8, 0xcf, 0xd5, 0xdb, 0xe0, 0xe5, 0xea, 0xee, 0xf2,
0xf5, 0xf8, 0xfa, 0xfc, 0xfe, 0xff, 0xff, 0xff, 0xfe, 0xfd, 0xfc, 0xfa, 0xf7, 0xf4, 0xf1, 0xed,
0xe8, 0xe4, 0xdf, 0xd9, 0xd3, 0xcd, 0xc7, 0xc0, 0xb9, 0xb2, 0xaa, 0xa2, 0x9b, 0x93, 0x8b, 0x83,
0x7a, 0x72, 0x6a, 0x62, 0x5a, 0x53, 0x4b, 0x44, 0x3d, 0x37, 0x30, 0x2a, 0x24, 0x1f, 0x1a, 0x15,
0x11, 0xd, 0x9, 0x6, 0x4, 0x2, 0x1, 0x0, 0xff, 0xff, 0x0, 0x1, 0x2, 0x4, 0x7, 0x9,
0xd, 0x11, 0x15, 0x1a, 0x1f, 0x24, 0x2a, 0x30, 0x37, 0x3d, 0x44, 0x4c, 0x53, 0x5b, 0x62, 0x6a,
0x72, 0x7a, 0x83, 0x8b, 0x93, 0x9b, 0xa3, 0xaa, 0xb2, 0xb9, 0xc0, 0xc7, 0xcd, 0xd3, 0xd9, 0xdf,
0xe4, 0xe9, 0xed, 0xf1, 0xf4, 0xf7, 0xfa, 0xfc, 0xfd, 0xfe, 0xff, 0xff, 0xff, 0xfe, 0xfc, 0xfa,
0xf8, 0xf5, 0xf2, 0xee, 0xea, 0xe5, 0xe0, 0xda, 0xd5, 0xcf, 0xc8, 0xc1, 0xba, 0xb3, 0xac, 0xa4,
0x9c, 0x95, 0x8d, 0x85, 0x7c, 0x74, 0x6c, 0x64, 0x5c, 0x55, 0x4d, 0x46, 0x3f, 0x38, 0x32, 0x2b,
0x25, 0x20, 0x1b, 0x16, 0x12, 0xe, 0xa, 0x7, 0x5, 0x2, 0x1, 0x0, 0xff, 0xff, 0xff, 0x0,
0x2, 0x4, 0x6, 0x9, 0xc, 0x10, 0x14, 0x19, 0x1e, 0x23, 0x29, 0x2f, 0x35, 0x3c, 0x43, 0x4a,
0x51, 0x59, 0x61, 0x68, 0x70, 0x78, 0x81, 0x89, 0x91, 0x99, 0xa1, 0xa9, 0xb0, 0xb7, 0xbe, 0xc5,
0xcc, 0xd2, 0xd8, 0xde, 0xe3, 0xe8, 0xec, 0xf0, 0xf3, 0xf7, 0xf9, 0xfb, 0xfd, 0xfe, 0xff, 0xff,
0xff, 0xfe, 0xfc, 0xfb, 0xf8, 0xf6, 0xf2, 0xef, 0xeb, 0xe6, 0xe1, 0xdc, 0xd6, 0xd0, 0xca, 0xc3,
0xbc, 0xb5, 0xad, 0xa6, 0x9e, 0x96, 0x8f, 0x87, 0x7e, 0x76, 0x6e, 0x66, 0x5e, 0x56, 0x4f, 0x48,
0x40, 0x3a, 0x33, 0x2d, 0x27, 0x21, 0x1c, 0x17, 0x13, 0xe, 0xb, 0x8, 0x5, 0x3, 0x1, 0x0,
0xff, 0xff, 0xff, 0x0, 0x1, 0x3, 0x5, 0x8, 0xb, 0xf, 0x13, 0x18, 0x1c, 0x22, 0x27, 0x2d,
0x34, 0x3a, 0x41, 0x48, 0x50, 0x57, 0x5f, 0x67, 0x6f, 0x77, 0x80, 0x87, 0x8f, 0x97, 0x9f, 0xa7,
0xae, 0xb6, 0xbd, 0xc4, 0xca, 0xd1, 0xd7, 0xdc, 0xe2, 0xe7, 0xeb, 0xef, 0xf3, 0xf6, 0xf9, 0xfb,
0xfd, 0xfe, 0xff, 0xff, 0xff, 0xfe, 0xfd, 0xfb, 0xf9, 0xf6, 0xf3, 0xf0, 0xeb, 0xe7, 0xe2, 0xdd,
0xd7, 0xd1, 0xcb, 0xc4, 0xbe, 0xb6, 0xaf, 0xa8, 0xa0, 0x98, 0x90, 0x88, 0x80, 0x77, 0x6f, 0x68,
0x60, 0x58, 0x51, 0x49, 0x42, 0x3b, 0x34, 0x2e, 0x28, 0x22, 0x1d, 0x18, 0x13, 0xf, 0xc, 0x8,
0x6, 0x3, 0x2, 0x0, 0xff, 0xff, 0xff, 0x0, 0x1, 0x3, 0x5, 0x7, 0xb, 0xe, 0x12, 0x16,
0x1b, 0x20, 0x26, 0x2c, 0x32, 0x39, 0x40, 0x47, 0x4e, 0x55, 0x5d, 0x65, 0x6d, 0x75, 0x7d, 0x86,
0x8e, 0x96, 0x9d, 0xa5, 0xad, 0xb4, 0xbb, 0xc2, 0xc9, 0xcf, 0xd5, 0xdb, 0xe0, 0xe5, 0xea, 0xee,
0xf2, 0xf5, 0xf8, 0xfa, 0xfc, 0xfe, 0xff, 0xff, 0xff, 0xfe, 0xfd, 0xfc, 0xf9, 0xf7, 0xf4, 0xf0,
0xec, 0xe8, 0xe3, 0xde, 0xd9, 0xd3, 0xcd, 0xc6, 0xbf, 0xb8, 0xb1, 0xa9, 0xa2, 0x9a, 0x92, 0x8a,
0x82, 0x79, 0x71, 0x69, 0x62, 0x5a, 0x52, 0x4b, 0x44, 0x3d, 0x36, 0x30, 0x29, 0x24, 0x1e, 0x19,
0x15, 0x10, 0xc, 0x9, 0x6, 0x4, 0x2, 0x0, 0xff, 0xff, 0xff, 0x0, 0x1, 0x2, 0x4, 0x7,
0xa, 0xd, 0x11, 0x15, 0x1a, 0x1f, 0x25, 0x2b, 0x31, 0x37, 0x3e, 0x45, 0x4c, 0x54, 0x5b, 0x63,
0x6b, 0x73, 0x7b, 0x84, 0x8c, 0x94, 0x9c, 0xa3, 0xab, 0xb2, 0xba, 0xc1, 0xc7, 0xce, 0xd4, 0xda,
0xdf, 0xe4, 0xe9, 0xed, 0xf1, 0xf5, 0xf7, 0xfa, 0xfc, 0xfd, 0xfe, 0xff, 0xff, 0xfe, 0xfd, 0xfc,
0xfa, 0xf8, 0xf5, 0xf1, 0xed, 0xe9, 0xe4, 0xdf, 0xda, 0xd4, 0xce, 0xc7, 0xc1, 0xba, 0xb3, 0xab,
0xa4, 0x9c, 0x94, 0x8c, 0x84, 0x7b, 0x73, 0x6b, 0x63, 0x5c, 0x54, 0x4c, 0x45, 0x3e, 0x37, 0x31,
0x2b, 0x25, 0x1f, 0x1a, 0x16, 0x11, 0xd, 0xa, 0x7, 0x4, 0x2, 0x1, 0x0, 0xff, 0xff, 0xff,
0x0, 0x2, 0x4, 0x6, 0x9, 0xc, 0x10, 0x14, 0x19, 0x1e, 0x23, 0x29, 0x2f, 0x36, 0x3c, 0x43,
0x4b, 0x52, 0x5a, 0x61, 0x69, 0x71, 0x79, 0x82, 0x8a, 0x92, 0x9a, 0xa2, 0xa9, 0xb1, 0xb8, 0xbf,
0xc6, 0xcc, 0xd3, 0xd8, 0xde, 0xe3, 0xe8, 0xec, 0xf0, 0xf4, 0xf7, 0xf9, 0xfc, 0xfd, 0xfe, 0xff,
0xff, 0xff, 0xfe, 0xfc, 0xfa, 0xf8, 0xf5, 0xf2, 0xee, 0xea, 0xe6, 0xe1, 0xdb, 0xd5, 0xcf, 0xc9,
0xc2, 0xbb, 0xb4, 0xad, 0xa5, 0x9e, 0x96, 0x8e, 0x86, 0x7d, 0x75, 0x6d, 0x65, 0x5d, 0x56, 0x4e,
0x47, 0x40, 0x39, 0x32, 0x2c, 0x26, 0x21, 0x1b, 0x17, 0x12, 0xe, 0xb, 0x7, 0x5, 0x3, 0x1,
0x0, 0xff, 0xff, 0xff, 0x0, 0x1, 0x3, 0x6, 0x8, 0xc, 0xf, 0x13, 0x18, 0x1d, 0x22, 0x28,
0x2e, 0x34, 0x3b, 0x42, 0x49, 0x50, 0x58, 0x60, 0x67, 0x6f, 0x77, 0x80, 0x88, 0x90, 0x98, 0xa0,
0xa8, 0xaf, 0xb6, 0xbd, 0xc4, 0xcb, 0xd1, 0xd7, 0xdd, 0xe2, 0xe7, 0xeb, 0xef, 0xf3, 0xf6, 0xf9,
0xfb, 0xfd, 0xfe, 0xff, 0xff, 0xff, 0xfe, 0xfd, 0xfb, 0xf9, 0xf6, 0xf3, 0xef, 0xeb, 0xe7, 0xe2,
0xdc, 0xd7, 0xd1, 0xca, 0xc4, 0xbd, 0xb6, 0xaf, 0xa7, 0x9f, 0x98, 0x90, 0x88, 0x80, 0x77, 0x6f,
0x67, 0x5f, 0x57, 0x50, 0x48, 0x41, 0x3a, 0x34, 0x2e, 0x28, 0x22, 0x1d, 0x18, 0x13, 0xf, 0xb,
0x8, 0x5, 0x3, 0x1, 0x0, 0xff, 0xff, 0xff, 0x0, 0x1, 0x3, 0x5, 0x8, 0xb, 0xe, 0x12,
0x17, 0x1c, 0x21, 0x27, 0x2d, 0x33, 0x39, 0x40, 0x47, 0x4f, 0x56, 0x5e, 0x66, 0x6d, 0x75, 0x7d,
0x86, 0x8e, 0x96, 0x9e, 0xa6, 0xad, 0xb5, 0xbc, 0xc3, 0xc9, 0xd0, 0xd6, 0xdc, 0xe1, 0xe6, 0xea,
0xef, 0xf2, 0xf6, 0xf8, 0xfb, 0xfc, 0xfe, 0xff, 0xff, 0xff, 0xfe, 0xfd, 0xfb, 0xf9, 0xf7, 0xf4,
0xf0, 0xec, 0xe8, 0xe3, 0xde, 0xd8, 0xd2, 0xcc, 0xc5, 0xbf, 0xb7, 0xb0, 0xa9, 0xa1, 0x99, 0x91,
0x89, 0x81, 0x79, 0x71, 0x69, 0x61, 0x59, 0x52, 0x4a, 0x43, 0x3c, 0x35, 0x2f, 0x29, 0x23, 0x1e,
0x19, 0x14, 0x10, 0xc, 0x9, 0x6, 0x4, 0x2, 0x0, 0xff, 0xff, 0xff, 0x0, 0x1, 0x2, 0x4,
0x7, 0xa, 0xe, 0x11, 0x16, 0x1b, 0x20, 0x25, 0x2b, 0x31, 0x38, 0x3f, 0x46, 0x4d, 0x54, 0x5c,
0x64, 0x6c, 0x74, 0x7c, 0x85, 0x8d, 0x94, 0x9c, 0xa4, 0xac, 0xb3, 0xba, 0xc1, 0xc8, 0xce, 0xd4,
0xda, 0xe0, 0xe5, 0xe9, 0xee, 0xf1, 0xf5, 0xf8, 0xfa, 0xfc, 0xfe, 0xfe, 0xff, 0xff, 0xfe, 0xfd,
0xfc, 0xfa, 0xf7, 0xf4, 0xf1, 0xed, 0xe9, 0xe4, 0xdf, 0xd9, 0xd4, 0xcd, 0xc7, 0xc0, 0xb9, 0xb2,
0xaa, 0xa3, 0x9b, 0x93, 0x8b, 0x83, 0x7a, 0x72, 0x6a, 0x63, 0x5b, 0x53, 0x4c, 0x45, 0x3e, 0x37,
0x30, 0x2a, 0x24, 0x1f, 0x1a, 0x15, 0x11, 0xd, 0xa, 0x7, 0x4, 0x2, 0x1, 0x0, 0xff, 0xff,
0x0, 0x1, 0x2, 0x4, 0x6, 0x9, 0xd, 0x11, 0x15, 0x19, 0x1f, 0x24, 0x2a, 0x30, 0x36, 0x3d,
0x44, 0x4b, 0x53, 0x5a, 0x62, 0x6a, 0x72, 0x7a, 0x83, 0x8b, 0x93, 0x9b, 0xa2, 0xaa, 0xb1, 0xb9,
0xc0, 0xc6, 0xcd, 0xd3, 0xd9, 0xdf, 0xe4, 0xe8, 0xed, 0xf1, 0xf4, 0xf7, 0xfa, 0xfc, 0xfd, 0xfe,
0xff, 0xff, 0xff, 0xfe, 0xfc, 0xfa, 0xf8, 0xf5, 0xf2, 0xee, 0xea, 0xe5, 0xe0, 0xdb, 0xd5, 0xcf,
0xc8, 0xc2, 0xbb, 0xb4, 0xac, 0xa5, 0x9d, 0x95, 0x8d, 0x85, 0x7c, 0x74, 0x6c, 0x64, 0x5d, 0x55,
0x4d, 0x46, 0x3f, 0x38, 0x32, 0x2c, 0x26, 0x20, 0x1b, 0x16, 0x12, 0xe, 0xa, 0x7, 0x5, 0x3,
0x1, 0x0, 0xff, 0xff, 0xff, 0x0, 0x2, 0x3, 0x6, 0x9, 0xc, 0x10, 0x14, 0x18, 0x1d, 0x23,
0x28, 0x2f, 0x35, 0x3c, 0x42, 0x4a, 0x51, 0x59, 0x60, 0x68, 0x70, 0x78, 0x81, 0x89, 0x91, 0x99,
0xa1, 0xa8, 0xb0, 0xb7, 0xbe, 0xc5, 0xcb, 0xd2, 0xd8, 0xdd, 0xe2, 0xe7, 0xec, 0xf0, 0xf3, 0xf6,
0xf9, 0xfb, 0xfd, 0xfe, 0xff, 0xff, 0xff, 0xfe, 0xfd, 0xfb, 0xf8, 0xf6, 0xf3, 0xef, 0xeb, 0xe6,
0xe1, 0xdc, 0xd6, 0xd0, 0xca, 0xc3, 0xbc, 0xb5, 0xae, 0xa6, 0x9f, 0x97, 0x8f, 0x87, 0x7e, 0x76,
0x6e, 0x66, 0x5e, 0x57, 0x4f, 0x48, 0x41, 0x3a, 0x33, 0x2d, 0x27, 0x21, 0x1c, 0x17, 0x13, 0xf,
0xb, 0x8, 0x5, 0x3, 0x1, 0x0, 0xff, 0xff, 0xff, 0x0, 0x1, 0x3, 0x5, 0x8, 0xb, 0xf,
0x13, 0x17, 0x1c, 0x21, 0x27, 0x2d, 0x33, 0x3a, 0x41, 0x48, 0x4f, 0x57, 0x5f, 0x66, 0x6e, 0x76,
0x7e, 0x87, 0x8f, 0x97, 0x9f, 0xa6, 0xae, 0xb5, 0xbc, 0xc3, 0xca, 0xd0, 0xd6, 0xdc, 0xe1, 0xe6,
0xeb, 0xef, 0xf3, 0xf6, 0xf9, 0xfb, 0xfd, 0xfe, 0xff, 0xff, 0xff, 0xfe, 0xfd, 0xfb, 0xf9, 0xf6,
0xf3, 0xf0, 0xec, 0xe7, 0xe2, 0xdd, 0xd8, 0xd2, 0xcb, 0xc5, 0xbe, 0xb7, 0xb0, 0xa8, 0xa0, 0x99,
0x91, 0x89, 0x81, 0x78, 0x70, 0x68, 0x60, 0x58, 0x51, 0x49, 0x42, 0x3b, 0x35, 0x2e, 0x28, 0x23,
0x1d, 0x18, 0x14, 0x10, 0xc, 0x9, 0x6, 0x3, 0x2, 0x0, 0xff, 0xff, 0xff, 0x0, 0x1, 0x3,
0x5, 0x7, 0xa, 0xe, 0x12, 0x16, 0x1b, 0x20, 0x26, 0x2c, 0x32, 0x38, 0x3f, 0x46, 0x4e, 0x55,
0x5d, 0x65, 0x6c, 0x74, 0x7c, 0x85, 0x8d, 0x95, 0x9d, 0xa5, 0xac, 0xb4, 0xbb, 0xc2, 0xc9, 0xcf,
0xd5, 0xdb, 0xe0, 0xe5, 0xea, 0xee, 0xf2, 0xf5, 0xf8, 0xfa, 0xfc, 0xfe, 0xff, 0xff, 0xff, 0xfe,
0xfd, 0xfc, 0xfa, 0xf7, 0xf4, 0xf1, 0xed, 0xe8, 0xe4, 0xde, 0xd9, 0xd3, 0xcd, 0xc6, 0xbf, 0xb8,
0xb1, 0xaa, 0xa2, 0x9a, 0x93, 0x8b, 0x83, 0x7a, 0x72, 0x6a, 0x62, 0x5a, 0x53, 0x4b, 0x44, 0x3d,
0x36, 0x30, 0x2a, 0x24, 0x1e, 0x19, 0x15, 0x10, 0xd, 0x9, 0x6, 0x4, 0x2, 0x0, 0x0, 0xff,
0xff, 0x0, 0x1, 0x2, 0x4, 0x7, 0xa, 0xd, 0x11, 0x15, 0x1a, 0x1f, 0x25, 0x2a, 0x31, 0x37,
0x3e, 0x45, 0x4c, 0x53, 0x5b, 0x63, 0x6b, 0x73, 0x7b, 0x83, 0x8b, 0x93, 0x9b, 0xa3, 0xab, 0xb2,
0xb9, 0xc0, 0xc7, 0xcd, 0xd4, 0xd9, 0xdf, 0xe4, 0xe9, 0xed, 0xf1, 0xf4, 0xf7, 0xfa, 0xfc, 0xfd,
0xfe, 0xff, 0xff, 0xfe, 0xfe, 0xfc, 0xfa, 0xf8, 0xf5, 0xf1, 0xee, 0xe9, 0xe5, 0xe0, 0xda, 0xd4,
0xce, 0xc8, 0xc1, 0xba, 0xb3, 0xab, 0xa4, 0x9c, 0x94, 0x8c, 0x84, 0x7b, 0x73, 0x6c, 0x64, 0x5c,
0x54, 0x4d, 0x46, 0x3f, 0x38, 0x31, 0x2b, 0x25, 0x20, 0x1a, 0x16, 0x11, 0xd, 0xa, 0x7, 0x4,
0x2, 0x1, 0x0, 0xff, 0xff, 0xff, 0x0, 0x2, 0x4, 0x6, 0x9, 0xc, 0x10, 0x14, 0x19, 0x1e,
0x23, 0x29, 0x2f, 0x35, 0x3c, 0x43, 0x4a, 0x52, 0x59, 0x61, 0x69, 0x71, 0x79, 0x82, 0x8a, 0x92,
0x99, 0xa1, 0xa9, 0xb0, 0xb8, 0xbf, 0xc6, 0xcc, 0xd2, 0xd8, 0xde, 0xe3, 0xe8, 0xec, 0xf0, 0xf4,
0xf7, 0xf9, 0xfb, 0xfd, 0xfe, 0xff, 0xff, 0xff, 0xfe, 0xfc, 0xfb, 0xf8, 0xf5, 0xf2, 0xee, 0xea,
0xe6, 0xe1, 0xdb, 0xd6, 0xd0, 0xc9, 0xc3, 0xbc, 0xb5, 0xad, 0xa6, 0x9e, 0x96, 0x8e, 0x86, 0x7d,
0x75, 0x6d, 0x65, 0x5e, 0x56, 0x4e, 0x47, 0x40, 0x39, 0x33, 0x2c, 0x26, 0x21, 0x1c, 0x17, 0x12,
0xe, 0xb, 0x8, 0x5, 0x3, 0x1, 0x0, 0xff, 0xff, 0xff, 0x0, 0x1, 0x3, 0x5, 0x8, 0xb,
0xf, 0x13, 0x18, 0x1d, 0x22, 0x28, 0x2e, 0x34, 0x3b, 0x42, 0x49, 0x50, 0x58, 0x5f, 0x67, 0x6f,
0x77, 0x80, 0x88, 0x90, 0x98, 0x9f, 0xa7, 0xaf, 0xb6, 0xbd, 0xc4, 0xcb, 0xd1, 0xd7, 0xdd, 0xe2,
0xe7, 0xeb, 0xef, 0xf3, 0xf6, 0xf9, 0xfb, 0xfd, 0xfe, 0xff, 0xff, 0xff, 0xfe, 0xfd, 0xfb, 0xf9,
0xf6, 0xf3, 0xef, 0xeb, 0xe7, 0xe2, 0xdd, 0xd7, 0xd1, 0xcb, 0xc4, 0xbd, 0xb6, 0xaf, 0xa7, 0xa0,
0x98, 0x90, 0x88, 0x80, 0x77, 0x6f, 0x67, 0x5f, 0x58, 0x50, 0x49, 0x42, 0x3b, 0x34, 0x2e, 0x28,
0x22, 0x1d, 0x18, 0x13, 0xf, 0xc, 0x8, 0x6, 0x3, 0x1, 0x0, 0xff, 0xff, 0xff, 0x0, 0x1,
0x3, 0x5, 0x8, 0xb, 0xe, 0x12, 0x17, 0x1c, 0x21, 0x26, 0x2c, 0x33, 0x39, 0x40, 0x47, 0x4e,
0x56, 0x5d, 0x65, 0x6d, 0x75, 0x7d, 0x86, 0x8e, 0x96, 0x9e, 0xa5, 0xad, 0xb4, 0xbc, 0xc2, 0xc9,
0xd0, 0xd6, 0xdb, 0xe1, 0xe6, 0xea, 0xee, 0xf2, 0xf5, 0xf8, 0xfb, 0xfc, 0xfe, 0xff, 0xff, 0xff,
0xfe, 0xfd, 0xfb, 0xf9, 0xf7, 0xf4, 0xf0, 0xec, 0xe8, 0xe3, 0xde, 0xd8, 0xd2, 0xcc, 0xc6, 0xbf,
0xb8, 0xb1, 0xa9, 0xa1, 0x9a, 0x92, 0x8a, 0x82, 0x79, 0x71, 0x69, 0x61, 0x59, 0x52, 0x4a, 0x43,
0x3c, 0x36, 0x2f, 0x29, 0x23, 0x1e, 0x19, 0x14, 0x10, 0xc, 0x9, 0x6, 0x4, 0x2, 0x0, 0xff,
0xff, 0xff, 0x0, 0x1, 0x2, 0x4, 0x7, 0xa, 0xd, 0x11, 0x16, 0x1a, 0x1f, 0x25, 0x2b, 0x31,
0x38, 0x3e, 0x45, 0x4d, 0x54, 0x5c, 0x63, 0x6b, 0x73, 0x7b, 0x84, 0x8c, 0x94, 0x9c, 0xa4, 0xab,
0xb3, 0xba, 0xc1, 0xc8, 0xce, 0xd4, 0xda, 0xdf, 0xe5, 0xe9, 0xed, 0xf1, 0xf5, 0xf8, 0xfa, 0xfc,
0xfd, 0xfe, 0xff, 0xff, 0xfe, 0xfd, 0xfc, 0xfa, 0xf7, 0xf4, 0xf1, 0xed, 0xe9, 0xe4, 0xdf, 0xda,
0xd4, 0xce, 0xc7, 0xc0, 0xb9, 0xb2, 0xab, 0xa3, 0x9b, 0x94, 0x8c, 0x84, 0x7b, 0x73, 0x6b, 0x63,
0x5b, 0x54, 0x4c, 0x45, 0x3e, 0x37, 0x31, 0x2a, 0x25, 0x1f, 0x1a, 0x15, 0x11, 0xd, 0xa, 0x7,
0x4, 0x2, 0x1, 0x0, 0xff, 0xff, 0x0, 0x0, 0x2, 0x4, 0x6, 0x9, 0xd, 0x10, 0x15, 0x19,
0x1e, 0x24, 0x2a, 0x30, 0x36, 0x3d, 0x44, 0x4b, 0x52, 0x5a, 0x62, 0x6a, 0x71, 0x79, 0x82, 0x8a,
0x92, 0x9a, 0xa2, 0xaa, 0xb1, 0xb8, 0xbf, 0xc6, 0xcd, 0xd3, 0xd9, 0xde, 0xe3, 0xe8, 0xed, 0xf0,
0xf4, 0xf7, 0xfa, 0xfc, 0xfd, 0xfe, 0xff, 0xff, 0xff, 0xfe, 0xfc, 0xfa, 0xf8, 0xf5, 0xf2, 0xee,
0xea, 0xe5, 0xe0, 0xdb, 0xd5, 0xcf, 0xc9, 0xc2, 0xbb, 0xb4, 0xac, 0xa5, 0x9d, 0x95, 0x8d, 0x85,
0x7d, 0x75, 0x6d, 0x65, 0x5d, 0x55, 0x4e, 0x47, 0x3f, 0x39, 0x32, 0x2c, 0x26, 0x20, 0x1b, 0x16,
0x12, 0xe, 0xa, 0x7, 0x5, 0x3, 0x1, 0x0, 0xff, 0xff, 0xff, 0x0, 0x2, 0x3, 0x6, 0x9,
0xc, 0xf, 0x14, 0x18, 0x1d, 0x22, 0x28, 0x2e, 0x35, 0x3b, 0x42, 0x49, 0x51, 0x58, 0x60, 0x68,
0x70, 0x78, 0x81, 0x89, 0x91, 0x98, 0xa0, 0xa8, 0xaf, 0xb7, 0xbe, 0xc5, 0xcb, 0xd1, 0xd7, 0xdd,
0xe2, 0xe7, 0xec, 0xf0, 0xf3, 0xf6, 0xf9, 0xfb, 0xfd, 0xfe, 0xff, 0xff, 0xff, 0xfe, 0xfd, 0xfb,
0xf9, 0xf6, 0xf3, 0xef, 0xeb, 0xe6, 0xe1, 0xdc, 0xd7, 0xd0, 0xca, 0xc4, 0xbd, 0xb6, 0xae, 0xa7,
0x9f, 0x97, 0x8f, 0x87, 0x7e, 0x76, 0x6e, 0x66, 0x5f, 0x57, 0x50, 0x48, 0x41, 0x3a, 0x34, 0x2d,
0x27, 0x22, 0x1c, 0x17, 0x13, 0xf, 0xb, 0x8, 0x5, 0x3, 0x1, 0x0, 0xff, 0xff, 0xff, 0x0,
0x1, 0x3, 0x5, 0x8, 0xb, 0xf, 0x13, 0x17, 0x1c, 0x21, 0x27, 0x2d, 0x33, 0x3a, 0x41, 0x48,
0x4f, 0x56, 0x5e, 0x66, 0x6e, 0x76, 0x7e, 0x87, 0x8f, 0x97, 0x9e, 0xa6, 0xae, 0xb5, 0xbc, 0xc3,
0xca, 0xd0, 0xd6, 0xdc, 0xe1, 0xe6, 0xeb, 0xef, 0xf2, 0xf6, 0xf8, 0xfb, 0xfd, 0xfe, 0xff, 0xff,
0xff, 0xfe, 0xfd, 0xfb, 0xf9, 0xf7, 0xf3, 0xf0, 0xec, 0xe7, 0xe3, 0xdd, 0xd8, 0xd2, 0xcc, 0xc5,
0xbe, 0xb7, 0xb0, 0xa8, 0xa1, 0x99, 0x91, 0x89, 0x81, 0x78, 0x70, 0x68, 0x60, 0x59, 0x51, 0x4a,
0x43, 0x3c, 0x35, 0x2f, 0x29, 0x23, 0x1d, 0x18, 0x14, 0x10, 0xc, 0x9, 0x6, 0x4, 0x2, 0x0,
0xff, 0xff, 0xff, 0x0, 0x1, 0x2, 0x5, 0x7, 0xa, 0xe, 0x12, 0x16, 0x1b, 0x20, 0x26, 0x2b,
0x32, 0x38, 0x3f, 0x46, 0x4d, 0x55, 0x5c, 0x64, 0x6c, 0x74, 0x7c, 0x85, 0x8d, 0x95, 0x9d, 0xa4,
0xac, 0xb3, 0xbb, 0xc2, 0xc8, 0xcf, 0xd5, 0xdb, 0xe0, 0xe5, 0xea, 0xee, 0xf2, 0xf5, 0xf8, 0xfa,
0xfc, 0xfe, 0xff, 0xff, 0xff, 0xfe, 0xfd, 0xfc, 0xfa, 0xf7, 0xf4, 0xf1, 0xed, 0xe8, 0xe4, 0xdf,
0xd9, 0xd3, 0xcd, 0xc7, 0xc0, 0xb9, 0xb2, 0xaa, 0xa2, 0x9b, 0x93, 0x8b, 0x83, 0x7a, 0x72, 0x6a,
0x62, 0x5a, 0x53, 0x4b, 0x44, 0x3d, 0x37, 0x30, 0x2a, 0x24, 0x1f, 0x1a, 0x15, 0x11, 0xd, 0x9,
0x6, 0x4, 0x2, 0x1, 0x0, 0xff, 0xff, 0x0, 0x1, 0x2, 0x4, 0x7, 0x9, 0xd, 0x11, 0x15,
0x1a, 0x1f, 0x24, 0x2a, 0x30, 0x37, 0x3d, 0x44, 0x4c, 0x53, 0x5b, 0x62, 0x6a, 0x72, 0x7a, 0x83,
0x8b, 0x93, 0x9b, 0xa3, 0xaa, 0xb2, 0xb9, 0xc0, 0xc7, 0xcd, 0xd3, 0xd9, 0xdf, 0xe4, 0xe9, 0xed,
0xf1, 0xf4, 0xf7, 0xfa, 0xfc, 0xfd, 0xfe, 0xff, 0xff, 0xff, 0xfe, 0xfc, 0xfa, 0xf8, 0xf5, 0xf2,
0xee, 0xea, 0xe5, 0xe0, 0xda, 0xd5, 0xcf, 0xc8, 0xc1, 0xba, 0xb3, 0xac, 0xa4, 0x9c, 0x95, 0x8d,
0x85, 0x7c, 0x74, 0x6c, 0x64, 0x5c, 0x55, 0x4d, 0x46, 0x3f, 0x38, 0x32, 0x2b, 0x25, 0x20, 0x1b,
0x16, 0x12, 0xe, 0xa, 0x7, 0x5, 0x2, 0x1, 0x0, 0xff, 0xff, 0xff, 0x0, 0x2, 0x4, 0x6,
0x9, 0xc, 0x10, 0x14, 0x19, 0x1e, 0x23, 0x29, 0x2f, 0x35, 0x3c, 0x43, 0x4a, 0x51, 0x59, 0x61,
0x68, 0x70, 0x78, 0x81, 0x89, 0x91, 0x99, 0xa1, 0xa9, 0xb0, 0xb7, 0xbe, 0xc5, 0xcc, 0xd2, 0xd8,
0xde, 0xe3, 0xe8, 0xec, 0xf0, 0xf4, 0xf7, 0xf9, 0xfb, 0xfd, 0xfe, 0xff, 0xff, 0xff, 0xfe, 0xfc,
0xfb, 0xf8, 0xf6, 0xf2, 0xef, 0xeb, 0xe6, 0xe1, 0xdc, 0xd6, 0xd0, 0xca, 0xc3, 0xbc, 0xb5, 0xad,
0xa6, 0x9e, 0x96, 0x8f, 0x87, 0x7e, 0x76, 0x6e, 0x66, 0x5e, 0x56, 0x4f, 0x48, 0x40, 0x3a, 0x33,
0x2d, 0x27, 0x21, 0x1c, 0x17, 0x13, 0xe, 0xb, 0x8, 0x5, 0x3, 0x1, 0x0, 0xff, 0xff, 0xff,
0x0, 0x1, 0x3, 0x5, 0x8, 0xb, 0xf, 0x13, 0x18, 0x1c, 0x22, 0x27, 0x2d, 0x34, 0x3a, 0x41,
0x48, 0x50, 0x57, 0x5f, 0x67, 0x6f, 0x77, 0x80, 0x87, 0x8f, 0x97, 0x9f, 0xa7, 0xae, 0xb6, 0xbd,
0xc4, 0xca, 0xd1, 0xd7, 0xdc, 0xe2, 0xe6, 0xeb, 0xef, 0xf3, 0xf6, 0xf9, 0xfb, 0xfd, 0xfe, 0xff,
0xff, 0xff, 0xfe, 0xfd, 0xfb, 0xf9, 0xf6, 0xf3, 0xf0, 0xeb, 0xe7, 0xe2, 0xdd, 0xd7, 0xd1, 0xcb,
0xc4, 0xbe, 0xb7, 0xaf, 0xa8, 0xa0, 0x98, 0x90, 0x88, 0x80, 0x77, 0x6f, 0x68, 0x60, 0x58, 0x51,
0x49, 0x42, 0x3b, 0x34, 0x2e, 0x28, 0x22, 0x1d, 0x18, 0x13, 0xf, 0xc, 0x8, 0x6, 0x3, 0x2,
0x0, 0xff, 0xff, 0xff, 0x0, 0x1, 0x3, 0x5, 0x7, 0xb, 0xe, 0x12, 0x16, 0x1b, 0x20, 0x26,
0x2c, 0x32, 0x39, 0x40, 0x47, 0x4e, 0x55, 0x5d, 0x65, 0x6d, 0x75, 0x7d, 0x86, 0x8e, 0x96, 0x9d,
0xa5, 0xad, 0xb4, 0xbb, 0xc2, 0xc9, 0xcf, 0xd5, 0xdb, 0xe0, 0xe5, 0xea, 0xee, 0xf2, 0xf5, 0xf8,
0xfa, 0xfc, 0xfe, 0xff, 0xff, 0xff, 0xfe, 0xfd, 0xfc, 0xf9, 0xf7, 0xf4, 0xf0, 0xec, 0xe8, 0xe3,
0xde, 0xd9, 0xd3, 0xcc, 0xc6, 0xbf, 0xb8, 0xb1, 0xa9, 0xa2, 0x9a, 0x92, 0x8a, 0x82, 0x79, 0x71,
0x69, 0x62, 0x5a, 0x52, 0x4b, 0x44, 0x3d, 0x36, 0x30, 0x29, 0x24, 0x1e, 0x19, 0x14, 0x10, 0xc,
0x9, 0x6, 0x4, 0x2, 0x0, 0xff, 0xff, 0xff, 0x0, 0x1, 0x2, 0x4, 0x7, 0xa, 0xd, 0x11,
0x15, 0x1a, 0x1f, 0x25, 0x2b, 0x31, 0x37, 0x3e, 0x45, 0x4c, 0x54, 0x5b, 0x63, 0x6b, 0x73, 0x7b,
0x84, 0x8c, 0x94, 0x9c, 0xa3, 0xab, 0xb2, 0xba, 0xc1, 0xc7, 0xce, 0xd4, 0xda, 0xdf, 0xe4, 0xe9,
0xed, 0xf1, 0xf5, 0xf7, 0xfa, 0xfc, 0xfd, 0xfe, 0xff, 0xff, 0xfe, 0xfd, 0xfc, 0xfa, 0xf8, 0xf5,
0xf1, 0xed, 0xe9, 0xe4, 0xdf, 0xda, 0xd4, 0xce, 0xc7, 0xc1, 0xba, 0xb3, 0xab, 0xa4, 0x9c, 0x94,
0x8c, 0x84, 0x7b, 0x73, 0x6b, 0x63, 0x5c, 0x54, 0x4c, 0x45, 0x3e, 0x37, 0x31, 0x2b, 0x25, 0x1f,
0x1a, 0x16, 0x11, 0xd, 0xa, 0x7, 0x4, 0x2, 0x1, 0x0, 0xff, 0xff, 0xff, 0x0, 0x2, 0x4,
0x6, 0x9, 0xc, 0x10, 0x14, 0x19, 0x1e, 0x23, 0x29, 0x2f, 0x36, 0x3c, 0x43, 0x4b, 0x52, 0x5a,
0x61, 0x69, 0x71, 0x79, 0x82, 0x8a, 0x92, 0x9a, 0xa2, 0xa9, 0xb1, 0xb8, 0xbf, 0xc6, 0xcc, 0xd3,
0xd8, 0xde, 0xe3, 0xe8, 0xec, 0xf0, 0xf4, 0xf7, 0xf9, 0xfc, 0xfd, 0xfe, 0xff, 0xff, 0xff, 0xfe,
0xfc, 0xfa, 0xf8, 0xf5, 0xf2, 0xee, 0xea, 0xe6, 0xe1, 0xdb, 0xd5, 0xcf, 0xc9, 0xc2, 0xbb, 0xb4,
0xad, 0xa5, 0x9e, 0x96, 0x8e, 0x86, 0x7d, 0x75, 0x6d, 0x65, 0x5d, 0x56, 0x4e, 0x47, 0x40, 0x39,
0x32, 0x2c, 0x26, 0x21, 0x1b, 0x17, 0x12, 0xe, 0xb, 0x7, 0x5, 0x3, 0x1, 0x0, 0xff, 0xff,
0xff, 0x0, 0x1, 0x3, 0x6, 0x8, 0xc, 0xf, 0x13, 0x18, 0x1d, 0x22, 0x28, 0x2e, 0x34, 0x3b,
0x42, 0x49, 0x50, 0x58, 0x60, 0x67, 0x6f, 0x77, 0x80, 0x88, 0x90, 0x98, 0xa0, 0xa7, 0xaf, 0xb6,
0xbd, 0xc4, 0xcb, 0xd1, 0xd7, 0xdd, 0xe2, 0xe7, 0xeb, 0xef, 0xf3, 0xf6, 0xf9, 0xfb, 0xfd, 0xfe,
0xff, 0xff, 0xff, 0xfe, 0xfd, 0xfb, 0xf9, 0xf6, 0xf3, 0xef, 0xeb, 0xe7, 0xe2, 0xdc, 0xd7, 0xd1,
0xca, 0xc4, 0xbd, 0xb6, 0xaf, 0xa7, 0x9f, 0x98, 0x90, 0x88, 0x80, 0x77, 0x6f, 0x67, 0x5f, 0x57,
0x50, 0x48, 0x41, 0x3a, 0x34, 0x2e, 0x28, 0x22, 0x1d, 0x18, 0x13, 0xf, 0xb, 0x8, 0x5, 0x3,
0x1, 0x0, 0xff, 0xff, 0xff, 0x0, 0x1, 0x3, 0x5, 0x8, 0xb, 0xe, 0x12, 0x17, 0x1c, 0x21,
0x27, 0x2d, 0x33, 0x39, 0x40, 0x47, 0x4f, 0x56, 0x5e, 0x66, 0x6d, 0x75, 0x7d, 0x86, 0x8e, 0x96,
0x9e, 0xa6, 0xad, 0xb5, 0xbc, 0xc3, 0xc9, 0xd0, 0xd6, 0xdc, 0xe1, 0xe6, 0xea, 0xef, 0xf2, 0xf6,
0xf8, 0xfb, 0xfc, 0xfe, 0xff, 0xff, 0xff, 0xfe, 0xfd, 0xfb, 0xf9, 0xf7, 0xf4, 0xf0, 0xec, 0xe8,
0xe3, 0xde, 0xd8, 0xd2, 0xcc, 0xc5, 0xbf, 0xb7, 0xb0, 0xa9, 0xa1, 0x99, 0x91, 0x89, 0x82, 0x79,
0x71, 0x69, 0x61, 0x59, 0x52, 0x4a, 0x43, 0x3c, 0x35, 0x2f, 0x29, 0x23, 0x1e, 0x19, 0x14, 0x10,
0xc, 0x9, 0x6, 0x4, 0x2, 0x0, 0xff, 0xff, 0xff, 0x0, 0x1, 0x2, 0x4, 0x7, 0xa, 0xe,
0x11, 0x16, 0x1b, 0x20, 0x25, 0x2b, 0x31, 0x38, 0x3f, 0x46, 0x4d, 0x54, 0x5c, 0x64, 0x6c, 0x74,
0x7c, 0x85, 0x8d, 0x94, 0x9c, 0xa4, 0xac, 0xb3, 0xba, 0xc1, 0xc8, 0xce, 0xd4, 0xda, 0xe0, 0xe5,
0xe9, 0xee, 0xf1, 0xf5, 0xf8, 0xfa, 0xfc, 0xfe, 0xff, 0xff, 0xff, 0xfe, 0xfd, 0xfc, 0xfa, 0xf7,
0xf4, 0xf1, 0xed, 0xe9, 0xe4, 0xdf, 0xd9, 0xd4, 0xcd, 0xc7, 0xc0, 0xb9, 0xb2, 0xaa, 0xa3, 0x9b,
0x93, 0x8b, 0x83, 0x7a, 0x72, 0x6a, 0x63, 0x5b, 0x53, 0x4c, 0x45, 0x3e, 0x37, 0x30, 0x2a, 0x24,
0x1f, 0x1a, 0x15, 0x11, 0xd, 0xa, 0x7, 0x4, 0x2, 0x1, 0x0, 0xff, 0xff, 0x0, 0x1, 0x2,
0x4, 0x6, 0x9, 0xd, 0x11, 0x15, 0x19, 0x1f, 0x24, 0x2a, 0x30, 0x36, 0x3d, 0x44, 0x4b, 0x53,
0x5a, 0x62, 0x6a, 0x72, 0x7a, 0x83, 0x8b, 0x93, 0x9b, 0xa2, 0xaa, 0xb1, 0xb9, 0xc0, 0xc6, 0xcd,
0xd3, 0xd9, 0xde, 0xe4, 0xe8, 0xed, 0xf1, 0xf4, 0xf7, 0xfa, 0xfc, 0xfd, 0xfe, 0xff, 0xff, 0xff,
0xfe, 0xfc, 0xfa, 0xf8, 0xf5, 0xf2, 0xee, 0xea, 0xe5, 0xe0, 0xdb, 0xd5, 0xcf, 0xc8, 0xc2, 0xbb,
0xb4, 0xac, 0xa5, 0x9d, 0x95, 0x8d, 0x85, 0x7c, 0x74, 0x6c, 0x64, 0x5d, 0x55, 0x4d, 0x46, 0x3f,
0x38, 0x32, 0x2c, 0x26, 0x20, 0x1b, 0x16, 0x12, 0xe, 0xa, 0x7, 0x5, 0x3, 0x1, 0x0, 0xff,
0xff, 0xff, 0x0, 0x2, 0x3, 0x6, 0x9, 0xc, 0x10, 0x14, 0x18, 0x1d, 0x23, 0x28, 0x2f, 0x35,
0x3c, 0x42, 0x4a, 0x51, 0x59, 0x60, 0x68, 0x70, 0x78, 0x81, 0x89, 0x91, 0x99, 0xa1, 0xa8, 0xb0,
0xb7, 0xbe, 0xc5, 0xcb, 0xd2, 0xd8, 0xdd, 0xe3, 0xe7, 0xec, 0xf0, 0xf3, 0xf6, 0xf9, 0xfb, 0xfd,
0xfe, 0xff, 0xff, 0xff, 0xfe, 0xfd, 0xfb, 0xf8, 0xf6, 0xf3, 0xef, 0xeb, 0xe6, 0xe1, 0xdc, 0xd6,
0xd0, 0xca, 0xc3, 0xbc, 0xb5, 0xae, 0xa6, 0x9f, 0x97, 0x8f, 0x87, 0x7e, 0x76, 0x6e, 0x66, 0x5e,
0x57, 0x4f, 0x48, 0x41, 0x3a, 0x33, 0x2d, 0x27, 0x21, 0x1c, 0x17, 0x13, 0xf, 0xb, 0x8, 0x5,
0x3, 0x1, 0x0, 0xff, 0xff, 0xff, 0x0, 0x1, 0x3, 0x5, 0x8, 0xb, 0xf, 0x13, 0x17, 0x1c,
0x21, 0x27, 0x2d, 0x33, 0x3a, 0x41, 0x48, 0x4f, 0x57, 0x5f, 0x66, 0x6e, 0x76, 0x7e, 0x87, 0x8f,
0x97, 0x9f, 0xa6, 0xae, 0xb5, 0xbc, 0xc3, 0xca, 0xd0, 0xd6, 0xdc, 0xe1, 0xe6, 0xeb, 0xef, 0xf3,
0xf6, 0xf9, 0xfb, 0xfd, 0xfe, 0xff, 0xff, 0xff, 0xfe, 0xfd, 0xfb, 0xf9, 0xf6, 0xf3, 0xf0, 0xec,
0xe7, 0xe2, 0xdd, 0xd8, 0xd2, 0xcb, 0xc5, 0xbe, 0xb7, 0xb0, 0xa8, 0xa0, 0x99, 0x91, 0x89, 0x81,
0x78, 0x70, 0x68, 0x60, 0x58, 0x51, 0x49, 0x42, 0x3b, 0x35, 0x2e, 0x28, 0x23, 0x1d, 0x18, 0x14,
0x10, 0xc, 0x9, 0x6, 0x3, 0x2, 0x0, 0xff, 0xff, 0xff, 0x0, 0x1, 0x3, 0x5, 0x7, 0xa,
0xe, 0x12, 0x16, 0x1b, 0x20, 0x26, 0x2c, 0x32, 0x38, 0x3f, 0x46, 0x4e, 0x55, 0x5d, 0x65, 0x6c,
0x74, 0x7c, 0x85, 0x8d, 0x95, 0x9d, 0xa5, 0xac, 0xb4, 0xbb, 0xc2, 0xc9, 0xcf, 0xd5, 0xdb, 0xe0,
0xe5, 0xea, 0xee, 0xf2, 0xf5, 0xf8, 0xfa, 0xfc, 0xfe, 0xff, 0xff, 0xff, 0xfe, 0xfd, 0xfc, 0xfa,
0xf7, 0xf4, 0xf1, 0xed, 0xe8, 0xe4, 0xde, 0xd9, 0xd3, 0xcd, 0xc6, 0xbf, 0xb8, 0xb1, 0xaa, 0xa2,
0x9a, 0x93, 0x8b, 0x83, 0x7a, 0x72, 0x6a, 0x62, 0x5a, 0x53, 0x4b, 0x44, 0x3d, 0x36, 0x30, 0x2a,
0x24, 0x1e, 0x19, 0x15, 0x10, 0xd, 0x9, 0x6, 0x4, 0x2, 0x0, 0x0, 0xff, 0xff, 0x0, 0x1,
0x2, 0x4, 0x7, 0xa, 0xd, 0x11, 0x15, 0x1a, 0x1f, 0x25, 0x2a, 0x31, 0x37, 0x3e, 0x45, 0x4c,
0x53, 0x5b, 0x63, 0x6b, 0x73, 0x7b, 0x83, 0x8b, 0x93, 0x9b, 0xa3, 0xab, 0xb2, 0xb9, 0xc0, 0xc7,
0xce, 0xd4, 0xd9, 0xdf, 0xe4, 0xe9, 0xed, 0xf1, 0xf4, 0xf7, 0xfa, 0xfc, 0xfd, 0xfe, 0xff, 0xff,
0xfe, 0xfe, 0xfc, 0xfa, 0xf8, 0xf5, 0xf1, 0xee, 0xe9, 0xe5, 0xe0, 0xda, 0xd4, 0xce, 0xc8, 0xc1,
0xba, 0xb3, 0xab, 0xa4, 0x9c, 0x94, 0x8c, 0x84, 0x7b, 0x73, 0x6b, 0x64, 0x5c, 0x54, 0x4d, 0x46,
0x3f, 0x38, 0x31, 0x2b, 0x25, 0x20, 0x1a, 0x16, 0x11, 0xd, 0xa, 0x7, 0x4, 0x2, 0x1, 0x0,
0xff, 0xff, 0xff, 0x0, 0x2, 0x4, 0x6, 0x9, 0xc, 0x10, 0x14, 0x19, 0x1e, 0x23, 0x29, 0x2f,
0x35, 0x3c, 0x43, 0x4a, 0x52, 0x59, 0x61, 0x69, 0x71, 0x79, 0x82, 0x8a, 0x92, 0x99, 0xa1, 0xa9,
0xb0, 0xb8, 0xbf, 0xc6, 0xcc, 0xd2, 0xd8, 0xde, 0xe3, 0xe8, 0xec, 0xf0, 0xf4, 0xf7, 0xf9, 0xfb,
0xfd, 0xfe, 0xff, 0xff, 0xff, 0xfe, 0xfc, 0xfb, 0xf8, 0xf5, 0xf2, 0xee, 0xea, 0xe6, 0xe1, 0xdb,
0xd6, 0xd0, 0xc9, 0xc3, 0xbc, 0xb5, 0xad, 0xa6, 0x9e, 0x96, 0x8e, 0x86, 0x7d, 0x75, 0x6d, 0x65,
0x5e, 0x56, 0x4e, 0x47, 0x40, 0x39, 0x33, 0x2c, 0x26, 0x21, 0x1c, 0x17, 0x12, 0xe, 0xb, 0x8,
0x5, 0x3, 0x1, 0x0, 0xff, 0xff, 0xff, 0x0, 0x1, 0x3, 0x5, 0x8, 0xb, 0xf, 0x13, 0x18,
0x1d, 0x22, 0x28, 0x2e, 0x34, 0x3b, 0x42, 0x49, 0x50, 0x58, 0x5f, 0x67, 0x6f, 0x77, 0x80, 0x88,
0x90, 0x98, 0x9f, 0xa7, 0xaf, 0xb6, 0xbd, 0xc4, 0xcb, 0xd1, 0xd7, 0xdd, 0xe2, 0xe7, 0xeb, 0xef,
0xf3, 0xf6, 0xf9, 0xfb, 0xfd, 0xfe, 0xff, 0xff, 0xff, 0xfe, 0xfd, 0xfb, 0xf9, 0xf6, 0xf3, 0xef,
0xeb, 0xe7, 0xe2, 0xdd, 0xd7, 0xd1, 0xcb, 0xc4, 0xbd, 0xb6, 0xaf, 0xa7, 0xa0, 0x98, 0x90, 0x88,
0x80, 0x77, 0x6f, 0x67, 0x5f, 0x58, 0x50, 0x49, 0x42, 0x3b, 0x34, 0x2e, 0x28, 0x22, 0x1d, 0x18,
0x13, 0xf, 0xc, 0x8, 0x6, 0x3, 0x1, 0x0, 0xff, 0xff, 0xff, 0x0, 0x1, 0x3, 0x5, 0x8,
0xb, 0xe, 0x12, 0x17, 0x1c, 0x21, 0x26, 0x2c, 0x33, 0x39, 0x40, 0x47, 0x4e, 0x56, 0x5d, 0x65,
0x6d, 0x75, 0x7d, 0x86, 0x8e, 0x96, 0x9e, 0xa5, 0xad, 0xb4, 0xbc, 0xc2, 0xc9, 0xd0, 0xd6, 0xdb,
0xe1, 0xe6, 0xea, 0xee, 0xf2, 0xf5, 0xf8, 0xfb, 0xfc, 0xfe, 0xff, 0xff, 0xff, 0xfe, 0xfd, 0xfb,
0xf9, 0xf7, 0xf4, 0xf0, 0xec, 0xe8, 0xe3, 0xde, 0xd8, 0xd2, 0xcc, 0xc6, 0xbf, 0xb8, 0xb1, 0xa9,
0xa1, 0x9a, 0x92, 0x8a, 0x82, 0x79, 0x71, 0x69, 0x61, 0x59, 0x52, 0x4a, 0x43, 0x3c, 0x36, 0x2f,
0x29, 0x23, 0x1e, 0x19, 0x14, 0x10, 0xc, 0x9, 0x6, 0x4, 0x2, 0x0, 0xff, 0xff, 0xff, 0x0,
0x1, 0x2, 0x4, 0x7, 0xa, 0xd, 0x11, 0x16, 0x1a, 0x1f, 0x25, 0x2b, 0x31, 0x38, 0x3e, 0x45,
0x4d, 0x54, 0x5c, 0x63, 0x6b, 0x73, 0x7b, 0x84, 0x8c, 0x94, 0x9c, 0xa4, 0xab, 0xb3, 0xba, 0xc1,
0xc8, 0xce, 0xd4, 0xda, 0xdf, 0xe5, 0xe9, 0xed, 0xf1, 0xf5, 0xf8, 0xfa, 0xfc, 0xfd, 0xfe, 0xff,
0xff, 0xfe, 0xfd, 0xfc, 0xfa, 0xf7, 0xf4, 0xf1, 0xed, 0xe9, 0xe4, 0xdf, 0xda, 0xd4, 0xce, 0xc7,
0xc0, 0xb9, 0xb2, 0xab, 0xa3, 0x9b, 0x94, 0x8c, 0x84, 0x7b, 0x73, 0x6b, 0x63, 0x5b, 0x54, 0x4c,
0x45, 0x3e, 0x37, 0x31, 0x2a, 0x25, 0x1f, 0x1a, 0x15, 0x11, 0xd, 0xa, 0x7, 0x4, 0x2, 0x1,
0x0, 0xff, 0xff, 0x0, 0x0, 0x2, 0x4, 0x6, 0x9, 0xd, 0x10, 0x15, 0x19, 0x1e, 0x24, 0x2a,
0x30, 0x36, 0x3d, 0x44, 0x4b, 0x52, 0x5a, 0x62, 0x6a, 0x71, 0x79, 0x82, 0x8a, 0x92, 0x9a, 0xa2,
0xaa, 0xb1, 0xb8, 0xbf, 0xc6, 0xcd, 0xd3, 0xd9, 0xde, 0xe3, 0xe8, 0xed, 0xf0, 0xf4, 0xf7, 0xfa,
0xfc, 0xfd, 0xfe, 0xff, 0xff, 0xff, 0xfe, 0xfc, 0xfa, 0xf8, 0xf5, 0xf2, 0xee, 0xea, 0xe5, 0xe0,
0xdb, 0xd5, 0xcf, 0xc9, 0xc2, 0xbb, 0xb4, 0xac, 0xa5, 0x9d, 0x95, 0x8d, 0x86, 0x7d, 0x75, 0x6d,
0x65, 0x5d, 0x55, 0x4e, 0x47, 0x3f, 0x39, 0x32, 0x2c, 0x26, 0x20, 0x1b, 0x16, 0x12, 0xe, 0xa,
0x7, 0x5, 0x3, 0x1, 0x0, 0xff, 0xff, 0xff, 0x0, 0x2, 0x3, 0x6, 0x8, 0xc, 0xf, 0x14,
0x18, 0x1d, 0x22, 0x28, 0x2e, 0x35, 0x3b, 0x42, 0x49, 0x51, 0x58, 0x60, 0x68, 0x70, 0x78, 0x81,
0x89, 0x91, 0x98, 0xa0, 0xa8, 0xaf, 0xb7, 0xbe, 0xc5, 0xcb, 0xd1, 0xd7, 0xdd, 0xe2, 0xe7, 0xec,
0xf0, 0xf3, 0xf6, 0xf9, 0xfb, 0xfd, 0xfe, 0xff, 0xff, 0xff, 0xfe, 0xfd, 0xfb, 0xf9, 0xf6, 0xf3,
0xef, 0xeb, 0xe6, 0xe1, 0xdc, 0xd7, 0xd0, 0xca, 0xc4, 0xbd, 0xb6, 0xae, 0xa7, 0x9f, 0x97, 0x8f,
0x87, 0x7e, 0x76, 0x6e, 0x66, 0x5f, 0x57, 0x50, 0x48, 0x41, 0x3a, 0x34, 0x2d, 0x27, 0x22, 0x1c,
0x17, 0x13, 0xf, 0xb, 0x8, 0x5, 0x3, 0x1, 0x0, 0xff, 0xff, 0xff, 0x0, 0x1, 0x3, 0x5,
0x8, 0xb, 0xf, 0x13, 0x17, 0x1c, 0x21, 0x27, 0x2d, 0x33, 0x3a, 0x41, 0x48, 0x4f, 0x57, 0x5e,
0x66, 0x6e, 0x76, 0x7e, 0x87, 0x8f, 0x97, 0x9e, 0xa6, 0xae, 0xb5, 0xbc, 0xc3, 0xca, 0xd0, 0xd6,
0xdc, 0xe1, 0xe6, 0xeb, 0xef, 0xf2, 0xf6, 0xf8, 0xfb, 0xfd, 0xfe, 0xff, 0xff, 0xff, 0xfe, 0xfd,
0xfb, 0xf9, 0xf7, 0xf3, 0xf0, 0xec, 0xe7, 0xe3, 0xdd, 0xd8, 0xd2, 0xcc, 0xc5, 0xbe, 0xb7, 0xb0,
0xa8, 0xa1, 0x99, 0x91, 0x89, 0x81, 0x78, 0x70, 0x68, 0x60, 0x59, 0x51, 0x4a, 0x43, 0x3c, 0x35,
0x2f, 0x29, 0x23, 0x1d, 0x19, 0x14, 0x10, 0xc, 0x9, 0x6, 0x4, 0x2, 0x0, 0xff, 0xff, 0xff,
0x0, 0x1, 0x2, 0x5, 0x7, 0xa, 0xe, 0x12, 0x16, 0x1b, 0x20, 0x26, 0x2b, 0x32, 0x38, 0x3f,
0x46, 0x4d, 0x55, 0x5c, 0x64, 0x6c, 0x74, 0x7c, 0x85, 0x8d, 0x95, 0x9d, 0xa4, 0xac, 0xb3, 0xbb,
0xc2, 0xc8, 0xcf, 0xd5, 0xdb, 0xe0, 0xe5, 0xea, 0xee, 0xf2, 0xf5, 0xf8, 0xfa, 0xfc, 0xfe, 0xff,
0xff, 0xff, 0xfe, 0xfd, 0xfc, 0xfa, 0xf7, 0xf4, 0xf1, 0xed, 0xe8, 0xe4, 0xdf, 0xd9, 0xd3, 0xcd,
0xc7, 0xc0, 0xb9, 0xb2, 0xaa, 0xa2, 0x9b, 0x93, 0x8b, 0x83, 0x7a, 0x72, 0x6a, 0x62, 0x5a, 0x53,
0x4b, 0x44, 0x3d, 0x37, 0x30, 0x2a, 0x24, 0x1f, 0x1a, 0x15, 0x11, 0xd, 0x9, 0x6, 0x4, 0x2,
0x1, 0x0, 0xff, 0xff, 0x0, 0x1, 0x2, 0x4, 0x7, 0x9, 0xd, 0x11, 0x15, 0x1a, 0x1f, 0x24,
0x2a, 0x30, 0x37, 0x3d, 0x44, 0x4c, 0x53, 0x5b, 0x62, 0x6a, 0x72, 0x7a, 0x83, 0x8b, 0x93, 0x9b,
0xa3, 0xaa, 0xb2, 0xb9, 0xc0, 0xc7, 0xcd, 0xd3, 0xd9, 0xdf, 0xe4, 0xe9, 0xed, 0xf1, 0xf4, 0xf7,
0xfa, 0xfc, 0xfd, 0xfe, 0xff, 0xff, 0xff, 0xfe, 0xfc, 0xfa, 0xf8, 0xf5, 0xf2, 0xee, 0xea, 0xe5,
0xe0, 0xda, 0xd5, 0xce, 0xc8, 0xc1, 0xba, 0xb3, 0xac, 0xa4, 0x9c, 0x95, 0x8d, 0x85, 0x7c, 0x74,
0x6c, 0x64, 0x5c, 0x55, 0x4d, 0x46, 0x3f, 0x38, 0x32, 0x2b, 0x25, 0x20, 0x1b, 0x16, 0x12, 0xe,
0xa, 0x7, 0x5, 0x2, 0x1, 0x0, 0xff, 0xff, 0xff, 0x0, 0x2, 0x4, 0x6, 0x9, 0xc, 0x10,
0x14, 0x19, 0x1e, 0x23, 0x29, 0x2f, 0x35, 0x3c, 0x43, 0x4a, 0x51, 0x59, 0x61, 0x68, 0x70, 0x78,
0x81, 0x89, 0x91, 0x99, 0xa1, 0xa9, 0xb0, 0xb7, 0xbe, 0xc5, 0xcc, 0xd2, 0xd8, 0xde, 0xe3, 0xe8,
0xec, 0xf0, 0xf3, 0xf7, 0xf9, 0xfb, 0xfd, 0xfe, 0xff, 0xff, 0xff, 0xfe, 0xfd, 0xfb, 0xf8, 0xf6,
0xf2, 0xef, 0xeb, 0xe6, 0xe1, 0xdc, 0xd6, 0xd0, 0xca, 0xc3, 0xbc, 0xb5, 0xad, 0xa6, 0x9e, 0x96,
0x8f, 0x87, 0x7e, 0x76, 0x6e, 0x66, 0x5e, 0x56, 0x4f, 0x48, 0x40, 0x3a, 0x33, 0x2d, 0x27, 0x21,
0x1c, 0x17, 0x13, 0xe, 0xb, 0x8, 0x5, 0x3, 0x1, 0x0, 0xff, 0xff, 0xff, 0x0, 0x1, 0x3,
0x5, 0x8, 0xb, 0xf, 0x13, 0x18, 0x1c, 0x22, 0x27, 0x2d, 0x34, 0x3a, 0x41, 0x48, 0x50, 0x57,
0x5f, 0x67, 0x6f, 0x77
};



//-----------------------------------------------------------------------------
// Types Definitions
//-----------------------------------------------------------------------------

//-----------------------------------------------------------------------------
// Exported Global Data
//-----------------------------------------------------------------------------

//-----------------------------------------------------------------------------
// Inline Code Definition
//-----------------------------------------------------------------------------

//-----------------------------------------------------------------------------
// Exported Functions Prototypes
//-----------------------------------------------------------------------------

#endif // AUDIO_FILE_H_
